Municipio,Producto,Mes de siembra,Rendimiento
Aratoca,Yuca,Febrero,1.22
Aratoca,Maiz Blanco,Junio,0.35
Aratoca,Yuca,Septiembre,1.32
Aratoca,Yuca,Marzo,1.23
Aratoca,Maiz Amarillo,Mayo,0.34
Aratoca,Frijol,Mayo,0.01
Aratoca,Frijol,Mayo,0.01
Aratoca,Papaya,Agosto,2.79
Aratoca,Papaya,Agosto,2.79
Aratoca,Papaya,Julio,2.79
Aratoca,Papaya,Julio,2.79
Aratoca,Papaya,Julio,2.79
Aratoca,Papaya,Julio,2.79
Aratoca,Papaya,Julio,2.79
Aratoca,Papaya,Julio,2.79
Aratoca,Papaya,Julio,2.79
Aratoca,Papaya,Julio,2.79
Aratoca,Papaya,Julio,2.79
Aratoca,Yuca,Marzo,1.34
Aratoca,Yuca,Marzo,1.51
Aratoca,Maracuya,Octubre,0.33
Aratoca,Yuca,Febrero,1.37
Aratoca,Yuca,Marzo,1.43
Aratoca,Yuca,Febrero,1.28
Aratoca,Platano,Junio,0.62
Aratoca,Cana panelera,Junio,0.5
Aratoca,Mora Andina,Agosto,0.2
Aratoca,Cebolla cabezona,Septiembre,1.3
Aratoca,Platano,Julio,0.62
Aratoca,Platano,Julio,0.62
Aratoca,Yuca,Febrero,1.37
Aratoca,Maiz Blanco,Noviembre,0.35
Aratoca,Yuca,Febrero,1.35
Aratoca,Frijol,Mayo,0.01
Aratoca,Cana panelera,Julio,0.5
Aratoca,Yuca,Septiembre,1.3
Aratoca,Yuca,Septiembre,1.41
Aratoca,Platano,Junio,0.62
Aratoca,Cebolla cabezona,Septiembre,1.31
Aratoca,Yuca,Febrero,1.33
Aratoca,Yuca,Febrero,1.4
Aratoca,Platano,Mayo,0.62
Aratoca,Platano,Julio,0.62
Aratoca,Yuca,Marzo,1.23
Aratoca,Yuca,Marzo,1.39
Aratoca,Maiz Amarillo,Mayo,0.28
Aratoca,Maiz Amarillo,Diciembre,0.34
Aratoca,Platano,Mayo,0.62
Aratoca,Yuca,Septiembre,1.28
Aratoca,Curuba,Octubre,0.12
Aratoca,Curuba,Agosto,0.12
Aratoca,Curuba,Octubre,0.12
Aratoca,Cana panelera,Junio,0.69
Aratoca,Cana panelera,Mayo,0.5
Aratoca,Cana panelera,Junio,0.5
Aratoca,Maiz Amarillo,Octubre,0.34
Aratoca,Yuca,Julio,1.42
Aratoca,Yuca,Noviembre,1.43
Aratoca,Maiz Amarillo,Diciembre,0.31
Aratoca,Maiz Amarillo,Diciembre,0.33
Aratoca,Curuba,Agosto,0.12
Aratoca,Curuba,Agosto,0.12
Aratoca,Curuba,Agosto,0.12
Aratoca,Curuba,Agosto,0.12
Aratoca,Curuba,Agosto,0.12
Aratoca,Curuba,Agosto,0.12
Aratoca,Curuba,Agosto,0.12
Aratoca,Maracuya,Agosto,0.33
Aratoca,Maracuya,Agosto,0.33
Aratoca,Curuba,Agosto,0.12
Aratoca,Platano,Junio,0.62
Aratoca,Maiz Amarillo,Mayo,0.32
Aratoca,Yuca,Marzo,1.48
Aratoca,Ahuyama,Septiembre,1.99
Aratoca,Papaya,Junio,2.79
Aratoca,Maracuya,Agosto,0.33
Aratoca,Platano,Junio,0.62
Aratoca,Yuca,Marzo,1.28
Aratoca,Yuca,Marzo,1.28
Aratoca,Yuca,Marzo,1.37
Aratoca,Yuca,Marzo,1.35
Aratoca,Yuca,Marzo,1.33
Aratoca,Platano,Junio,0.62
Aratoca,Platano,Junio,0.62
Aratoca,Yuca,Septiembre,1.24
Aratoca,Yuca,Marzo,1.28
Aratoca,Banano,Julio,0.4
Aratoca,Yuca,Marzo,1.4
Aratoca,Yuca,Marzo,1.34
Aratoca,Yuca,Marzo,1.33
Aratoca,Banano,Junio,0.4
Aratoca,Banano,Junio,0.4
Aratoca,Pina,Agosto,2.29
Aratoca,Yuca,Septiembre,1.4
Aratoca,Platano,Junio,0.62
Aratoca,Yuca,Marzo,1.37
Aratoca,Pina,Agosto,2.29
Aratoca,Platano,Julio,0.62
Aratoca,Pina,Agosto,2.29
Aratoca,Platano,Mayo,0.62
Aratoca,Yuca,Febrero,1.21
Aratoca,Pina,Agosto,2.29
Aratoca,Tomate,Mayo,2.1
Aratoca,Yuca,Marzo,1.34
Aratoca,Yuca,Marzo,1.43
Aratoca,Yuca,Marzo,1.36
Aratoca,Yuca,Marzo,1.35
Aratoca,Platano,Junio,0.62
Aratoca,Pina,Agosto,2.29
Aratoca,Pina,Agosto,2.29
Aratoca,Platano,Junio,0.62
Aratoca,Maiz Amarillo,Diciembre,0.33
Aratoca,Platano,Julio,0.62
Aratoca,Platano,Junio,0.62
Aratoca,Platano,Junio,0.62
Aratoca,Platano,Junio,0.62
Aratoca,Yuca,Febrero,1.32
Aratoca,Yuca,Marzo,1.31
Aratoca,Yuca,Marzo,1.35
Aratoca,Yuca,Marzo,1.47
Aratoca,Yuca,Marzo,1.42
Aratoca,Yuca,Febrero,1.32
Aratoca,Soja (Soya),Septiembre,0.03
Aratoca,Soja (Soya),Septiembre,0.03
Aratoca,Soja (Soya),Septiembre,0.03
Aratoca,Soja (Soya),Septiembre,0.03
Aratoca,Soja (Soya),Septiembre,0.03
Aratoca,Soja (Soya),Septiembre,0.03
Aratoca,Yuca,Febrero,1.35
Aratoca,Yuca,Febrero,1.34
Aratoca,Soja (Soya),Septiembre,0.03
Aratoca,Yuca,Febrero,1.34
Aratoca,Soja (Soya),Septiembre,0.03
Aratoca,Yuca,Febrero,1.29
Aratoca,Platano,Mayo,0.62
Aratoca,Pina,Julio,2.29
Aratoca,Pina,Julio,2.29
Aratoca,Platano,Junio,0.62
Aratoca,Cana panelera,Julio,0.5
Aratoca,Platano,Julio,0.62
Aratoca,Yuca,Marzo,1.3
Aratoca,Yuca,Marzo,1.39
Aratoca,Yuca,Marzo,1.27
Aratoca,Yuca,Marzo,1.35
Aratoca,Yuca,Marzo,1.36
Aratoca,Yuca,Marzo,1.32
Aratoca,Yuca,Marzo,1.38
Aratoca,Yuca,Marzo,1.32
Aratoca,Yuca,Marzo,1.41
Aratoca,Yuca,Marzo,1.39
Aratoca,Platano,Mayo,0.62
Aratoca,Maiz Amarillo,Diciembre,0.34
Aratoca,Papaya,Junio,2.79
Aratoca,Papaya,Junio,2.79
Aratoca,Papaya,Junio,2.79
Aratoca,Papaya,Junio,2.79
Aratoca,Papaya,Junio,2.79
Aratoca,Papaya,Junio,2.79
Aratoca,Papaya,Junio,2.79
Aratoca,Papaya,Junio,2.79
Aratoca,Papaya,Junio,2.79
Aratoca,Papaya,Junio,2.79
Aratoca,Papaya,Junio,2.79
Aratoca,Papaya,Junio,2.79
Aratoca,Papaya,Junio,2.79
Aratoca,Papaya,Junio,2.79
Aratoca,Papaya,Junio,2.79
Aratoca,Papaya,Junio,2.79
Aratoca,Papaya,Junio,2.79
Aratoca,Papaya,Junio,2.79
Aratoca,Papaya,Junio,2.79
Aratoca,Papaya,Junio,2.79
Aratoca,Papaya,Junio,2.79
Aratoca,Papaya,Junio,2.79
Aratoca,Papaya,Junio,2.79
Aratoca,Papaya,Junio,2.79
Aratoca,Papaya,Junio,2.79
Aratoca,Maiz Amarillo,Diciembre,0.34
Aratoca,Soja (Soya),Septiembre,0.03
Aratoca,Soja (Soya),Septiembre,0.03
Aratoca,Soja (Soya),Septiembre,0.03
Aratoca,Soja (Soya),Septiembre,0.03
Aratoca,Soja (Soya),Septiembre,0.03
Aratoca,Soja (Soya),Septiembre,0.03
Aratoca,Soja (Soya),Septiembre,0.03
Aratoca,Soja (Soya),Septiembre,0.03
Aratoca,Soja (Soya),Septiembre,0.03
Aratoca,Soja (Soya),Septiembre,0.03
Aratoca,Soja (Soya),Septiembre,0.03
Aratoca,Soja (Soya),Septiembre,0.03
Aratoca,Platano,Junio,0.62
Aratoca,Yuca,Marzo,1.26
Aratoca,Yuca,Marzo,1.43
Aratoca,Yuca,Marzo,1.33
Aratoca,Yuca,Marzo,1.34
Aratoca,Maiz Amarillo,Diciembre,0.33
Aratoca,Maiz Amarillo,Diciembre,0.33
Aratoca,Maiz Amarillo,Mayo,0.31
Aratoca,Yuca,Marzo,1.32
Aratoca,Yuca,Marzo,1.35
Aratoca,Yuca,Marzo,1.31
Aratoca,Yuca,Marzo,1.33
Aratoca,Papaya,Julio,2.79
Aratoca,Papaya,Julio,2.79
Aratoca,Papaya,Julio,2.79
Aratoca,Papaya,Julio,2.79
Aratoca,Papaya,Julio,2.79
Aratoca,Papaya,Julio,2.79
Aratoca,Papaya,Julio,2.79
Aratoca,Maiz Amarillo,Mayo,0.34
Aratoca,Maiz Amarillo,Mayo,0.3
Aratoca,Maiz Amarillo,Mayo,0.3
Aratoca,Maiz Amarillo,Mayo,0.34
Aratoca,Maiz Blanco,Mayo,0.34
Aratoca,Maiz Blanco,Diciembre,0.32
Aratoca,Yuca,Septiembre,1.22
Aratoca,Platano,Junio,0.62
Aratoca,Platano,Mayo,0.62
Aratoca,Maracuya,Septiembre,0.33
Aratoca,Platano,Junio,0.62
Aratoca,Papaya,Junio,2.79
Aratoca,Papaya,Junio,2.79
Aratoca,Platano,Junio,0.62
Aratoca,Yuca,Febrero,1.46
Aratoca,Yuca,Febrero,1.33
Aratoca,Maiz Blanco,Mayo,0.34
Aratoca,Yuca,Marzo,1.38
Aratoca,Yuca,Marzo,1.32
Aratoca,Yuca,Marzo,1.33
Aratoca,Yuca,Marzo,1.32
Aratoca,Yuca,Marzo,1.21
Aratoca,Tomate,Mayo,2.1
Aratoca,Platano,Junio,0.62
Aratoca,Yuca,Marzo,1.35
Aratoca,Platano,Junio,0.62
Aratoca,Yuca,Marzo,1.29
Aratoca,Yuca,Marzo,1.38
Aratoca,Yuca,Marzo,1.31
Aratoca,Maiz Amarillo,Mayo,0.32
Aratoca,Yuca,Marzo,1.27
Aratoca,Yuca,Marzo,1.39
Aratoca,Platano,Junio,0.62
Aratoca,Curuba,Agosto,0.12
Aratoca,Maiz Amarillo,Mayo,0.31
Aratoca,Yuca,Marzo,1.56
Aratoca,Papaya,Junio,2.79
Aratoca,Yuca,Marzo,1.27
Aratoca,Cana panelera,Julio,0.5
Aratoca,Platano,Junio,0.62
Aratoca,Ajies y pimientos,Octubre,2.03
Aratoca,Tomate,Mayo,2.1
Aratoca,Tomate,Mayo,2.1
Aratoca,Tomate,Mayo,2.1
Aratoca,Tomate,Mayo,2.1
Aratoca,Tomate,Mayo,2.1
Aratoca,Tomate,Mayo,2.1
Aratoca,Tomate,Mayo,2.1
Aratoca,Tomate,Mayo,2.1
Aratoca,Tomate,Mayo,2.1
Aratoca,Tomate,Mayo,2.1
Aratoca,Yuca,Marzo,1.34
Aratoca,Yuca,Marzo,1.36
Aratoca,Platano,Mayo,0.62
Aratoca,Mora Andina,Agosto,0.2
Aratoca,Mora Andina,Agosto,0.2
Aratoca,Yuca,Marzo,1.3
Aratoca,Yuca,Marzo,1.44
Aratoca,Platano,Junio,0.62
Aratoca,Yuca,Febrero,1.23
Aratoca,Mora Andina,Agosto,0.2
Aratoca,Mora Andina,Agosto,0.2
Aratoca,Papaya,Junio,2.79
Aratoca,Mora Andina,Agosto,0.2
Aratoca,Mora Andina,Agosto,0.2
Aratoca,Platano,Junio,0.62
Aratoca,Mora Andina,Agosto,0.2
Aratoca,Mora Andina,Agosto,0.2
Aratoca,Mora Andina,Agosto,0.2
Aratoca,Mora Andina,Agosto,0.2
Aratoca,Mora Andina,Agosto,0.2
Aratoca,Mora Andina,Agosto,0.2
Aratoca,Mora Andina,Agosto,0.2
Aratoca,Mora Andina,Agosto,0.2
Aratoca,Mora Andina,Agosto,0.2
Aratoca,Platano,Junio,0.62
Aratoca,Yuca,Marzo,1.32
Aratoca,Mora Andina,Agosto,0.2
Aratoca,Platano,Junio,0.62
Aratoca,Maiz Amarillo,Mayo,0.32
Aratoca,Mora Andina,Agosto,0.2
Aratoca,Mora Andina,Agosto,0.2
Aratoca,Mora Andina,Agosto,0.2
Aratoca,Mora Andina,Agosto,0.2
Aratoca,Cana panelera,Mayo,0.5
Aratoca,Mora Andina,Agosto,0.2
Aratoca,Cana panelera,Junio,0.5
Aratoca,Mora Andina,Agosto,0.2
Aratoca,Cana panelera,Mayo,0.5
Aratoca,Mora Andina,Agosto,0.2
Aratoca,Mora Andina,Agosto,0.2
Aratoca,Mora Andina,Agosto,0.2
Aratoca,Mora Andina,Agosto,0.2
Aratoca,Mora Andina,Agosto,0.2
Aratoca,Mora Andina,Agosto,0.2
Aratoca,Mora Andina,Agosto,0.2
Aratoca,Cana panelera,Julio,0.5
Aratoca,Mora Andina,Agosto,0.2
Aratoca,Mora Andina,Agosto,0.2
Aratoca,Cana panelera,Junio,0.68
Aratoca,Cana panelera,Junio,0.5
Aratoca,Cana panelera,Junio,0.5
Aratoca,Cana panelera,Junio,0.5
Aratoca,Mora Andina,Agosto,0.2
Aratoca,Frijol,Mayo,0.01
Aratoca,Mora Andina,Agosto,0.2
Aratoca,Maiz Amarillo,Mayo,0.33
Aratoca,Mora Andina,Agosto,0.2
Aratoca,Mora Andina,Agosto,0.2
Aratoca,Mora Andina,Agosto,0.2
Aratoca,Mora Andina,Agosto,0.2
Aratoca,Platano,Mayo,0.62
Aratoca,Mora Andina,Agosto,0.2
Aratoca,Platano,Junio,0.62
Aratoca,Yuca,Febrero,1.35
Aratoca,Yuca,Septiembre,1.53
Aratoca,Tomate,Mayo,2.1
Aratoca,Yuca,Marzo,1.25
Aratoca,Yuca,Marzo,1.3
Aratoca,Banano,Junio,0.4
Aratoca,Frijol,Mayo,0.01
Aratoca,Platano,Junio,0.62
Aratoca,Pina,Agosto,2.29
Aratoca,Pina,Agosto,2.29
Aratoca,Pina,Agosto,2.29
Aratoca,Pina,Agosto,2.29
Aratoca,Pina,Agosto,2.29
Aratoca,Pina,Agosto,2.29
Aratoca,Pina,Agosto,2.29
Aratoca,Pina,Agosto,2.29
Aratoca,Pina,Agosto,2.29
Aratoca,Pina,Agosto,2.29
Aratoca,Pina,Agosto,2.29
Aratoca,Pina,Agosto,2.29
Aratoca,Tomate,Mayo,2.1
Aratoca,Tomate,Mayo,2.1
Aratoca,Tomate,Mayo,2.1
Aratoca,Tomate,Mayo,2.1
Aratoca,Tomate,Mayo,2.1
Aratoca,Tomate,Mayo,2.1
Aratoca,Tomate,Mayo,2.1
Aratoca,Yuca,Marzo,1.28
Aratoca,Yuca,Marzo,1.41
Barichara,Maiz Blanco,Mayo,0.34
Barichara,Pina,Septiembre,2.34
Barichara,Papaya,Julio,3.01
Barichara,Pina,Septiembre,2.34
Barichara,Frijol,Mayo,0.01
Barichara,Yuca,Marzo,1.44
Barichara,Yuca,Marzo,1.28
Barichara,Yuca,Febrero,1.32
Barichara,Maiz Amarillo,Mayo,0.32
Barichara,Frijol,Mayo,0.01
Barichara,Yuca,Marzo,1.34
Barichara,Pina,Agosto,2.34
Barichara,Pina,Agosto,2.34
Barichara,Pina,Agosto,2.34
Barichara,Pina,Agosto,2.34
Barichara,Pina,Agosto,2.34
Barichara,Pina,Septiembre,2.34
Barichara,Pina,Agosto,2.34
Barichara,Pina,Agosto,2.34
Barichara,Maiz Amarillo,Mayo,0.34
Barichara,Mijo,Febrero,0.02
Barichara,Maiz Amarillo,Mayo,0.33
Barichara,Papaya,Julio,3.01
Barichara,Yuca,Febrero,1.41
Barichara,Platano,Junio,0.62
Barichara,Pina,Septiembre,2.34
Barichara,Platano,Junio,0.62
Barichara,Pina,Agosto,2.34
Barichara,Maiz Amarillo,Mayo,0.31
Barichara,Maiz Amarillo,Mayo,0.31
Barichara,Yuca,Marzo,1.34
Barichara,Pina,Septiembre,2.34
Barichara,Pina,Agosto,2.34
Barichara,Pina,Agosto,2.34
Barichara,Frijol,Mayo,0.01
Barichara,Cana panelera,Mayo,0.5
Barichara,Pina,Julio,2.34
Barichara,Maiz Amarillo,Junio,0.32
Barichara,Platano,Junio,0.62
Barichara,Pina,Agosto,2.34
Barichara,Maiz Blanco,Diciembre,0.35
Barichara,Yuca,Marzo,1.13
Barichara,Pina,Septiembre,2.34
Barichara,Pina,Agosto,2.34
Barichara,Pina,Septiembre,2.34
Barichara,Pina,Septiembre,2.34
Barichara,Maiz Amarillo,Mayo,0.32
Barichara,Yuca,Marzo,1.39
Barichara,Platano,Junio,0.62
Barichara,Pina,Agosto,2.34
Barichara,Pina,Septiembre,2.34
Barichara,Platano,Junio,0.62
Barichara,Yuca,Febrero,1.48
Barichara,Pina,Septiembre,2.34
Barichara,Pina,Septiembre,2.34
Barichara,Maiz Amarillo,Junio,0.32
Barichara,Frijol,Mayo,0.01
Barichara,Yuca,Febrero,1.37
Barichara,Yuca,Febrero,1.39
Barichara,Yuca,Febrero,1.42
Barichara,Yuca,Marzo,1.34
Barichara,Yuca,Marzo,1.22
Barichara,Yuca,Marzo,1.36
Barichara,Pina,Julio,2.34
Barichara,Pina,Septiembre,2.34
Barichara,Frijol,Marzo,0.01
Barichara,Maiz Amarillo,Junio,0.31
Barichara,Pina,Octubre,2.34
Barichara,Maiz Blanco,Noviembre,0.33
Barichara,Frijol,Agosto,0.03
Barichara,Frijol,Agosto,0.03
Barichara,Frijol,Agosto,0.03
Barichara,Frijol,Agosto,0.03
Barichara,Maiz Blanco,Noviembre,0.35
Barichara,Yuca,Marzo,1.26
Barichara,Maiz Blanco,Julio,0.35
Barichara,Maiz Blanco,Octubre,0.32
Barichara,Frijol,Abril,2.16
Barichara,Frijol,Abril,2.06
Barichara,Frijol,Abril,2.22
Barichara,Maiz Blanco,Julio,0.34
Barichara,Maiz Blanco,Octubre,0.35
Barichara,Maiz Blanco,Octubre,0.32
Barichara,Maiz Blanco,Octubre,0.36
Barichara,Maiz Amarillo,Junio,0.33
Barichara,Frijol,Marzo,0.01
Barichara,Pina,Octubre,2.34
Barichara,Pina,Septiembre,2.34
Barichara,Cana panelera,Junio,0.7
Barichara,Maiz Amarillo,Diciembre,0.33
Barichara,Pina,Agosto,2.34
Barichara,Maiz Blanco,Mayo,0.32
Barichara,Pina,Septiembre,2.34
Barichara,Maracuya,Septiembre,0.31
Barichara,Maiz Amarillo,Diciembre,0.32
Barichara,Maiz Amarillo,Diciembre,0.34
Barichara,Platano,Junio,0.62
Barichara,Yuca,Febrero,1.29
Barichara,Yuca,Febrero,1.35
Barichara,Pina,Septiembre,2.34
Barichara,Maiz Amarillo,Mayo,0.31
Barichara,Frijol,Mayo,0.01
Barichara,Maiz Amarillo,Mayo,0.32
Barichara,Pina,Septiembre,2.34
Barichara,Yuca,Marzo,1.36
Barichara,Yuca,Marzo,1.28
Barichara,Maiz Amarillo,Junio,0.31
Barichara,Papaya,Julio,3.01
Barichara,Maiz Amarillo,Mayo,0.34
Barichara,Pina,Septiembre,2.34
Barichara,Maiz Amarillo,Diciembre,0.29
Barichara,Maiz Amarillo,Diciembre,0.31
Barichara,Yuca,Marzo,1.31
Barichara,Maiz Amarillo,Junio,0.34
Barichara,Maiz Amarillo,Diciembre,0.3
Barichara,Mora Andina,Agosto,0.2
Barichara,Yuca,Septiembre,1.21
Barichara,Maiz Amarillo,Mayo,0.31
Barichara,Papaya,Julio,3.01
Barichara,Papaya,Julio,3.01
Barichara,Papaya,Julio,3.01
Barichara,Papaya,Julio,3.01
Barichara,Papaya,Julio,3.01
Barichara,Maiz Blanco,Diciembre,0.36
Barichara,Maiz Amarillo,Noviembre,0.3
Barichara,Maiz Amarillo,Noviembre,0.34
Barichara,Platano,Julio,0.62
Barichara,Frijol,Marzo,0.01
Barichara,Yuca,Marzo,1.31
Barichara,Pina,Septiembre,2.34
Barichara,Yuca,Febrero,1.38
Barichara,Maiz Blanco,Diciembre,0.36
Barichara,Yuca,Febrero,1.37
Barichara,Pina,Julio,2.34
Barichara,Pina,Julio,2.34
Barichara,Maiz Amarillo,Mayo,0.29
Barichara,Maiz Amarillo,Mayo,0.31
Barichara,Mijo,Febrero,0.02
Barichara,Cana panelera,Junio,0.5
Barichara,Maiz Amarillo,Junio,0.32
Barichara,Yuca,Octubre,1.28
Barichara,Yuca,Marzo,1.28
Barichara,Yuca,Marzo,1.23
Barichara,Maiz Amarillo,Diciembre,0.3
Barichara,Yuca,Febrero,1.29
Barichara,Maiz Amarillo,Diciembre,0.31
Barichara,Frijol,Marzo,0.01
Barichara,Maiz Amarillo,Junio,0.3
Barichara,Pina,Septiembre,2.34
Barichara,Maiz Amarillo,Junio,0.32
Barichara,Frijol,Marzo,0.01
Barichara,Platano,Julio,0.62
Barichara,Pina,Septiembre,2.34
Barichara,Pina,Septiembre,2.34
Barichara,Yuca,Septiembre,1.34
Barichara,Yuca,Septiembre,1.37
Barichara,Yuca,Septiembre,1.32
Barichara,Yuca,Septiembre,1.37
Barichara,Pina,Julio,2.34
Barichara,Maiz Amarillo,Diciembre,0.34
Barichara,Pina,Julio,2.34
Barichara,Pina,Julio,2.34
Barichara,Platano,Mayo,0.62
Barichara,Maiz Amarillo,Mayo,0.34
Barichara,Pina,Septiembre,2.34
Barichara,Pina,Septiembre,2.34
Barichara,Maiz Amarillo,Mayo,0.33
Barichara,Habichuela,Octubre,1.98
Barichara,Yuca,Marzo,1.2
Barichara,Maiz Amarillo,Mayo,0.3
Barichara,Maiz Amarillo,Mayo,0.31
Barichara,Habichuela,Octubre,2.08
Barichara,Yuca,Marzo,1.3
Barichara,Maiz Amarillo,Mayo,0.33
Barichara,Maiz Amarillo,Diciembre,0.32
Barichara,Maiz Amarillo,Diciembre,0.32
Barichara,Frijol,Marzo,0.01
Barichara,Pina,Septiembre,2.34
Barichara,Maiz Amarillo,Mayo,0.32
Barichara,Pina,Septiembre,2.34
Barichara,Yuca,Octubre,1.39
Barichara,Pina,Octubre,2.34
Barichara,Yuca,Septiembre,1.38
Barichara,Frijol,Marzo,0.01
Barichara,Maiz Amarillo,Junio,0.34
Barichara,Yuca,Febrero,1.25
Barichara,Maiz Amarillo,Diciembre,0.34
Barichara,Yuca,Marzo,1.3
Barichara,Yuca,Marzo,1.39
Barichara,Platano,Julio,0.62
Barichara,Papaya,Julio,3.01
Barichara,Pina,Septiembre,2.34
Barichara,Platano,Junio,0.62
Barichara,Pina,Agosto,2.34
Barichara,Maiz Amarillo,Mayo,0.33
Barichara,Pina,Septiembre,2.34
Barichara,Yuca,Octubre,1.32
Barichara,Maiz Blanco,Mayo,0.34
Barichara,Maiz Amarillo,Junio,0.34
Barichara,Maiz Amarillo,Junio,0.32
Barichara,Pina,Octubre,2.34
Barichara,Pina,Octubre,2.34
Barichara,Platano,Junio,0.62
Barichara,Yuca,Febrero,1.39
Barichara,Maiz Amarillo,Diciembre,0.32
Barichara,Maiz Amarillo,Diciembre,0.34
Barichara,Arveja verde,Septiembre,0.96
Barichara,Yuca,Marzo,1.35
Barichara,Platano,Junio,0.62
Barichara,Maiz Amarillo,Junio,0.31
Barichara,Maiz Amarillo,Junio,0.34
Barichara,Cana panelera,Mayo,0.65
Barichara,Maracuya,Agosto,0.31
Barichara,Pina,Septiembre,2.34
Barichara,Maiz Amarillo,Junio,0.32
Barichara,Yuca,Agosto,1.37
Barichara,Maiz Amarillo,Junio,0.33
Barichara,Maiz Amarillo,Junio,0.31
Barichara,Yuca,Septiembre,1.35
Barichara,Maiz Amarillo,Mayo,0.32
Barichara,Pina,Septiembre,2.34
Barichara,Maiz Blanco,Diciembre,0.35
Barichara,Maiz Amarillo,Junio,0.33
Barichara,Curuba,Agosto,0.12
Barichara,Maiz Blanco,Diciembre,0.37
Barichara,Pina,Julio,2.34
Barichara,Maiz Blanco,Junio,0.31
Barichara,Platano,Mayo,0.62
Barichara,Yuca,Marzo,1.39
Barichara,Yuca,Marzo,1.35
Barichara,Pina,Agosto,2.34
Barichara,Pina,Agosto,2.34
Barichara,Yuca,Febrero,1.47
Barichara,Maiz Blanco,Diciembre,0.33
Barichara,Frijol,Mayo,0.01
Barichara,Pina,Agosto,2.34
Barichara,Pina,Agosto,2.34
Barichara,Maiz Amarillo,Mayo,0.31
Barichara,Pina,Septiembre,2.34
Barichara,Pina,Septiembre,2.34
Barichara,Tomate,Marzo,2.1
Barichara,Tomate,Marzo,2.1
Barichara,Maiz Blanco,Junio,0.34
Barichara,Pina,Septiembre,2.34
Barichara,Maiz Amarillo,Mayo,0.32
Barichara,Yuca,Marzo,1.18
Barichara,Frijol,Marzo,0.01
Barichara,Maiz Blanco,Mayo,0.32
Barichara,Pina,Septiembre,2.34
Barichara,Pina,Julio,2.34
Barichara,Maiz Amarillo,Mayo,0.32
Barichara,Pina,Septiembre,2.34
Barichara,Pina,Septiembre,2.34
Barichara,Yuca,Octubre,1.33
Barichara,Maiz Amarillo,Junio,0.32
Barichara,Yuca,Octubre,1.28
Barichara,Maiz Amarillo,Diciembre,0.32
Barichara,Arveja verde,Septiembre,0.83
Barichara,Maiz Blanco,Mayo,0.32
Barichara,Maiz Amarillo,Mayo,0.31
Barichara,Frijol,Marzo,0.01
Barichara,Maiz Amarillo,Junio,0.32
Barichara,Maiz Amarillo,Junio,0.3
Barichara,Yuca,Marzo,1.31
Barichara,Yuca,Marzo,1.36
Barichara,Pina,Septiembre,2.34
Barichara,Maiz Amarillo,Mayo,0.3
Barichara,Pina,Septiembre,2.34
Barichara,Maiz Amarillo,Junio,0.31
Barichara,Yuca,Septiembre,1.36
Barichara,Platano,Junio,0.62
Barichara,Yuca,Febrero,1.35
Barichara,Platano,Julio,0.62
Barichara,Yuca,Septiembre,1.26
Barichara,Maiz Blanco,Mayo,0.34
Barichara,Maiz Amarillo,Mayo,0.33
Barichara,Maiz Amarillo,Mayo,0.32
Barichara,Pina,Septiembre,2.34
Barichara,Maiz Amarillo,Diciembre,0.3
Barichara,Platano,Junio,0.62
Barichara,Papaya,Julio,3.01
Barichara,Maiz Amarillo,Mayo,0.33
Barichara,Maiz Blanco,Mayo,0.35
Barichara,Pina,Septiembre,2.34
Barichara,Papaya,Julio,3.01
Barichara,Pina,Septiembre,2.34
Barichara,Yuca,Septiembre,1.19
Barichara,Maiz Amarillo,Junio,0.32
Barichara,Frijol,Marzo,0.01
Barichara,Yuca,Marzo,1.39
Barichara,Maiz Amarillo,Mayo,0.32
Barichara,Pina,Septiembre,2.34
Barichara,Pina,Octubre,2.34
Barichara,Pina,Septiembre,2.34
Barichara,Maiz Amarillo,Diciembre,0.3
Barichara,Maiz Amarillo,Junio,0.3
Barichara,Maiz Blanco,Mayo,0.38
Barichara,Maiz Amarillo,Mayo,0.31
Barichara,Pina,Agosto,2.34
Barichara,Maiz Blanco,Mayo,0.36
Barichara,Maracuya,Octubre,0.31
Barichara,Yuca,Marzo,1.33
Barichara,Yuca,Septiembre,1.21
Barichara,Pina,Septiembre,2.34
Barichara,Platano,Agosto,0.62
Barichara,Maiz Amarillo,Diciembre,0.33
Barichara,Pina,Agosto,2.34
Barichara,Pina,Agosto,2.34
Barichara,Yuca,Febrero,1.28
Barichara,Yuca,Febrero,1.29
Barichara,Pina,Septiembre,2.34
Barichara,Maiz Amarillo,Mayo,0.31
Barichara,Pina,Septiembre,2.34
Barichara,Platano,Agosto,0.62
Barichara,Platano,Junio,0.62
Barichara,Yuca,Octubre,1.36
Barichara,Frijol,Marzo,0.01
Barichara,Frijol,Marzo,0.01
Barichara,Platano,Junio,0.62
Barichara,Maiz Amarillo,Mayo,0.36
Barichara,Yuca,Marzo,1.38
Barichara,Maiz Amarillo,Mayo,0.33
Barichara,Pina,Agosto,2.34
Barichara,Platano,Junio,0.62
Barichara,Pina,Agosto,2.34
Barichara,Frijol,Marzo,0.01
Barichara,Frijol,Marzo,0.01
Barichara,Maiz Amarillo,Junio,0.32
Barichara,Maiz Amarillo,Junio,0.33
Barichara,Pina,Septiembre,2.34
Barichara,Ahuyama,Septiembre,2.02
Barichara,Cana panelera,Junio,0.5
Barichara,Maracuya,Septiembre,0.31
Barichara,Pina,Septiembre,2.34
Barichara,Maiz Amarillo,Junio,0.34
Barichara,Cana panelera,Junio,0.5
Barichara,Maiz Blanco,Mayo,0.35
Barichara,Maiz Amarillo,Mayo,0.3
Barichara,Maiz Amarillo,Diciembre,0.33
Barichara,Maiz Amarillo,Junio,0.31
Barichara,Pina,Septiembre,2.34
Barichara,Maiz Amarillo,Junio,0.33
Barichara,Yuca,Septiembre,1.35
Barichara,Frijol,Marzo,0.01
Barichara,Pina,Octubre,2.34
Barichara,Papaya,Julio,3.01
Barichara,Maiz Blanco,Mayo,0.37
Barichara,Maiz Amarillo,Mayo,0.3
Barichara,Pina,Septiembre,2.34
Barichara,Pina,Septiembre,2.34
Barichara,Pina,Septiembre,2.34
Barichara,Pina,Octubre,2.34
Barichara,Cana panelera,Junio,0.68
Barichara,Maiz Amarillo,Mayo,0.33
Barichara,Mijo,Febrero,0.02
Barichara,Maiz Amarillo,Mayo,0.35
Barichara,Maiz Amarillo,Junio,0.34
Barichara,Platano,Agosto,0.62
Barichara,Frijol,Marzo,0.01
Barichara,Papaya,Julio,3.01
Barichara,Maiz Amarillo,Junio,0.31
Barichara,Yuca,Marzo,1.43
Barichara,Maiz Amarillo,Diciembre,0.34
Barichara,Platano,Junio,0.62
Barichara,Frijol,Julio,2.14
Barichara,Yuca,Marzo,1.36
Barichara,Pina,Septiembre,2.34
Barichara,Maiz Amarillo,Junio,0.31
Barichara,Pina,Octubre,2.34
Barichara,Yuca,Marzo,1.41
Barichara,Yuca,Marzo,1.22
Barichara,Yuca,Octubre,1.31
Barichara,Yuca,Marzo,1.29
Barichara,Maiz Amarillo,Mayo,0.31
Barichara,Pina,Septiembre,2.34
Barichara,Platano,Mayo,0.62
Barichara,Maiz Amarillo,Junio,0.32
Barichara,Yuca,Octubre,1.4
Barichara,Yuca,Octubre,1.34
Barichara,Frijol,Marzo,0.01
Barichara,Maiz Amarillo,Junio,0.32
Barichara,Cebolla larga,Marzo,1.55
Barichara,Yuca,Octubre,1.35
Barichara,Platano,Agosto,0.62
Barichara,Frijol,Marzo,0.01
Barichara,Frijol,Mayo,0.01
Barichara,Maiz Amarillo,Mayo,0.34
Barichara,Yuca,Marzo,1.38
Barichara,Maiz Blanco,Diciembre,0.31
Barichara,Yuca,Marzo,1.25
Barichara,Yuca,Marzo,1.31
Barichara,Yuca,Marzo,1.29
Barichara,Yuca,Marzo,1.33
Barichara,Pina,Septiembre,2.34
Barichara,Maiz Amarillo,Mayo,0.31
Barichara,Maiz Amarillo,Mayo,0.3
Barichara,Pina,Septiembre,2.34
Barichara,Yuca,Marzo,1.28
Barichara,Yuca,Marzo,1.36
Barichara,Frijol,Julio,2.04
Barichara,Maiz Amarillo,Junio,0.34
Barichara,Maiz Amarillo,Junio,0.34
Barichara,Frijol,Marzo,0.01
Barichara,Frijol,Marzo,0.01
Barichara,Maiz Amarillo,Junio,0.3
Barichara,Yuca,Marzo,1.25
Barichara,Yuca,Marzo,1.35
Barichara,Maiz Amarillo,Mayo,0.35
Barichara,Frijol,Mayo,0.01
Barichara,Frijol,Mayo,0.01
Barichara,Maiz Amarillo,Mayo,0.3
Barichara,Pina,Septiembre,2.34
Barichara,Pina,Septiembre,2.34
Barichara,Yuca,Marzo,1.34
Barichara,Yuca,Marzo,1.38
Barichara,Yuca,Marzo,1.34
Barichara,Yuca,Marzo,1.4
Barichara,Cebolla cabezona,Marzo,1.28
Barichara,Tomate,Marzo,2.1
Barichara,Cebolla cabezona,Marzo,1.28
Barichara,Yuca,Octubre,1.27
Barichara,Platano,Agosto,0.62
Barichara,Frijol,Marzo,0.01
Barichara,Yuca,Marzo,1.39
Barichara,Pina,Septiembre,2.34
Barichara,Maiz Amarillo,Mayo,0.34
Barichara,Pina,Septiembre,2.34
Barichara,Yuca,Septiembre,1.47
Barichara,Pina,Septiembre,2.34
Barichara,Maracuya,Julio,0.31
Barichara,Yuca,Febrero,1.36
Barichara,Yuca,Febrero,1.38
Barichara,Yuca,Septiembre,1.33
Barichara,Maracuya,Septiembre,0.31
Barichara,Papaya,Mayo,3.01
Barichara,Maiz Amarillo,Junio,0.29
Barichara,Frijol,Marzo,0.01
Barichara,Pina,Septiembre,2.34
Barichara,Yuca,Febrero,1.31
Barichara,Maiz Amarillo,Mayo,0.29
Barichara,Frijol,Mayo,0.01
Barichara,Pina,Septiembre,2.34
Barichara,Cana panelera,Junio,0.62
Barichara,Maiz Blanco,Diciembre,0.38
Barichara,Yuca,Marzo,1.31
Barichara,Yuca,Marzo,1.31
Barichara,Frijol,Marzo,0.01
Barichara,Maiz Amarillo,Mayo,0.31
Barichara,Pina,Septiembre,2.34
Barichara,Maiz Amarillo,Junio,0.3
Barichara,Frijol,Marzo,0.01
Barichara,Frijol,Marzo,0.01
Barichara,Maiz Amarillo,Junio,0.32
Barichara,Frijol,Marzo,0.01
Barichara,Yuca,Octubre,1.23
Barichara,Yuca,Octubre,1.36
Barichara,Yuca,Marzo,1.2
Barichara,Yuca,Marzo,1.37
Barichara,Mora Andina,Julio,0.2
Barichara,Yuca,Septiembre,1.35
Barichara,Pina,Octubre,2.34
Barichara,Yuca,Octubre,1.31
Barichara,Yuca,Octubre,1.37
Barichara,Cana panelera,Mayo,0.5
Barichara,Pina,Septiembre,2.34
Barichara,Papaya,Julio,3.01
Barichara,Pina,Septiembre,2.34
Barichara,Platano,Julio,0.62
Barichara,Yuca,Marzo,1.26
Barichara,Maiz Amarillo,Junio,0.3
Barichara,Pina,Octubre,2.34
Barichara,Maiz Blanco,Mayo,0.33
Barichara,Pina,Septiembre,2.34
Barichara,Frijol,Marzo,0.01
Barichara,Maiz Amarillo,Junio,0.32
Barichara,Maiz Amarillo,Mayo,0.33
Barichara,Pina,Septiembre,2.34
Barichara,Pina,Octubre,2.34
Barichara,Frijol,Mayo,0.01
Barichara,Yuca,Marzo,1.34
Barichara,Pina,Septiembre,2.34
Barichara,Maiz Amarillo,Junio,0.32
Barichara,Maiz Amarillo,Mayo,0.32
Barichara,Maiz Amarillo,Mayo,0.31
Barichara,Maiz Blanco,Mayo,0.36
Barichara,Pina,Septiembre,2.34
Barichara,Maiz Amarillo,Mayo,0.35
Barichara,Maiz Blanco,Junio,0.35
Barichara,Yuca,Febrero,1.37
Barichara,Maiz Amarillo,Diciembre,0.3
Barichara,Papaya,Agosto,3.01
Barichara,Pina,Octubre,2.34
Barichara,Maiz Amarillo,Mayo,0.36
Barichara,Pina,Septiembre,2.34
Barichara,Yuca,Octubre,1.35
Barichara,Pina,Octubre,2.34
Barichara,Maiz Amarillo,Mayo,0.32
Barichara,Yuca,Marzo,1.29
Barichara,Yuca,Marzo,1.34
Barichara,Yuca,Marzo,1.41
Barichara,Yuca,Marzo,1.46
Barichara,Maiz Amarillo,Mayo,0.34
Barichara,Maiz Amarillo,Junio,0.34
Barichara,Pina,Octubre,2.34
Barichara,Pina,Septiembre,2.34
Barichara,Cana panelera,Junio,0.5
Barichara,Pina,Septiembre,2.34
Barichara,Pina,Septiembre,2.34
Barichara,Maiz Amarillo,Mayo,0.34
Barichara,Pina,Septiembre,2.34
Barichara,Pina,Agosto,2.34
Barichara,Yuca,Febrero,1.36
Barichara,Yuca,Febrero,1.43
Barichara,Maiz Amarillo,Mayo,0.33
Barichara,Yuca,Marzo,1.31
Barichara,Frijol,Marzo,0.01
Barichara,Yuca,Octubre,1.34
Barichara,Maiz Amarillo,Junio,0.3
Barichara,Pina,Octubre,2.34
Barichara,Platano,Junio,0.62
Barichara,Maiz Amarillo,Diciembre,0.34
Barichara,Maiz Amarillo,Junio,0.3
Barichara,Frijol,Marzo,0.01
Barichara,Maiz Amarillo,Junio,0.34
Barichara,Frijol,Marzo,0.01
Barichara,Frijol,Marzo,0.01
Barichara,Yuca,Septiembre,1.33
Barichara,Pina,Septiembre,2.34
Barichara,Maiz Amarillo,Mayo,0.34
Barichara,Maiz Amarillo,Junio,0.32
Barichara,Frijol,Marzo,0.01
Barichara,Maiz Amarillo,Diciembre,0.34
Barichara,Ahuyama,Septiembre,2.24
Barichara,Maiz Amarillo,Mayo,0.31
Barichara,Frijol,Mayo,0.01
Barichara,Platano,Julio,0.62
Barichara,Pina,Septiembre,2.34
Barichara,Pina,Septiembre,2.34
Barichara,Pina,Septiembre,2.34
Barichara,Platano,Junio,0.62
Barichara,Maiz Amarillo,Diciembre,0.33
Barichara,Yuca,Marzo,1.22
Barichara,Pina,Septiembre,2.34
Barichara,Frijol,Mayo,0.01
Barichara,Pina,Septiembre,2.34
Barichara,Lulo,Septiembre,0.18
Barichara,Pina,Septiembre,2.34
Barichara,Pina,Septiembre,2.34
Barichara,Pina,Septiembre,2.34
Barichara,Frijol,Mayo,0.01
Barichara,Maiz Amarillo,Mayo,0.32
Barichara,Maiz Blanco,Mayo,0.36
Barichara,Yuca,Marzo,1.3
Barichara,Platano,Julio,0.62
Barichara,Pina,Septiembre,2.34
Barichara,Frijol,Marzo,0.01
Barichara,Maiz Amarillo,Junio,0.33
Barichara,Frijol,Marzo,0.01
Barichara,Maiz Amarillo,Mayo,0.31
Barichara,Pina,Septiembre,2.34
Barichara,Maiz Blanco,Mayo,0.34
Barichara,Maiz Blanco,Junio,0.35
Barichara,Maiz Amarillo,Junio,0.31
Barichara,Yuca,Septiembre,1.29
Barichara,Yuca,Septiembre,1.24
Barichara,Yuca,Septiembre,1.37
Barichara,Yuca,Marzo,1.34
Barichara,Platano,Junio,0.62
Barichara,Pina,Octubre,2.34
Barichara,Maiz Amarillo,Mayo,0.32
Barichara,Pina,Septiembre,2.34
Barichara,Maiz Amarillo,Junio,0.29
Barichara,Frijol,Marzo,0.01
Barichara,Frijol,Marzo,0.01
Barichara,Maiz Amarillo,Junio,0.33
Barichara,Frijol,Marzo,0.01
Barichara,Yuca,Marzo,1.24
Barichara,Pina,Septiembre,2.34
Barichara,Pina,Septiembre,2.34
Barichara,Yuca,Septiembre,1.34
Barichara,Yuca,Septiembre,1.29
Barichara,Pina,Septiembre,2.34
Barichara,Pina,Septiembre,2.34
Barichara,Pina,Septiembre,2.34
Barichara,Maiz Amarillo,Junio,0.29
Barichara,Platano,Agosto,0.62
Barichara,Frijol,Marzo,0.01
Barichara,Maracuya,Septiembre,0.31
Barichara,Pina,Septiembre,2.34
Barichara,Pina,Septiembre,2.34
Barichara,Maiz Amarillo,Junio,0.34
Barichara,Yuca,Septiembre,1.32
Barichara,Frijol,Marzo,0.01
Barichara,Maiz Amarillo,Junio,0.32
Barichara,Platano,Agosto,0.62
Barichara,Yuca,Octubre,1.27
Barichara,Frijol,Marzo,0.01
Barichara,Yuca,Octubre,1.45
Barichara,Yuca,Octubre,1.22
Barichara,Pina,Septiembre,2.34
Barichara,Pina,Septiembre,2.34
Barichara,Pina,Septiembre,2.34
Barichara,Pina,Septiembre,2.34
Barichara,Pina,Septiembre,2.34
Barichara,Pina,Septiembre,2.34
Barichara,Maiz Amarillo,Mayo,0.32
Barichara,Cana panelera,Junio,0.5
Barichara,Maiz Blanco,Junio,0.34
Barichara,Platano,Agosto,0.62
Barichara,Yuca,Septiembre,1.26
Barichara,Pina,Octubre,2.34
Barichara,Papaya,Junio,3.01
Barichara,Maiz Amarillo,Mayo,0.29
Barichara,Yuca,Marzo,1.41
Barichara,Frijol,Mayo,0.01
Barichara,Maiz Amarillo,Mayo,0.33
Barichara,Pina,Septiembre,2.34
Barichara,Pina,Octubre,2.34
Barichara,Pina,Octubre,2.34
Barichara,Yuca,Septiembre,1.35
Barichara,Yuca,Septiembre,1.33
Barichara,Yuca,Marzo,1.4
Barichara,Platano,Junio,0.62
Barichara,Maiz Amarillo,Junio,0.32
Barichara,Yuca,Marzo,1.36
Barichara,Frijol,Mayo,0.01
Barichara,Maiz Amarillo,Mayo,0.31
Barichara,Pina,Septiembre,2.34
Barichara,Pina,Septiembre,2.34
Barichara,Maiz Blanco,Mayo,0.33
Barichara,Yuca,Marzo,1.4
Barichara,Platano,Julio,0.62
Barichara,Pina,Septiembre,2.34
Barichara,Platano,Julio,0.62
Barichara,Platano,Julio,0.62
Barichara,Pina,Octubre,2.34
Barichara,Frijol,Marzo,0.01
Barichara,Yuca,Septiembre,1.38
Barichara,Yuca,Septiembre,1.28
Barichara,Yuca,Septiembre,1.32
Barichara,Yuca,Septiembre,1.43
Barichara,Yuca,Septiembre,1.27
Barichara,Yuca,Septiembre,1.37
Barichara,Yuca,Septiembre,1.37
Barichara,Yuca,Septiembre,1.43
Barichara,Yuca,Septiembre,1.31
Barichara,Yuca,Septiembre,1.37
Barichara,Yuca,Septiembre,1.28
Barichara,Yuca,Septiembre,1.36
Barichara,Maiz Amarillo,Mayo,0.3
Barichara,Frijol,Mayo,0.01
Barichara,Pina,Septiembre,2.34
Barichara,Pina,Septiembre,2.34
Barichara,Yuca,Septiembre,1.27
Barichara,Yuca,Septiembre,1.36
Barichara,Maiz Amarillo,Mayo,0.3
Barichara,Pina,Septiembre,2.34
Barichara,Pina,Septiembre,2.34
Barichara,Pina,Septiembre,2.34
Barichara,Pina,Septiembre,2.34
Barichara,Pina,Septiembre,2.34
Barichara,Pina,Septiembre,2.34
Barichara,Pina,Septiembre,2.34
Barichara,Pina,Septiembre,2.34
Barichara,Pina,Septiembre,2.34
Barichara,Pina,Septiembre,2.34
Barichara,Pina,Septiembre,2.34
Barichara,Pina,Septiembre,2.34
Barichara,Pina,Septiembre,2.34
Barichara,Maiz Amarillo,Mayo,0.31
Barichara,Pina,Septiembre,2.34
Barichara,Pina,Octubre,2.34
Barichara,Maracuya,Septiembre,0.31
Barichara,Pina,Septiembre,2.34
Barichara,Yuca,Marzo,1.4
Barichara,Pina,Septiembre,2.34
Barichara,Pina,Septiembre,2.34
Barichara,Frijol,Marzo,0.01
Barichara,Maiz Amarillo,Diciembre,0.33
Barichara,Pina,Septiembre,2.34
Barichara,Yuca,Marzo,1.41
Barichara,Platano,Julio,0.62
Barichara,Frijol,Mayo,0.01
Barichara,Maiz Amarillo,Mayo,0.33
Barichara,Yuca,Marzo,1.35
Barichara,Frijol,Marzo,0.01
Barichara,Yuca,Septiembre,1.27
Barichara,Maiz Amarillo,Junio,0.31
Barichara,Pina,Septiembre,2.34
Barichara,Yuca,Octubre,1.19
Barichara,Maiz Amarillo,Junio,0.33
Barichara,Maiz Amarillo,Mayo,0.34
Barichara,Yuca,Marzo,1.47
Barichara,Maiz Amarillo,Junio,0.31
Barichara,Yuca,Septiembre,1.28
Barichara,Frijol,Marzo,0.01
Barichara,Frijol,Mayo,0.01
Barichara,Frijol,Mayo,0.01
Barichara,Maiz Amarillo,Mayo,0.34
Barichara,Platano,Julio,0.62
Barichara,Pina,Octubre,2.34
Barichara,Pina,Septiembre,2.34
Barichara,Frijol,Marzo,0.01
Barichara,Frijol,Marzo,0.01
Barichara,Pina,Octubre,2.34
Barichara,Yuca,Septiembre,1.24
Barichara,Yuca,Septiembre,1.41
Barichara,Maracuya,Septiembre,0.31
Barichara,Pina,Octubre,2.34
Barichara,Yuca,Octubre,1.38
Barichara,Yuca,Octubre,1.45
Barichara,Maiz Amarillo,Diciembre,0.33
Barichara,Yuca,Marzo,1.21
Barichara,Platano,Junio,0.62
Barichara,Frijol,Mayo,0.01
Barichara,Frijol,Mayo,0.01
Barichara,Frijol,Mayo,0.01
Barichara,Maiz Amarillo,Mayo,0.31
Barichara,Yuca,Marzo,1.37
Barichara,Maiz Amarillo,Mayo,0.31
Barichara,Yuca,Marzo,1.36
Barichara,Maiz Amarillo,Mayo,0.32
Barichara,Cana panelera,Junio,0.5
Barichara,Maiz Blanco,Junio,0.33
Barichara,Yuca,Octubre,1.37
Barichara,Yuca,Octubre,1.28
Barichara,Yuca,Febrero,1.28
Barichara,Yuca,Febrero,1.3
Barichara,Pina,Septiembre,2.34
Barichara,Yuca,Marzo,1.37
Barichara,Platano,Julio,0.62
Barichara,Platano,Julio,0.62
Barichara,Yuca,Marzo,1.22
Barichara,Maiz Amarillo,Mayo,0.32
Barichara,Pina,Septiembre,2.34
Barichara,Pina,Septiembre,2.34
Barichara,Pina,Septiembre,2.34
Barichara,Pina,Septiembre,2.34
Barichara,Yuca,Marzo,1.3
Barichara,Pina,Septiembre,2.34
Barichara,Maiz Amarillo,Diciembre,0.32
Barichara,Yuca,Marzo,1.17
Barichara,Maiz Amarillo,Diciembre,0.34
Barichara,Platano,Junio,0.62
Barichara,Pina,Septiembre,2.34
Barichara,Maiz Amarillo,Mayo,0.33
Barichara,Pina,Septiembre,2.34
Barichara,Cana panelera,Agosto,0.5
Barichara,Frijol,Marzo,0.01
Barichara,Maiz Amarillo,Junio,0.33
Barichara,Pina,Octubre,2.34
Barichara,Pina,Octubre,2.34
Barichara,Maiz Amarillo,Junio,0.36
Barichara,Maiz Amarillo,Junio,0.34
Barichara,Platano,Julio,0.62
Barichara,Pina,Septiembre,2.34
Barichara,Papaya,Julio,3.01
Barichara,Pina,Septiembre,2.34
Barichara,Pina,Septiembre,2.34
Barichara,Maiz Amarillo,Mayo,0.32
Barichara,Pina,Septiembre,2.34
Barichara,Maiz Amarillo,Junio,0.37
Barichara,Yuca,Septiembre,1.25
Barichara,Yuca,Septiembre,1.32
Barichara,Yuca,Octubre,1.3
Barichara,Pina,Octubre,2.34
Barichara,Maracuya,Octubre,0.31
Barichara,Maiz Amarillo,Junio,0.29
Barichara,Frijol,Marzo,0.01
Barichara,Maiz Amarillo,Junio,0.31
Barichara,Frijol,Marzo,0.01
Barichara,Pina,Septiembre,2.34
Barichara,Pina,Septiembre,2.34
Barichara,Cana panelera,Agosto,0.67
Barichara,Pina,Octubre,2.34
Barichara,Platano,Junio,0.62
Barichara,Pina,Octubre,2.34
Barichara,Maiz Blanco,Diciembre,0.34
Barichara,Yuca,Septiembre,1.35
Barichara,Pina,Octubre,2.34
Barichara,Frijol,Marzo,0.01
Barichara,Maiz Amarillo,Junio,0.32
Barichara,Yuca,Septiembre,1.34
Barichara,Maiz Amarillo,Junio,0.31
Barichara,Frijol,Marzo,0.01
Barichara,Yuca,Septiembre,1.23
Barichara,Yuca,Septiembre,1.49
Barichara,Pina,Septiembre,2.34
Barichara,Maiz Blanco,Mayo,0.36
Barichara,Pina,Septiembre,2.34
Barichara,Maiz Amarillo,Junio,0.33
Barichara,Yuca,Septiembre,1.17
Barichara,Yuca,Septiembre,1.33
Barichara,Frijol,Marzo,0.01
Barichara,Papaya,Julio,3.01
Barichara,Papaya,Julio,3.01
Barichara,Maiz Amarillo,Mayo,0.3
Barichara,Pina,Septiembre,2.34
Barichara,Yuca,Septiembre,1.47
Barichara,Yuca,Septiembre,1.43
Barichara,Yuca,Septiembre,1.19
Barichara,Yuca,Septiembre,1.17
Barichara,Yuca,Septiembre,1.2
Barichara,Yuca,Septiembre,1.29
Barichara,Maiz Amarillo,Junio,0.32
Barichara,Maiz Amarillo,Mayo,0.29
Barichara,Maiz Amarillo,Mayo,0.34
Barichara,Frijol,Mayo,0.01
Barichara,Pina,Septiembre,2.34
Barichara,Maiz Amarillo,Junio,0.34
Barichara,Maiz Amarillo,Junio,0.32
Barichara,Cana panelera,Junio,0.5
Barichara,Maiz Amarillo,Junio,0.32
Barichara,Frijol,Marzo,0.01
Barichara,Pina,Octubre,2.34
Barichara,Yuca,Septiembre,1.34
Barichara,Maiz Amarillo,Junio,0.31
Barichara,Platano,Agosto,0.62
Barichara,Platano,Agosto,0.62
Barichara,Frijol,Marzo,0.01
Barichara,Maiz Amarillo,Junio,0.33
Barichara,Maiz Amarillo,Junio,0.32
Barichara,Pina,Septiembre,2.34
Barichara,Tomate,Marzo,2.1
Barichara,Maiz Amarillo,Junio,0.32
Barichara,Pina,Septiembre,2.34
Barichara,Maiz Amarillo,Mayo,0.32
Barichara,Maiz Amarillo,Junio,0.32
Barichara,Yuca,Marzo,1.21
Barichara,Yuca,Septiembre,1.33
Barichara,Yuca,Septiembre,1.33
Barichara,Yuca,Septiembre,1.45
Barichara,Cana panelera,Agosto,0.5
Barichara,Frijol,Marzo,0.01
Barichara,Maiz Amarillo,Junio,0.33
Barichara,Frijol,Marzo,0.01
Barichara,Yuca,Octubre,1.26
Barichara,Yuca,Octubre,1.37
Barichara,Yuca,Octubre,1.18
Barichara,Yuca,Octubre,1.3
Barichara,Yuca,Agosto,1.36
Barichara,Yuca,Septiembre,1.25
Barichara,Yuca,Septiembre,1.27
Barichara,Maiz Amarillo,Junio,0.33
Barichara,Yuca,Septiembre,1.4
Barichara,Frijol,Marzo,0.01
Barichara,Yuca,Octubre,1.31
Barichara,Yuca,Septiembre,1.28
Barichara,Maiz Amarillo,Junio,0.33
Barichara,Yuca,Octubre,1.31
Barichara,Yuca,Octubre,1.26
Barichara,Yuca,Octubre,1.45
Barichara,Yuca,Marzo,1.23
Barichara,Platano,Julio,0.62
Barichara,Maiz Amarillo,Mayo,0.31
Barichara,Frijol,Mayo,0.01
Barichara,Pina,Septiembre,2.34
Barichara,Maiz Amarillo,Junio,0.33
Barichara,Pina,Septiembre,2.34
Barichara,Maiz Amarillo,Junio,0.32
Barichara,Platano,Agosto,0.62
Barichara,Maiz Amarillo,Junio,0.32
Barichara,Frijol,Marzo,0.01
Barichara,Pina,Octubre,2.34
Barichara,Yuca,Marzo,1.33
Barichara,Papaya,Agosto,3.01
Barichara,Pina,Septiembre,2.34
Barichara,Platano,Julio,0.62
Barichara,Frijol,Mayo,0.01
Barichara,Maiz Amarillo,Mayo,0.31
Barichara,Frijol,Marzo,0.01
Barichara,Maiz Amarillo,Junio,0.33
Barichara,Papaya,Agosto,3.01
Barichara,Papaya,Agosto,3.01
Barichara,Cana panelera,Julio,0.5
Barichara,Maiz Amarillo,Diciembre,0.31
Barichara,Maiz Amarillo,Mayo,0.32
Barichara,Maracuya,Agosto,0.31
Barichara,Maiz Amarillo,Mayo,0.32
Barichara,Maiz Amarillo,Junio,0.3
Barichara,Yuca,Septiembre,1.32
Barichara,Frijol,Mayo,0.01
Barichara,Maiz Amarillo,Mayo,0.34
Barichara,Yuca,Marzo,1.31
Barichara,Maiz Amarillo,Mayo,0.31
Barichara,Pina,Septiembre,2.34
Barichara,Yuca,Septiembre,1.32
Barichara,Pina,Septiembre,2.34
Barichara,Yuca,Marzo,1.39
Barichara,Yuca,Marzo,1.34
Barichara,Maiz Blanco,Diciembre,0.37
Barichara,Papaya,Julio,3.01
Barichara,Pina,Septiembre,2.34
Barichara,Maiz Blanco,Mayo,0.34
Barichara,Yuca,Septiembre,1.35
Barichara,Pina,Octubre,2.34
Barichara,Maiz Amarillo,Junio,0.33
Barichara,Maiz Blanco,Mayo,0.36
Barichara,Pina,Septiembre,2.34
Barichara,Yuca,Septiembre,1.27
Barichara,Platano,Agosto,0.62
Barichara,Maiz Blanco,Mayo,0.36
Barichara,Yuca,Marzo,1.39
Barichara,Yuca,Marzo,1.33
Barichara,Maiz Blanco,Mayo,0.33
Barichara,Maiz Amarillo,Diciembre,0.32
Barichara,Yuca,Julio,1.42
Barichara,Maiz Amarillo,Diciembre,0.35
Barichara,Maiz Amarillo,Mayo,0.31
Barichara,Frijol,Marzo,0.01
Barichara,Yuca,Marzo,1.43
Barichara,Yuca,Septiembre,1.27
Barichara,Yuca,Septiembre,1.17
Barichara,Yuca,Septiembre,1.37
Barichara,Yuca,Septiembre,1.26
Barichara,Papaya,Junio,3.01
Barichara,Frijol,Mayo,0.01
Barichara,Maiz Amarillo,Mayo,0.34
Barichara,Maiz Amarillo,Mayo,0.33
Barichara,Pina,Septiembre,2.34
Barichara,Platano,Junio,0.62
Barichara,Maiz Amarillo,Diciembre,0.32
Barichara,Pina,Septiembre,2.34
Barichara,Maiz Amarillo,Diciembre,0.33
Barichara,Cana panelera,Junio,0.5
Barichara,Curuba,Octubre,0.12
Barichara,Frijol,Marzo,0.01
Barichara,Habichuela,Octubre,1.98
Barichara,Maiz Blanco,Diciembre,0.34
Barichara,Platano,Mayo,0.62
Barichara,Yuca,Febrero,1.21
Barichara,Platano,Junio,0.62
Barichara,Pina,Agosto,2.34
Barichara,Yuca,Marzo,1.44
Barichara,Yuca,Marzo,1.41
Barichara,Yuca,Septiembre,1.37
Barichara,Maracuya,Agosto,0.31
Barichara,Maracuya,Septiembre,0.31
Barichara,Yuca,Septiembre,1.29
Barichara,Maiz Amarillo,Mayo,0.3
Barichara,Maiz Amarillo,Mayo,0.34
Barichara,Yuca,Marzo,1.21
Barichara,Frijol,Marzo,0.01
Barichara,Maiz Amarillo,Junio,0.3
Barichara,Maiz Amarillo,Mayo,0.3
Barichara,Habichuela,Octubre,2.12
Barichara,Yuca,Marzo,1.39
Barichara,Yuca,Marzo,1.41
Barichara,Yuca,Marzo,1.29
Barichara,Platano,Julio,0.62
Barichara,Maiz Amarillo,Diciembre,0.32
Barichara,Cana fistula,Marzo,0.38
Barichara,Cana fistula,Marzo,0.41
Barichara,Cana fistula,Marzo,0.39
Barichara,Cana fistula,Marzo,0.42
Barichara,Cana fistula,Marzo,0.41
Barichara,Cana fistula,Marzo,0.38
Barichara,Cana fistula,Marzo,0.41
Barichara,Cana fistula,Marzo,0.39
Barichara,Pina,Septiembre,2.34
Barichara,Pina,Septiembre,2.34
Barichara,Pina,Septiembre,2.34
Barichara,Pina,Septiembre,2.34
Barichara,Pina,Septiembre,2.34
Barichara,Pina,Septiembre,2.34
Barichara,Pina,Septiembre,2.34
Barichara,Pina,Septiembre,2.34
Barichara,Pina,Septiembre,2.34
Barichara,Pina,Septiembre,2.34
Barichara,Pina,Septiembre,2.34
Barichara,Pina,Septiembre,2.34
Barichara,Pina,Septiembre,2.34
Barichara,Pina,Septiembre,2.34
Barichara,Pina,Septiembre,2.34
Barichara,Pina,Septiembre,2.34
Barichara,Pina,Septiembre,2.34
Barichara,Pina,Septiembre,2.34
Barichara,Pina,Septiembre,2.34
Barichara,Pina,Septiembre,2.34
Barichara,Pina,Septiembre,2.34
Barichara,Pina,Septiembre,2.34
Barichara,Pina,Septiembre,2.34
Barichara,Pina,Septiembre,2.34
Barichara,Pina,Septiembre,2.34
Barichara,Pina,Septiembre,2.34
Barichara,Pina,Septiembre,2.34
Barichara,Pina,Septiembre,2.34
Barichara,Pina,Septiembre,2.34
Barichara,Pina,Septiembre,2.34
Barichara,Pina,Septiembre,2.34
Barichara,Pina,Septiembre,2.34
Barichara,Pina,Septiembre,2.34
Barichara,Pina,Septiembre,2.34
Barichara,Pina,Septiembre,2.34
Barichara,Pina,Septiembre,2.34
Barichara,Pina,Septiembre,2.34
Barichara,Pina,Septiembre,2.34
Barichara,Pina,Septiembre,2.34
Barichara,Pina,Septiembre,2.34
Barichara,Pina,Septiembre,2.34
Barichara,Pina,Septiembre,2.34
Barichara,Pina,Septiembre,2.34
Barichara,Pina,Septiembre,2.34
Barichara,Pina,Septiembre,2.34
Barichara,Pina,Septiembre,2.34
Barichara,Pina,Septiembre,2.34
Barichara,Pina,Septiembre,2.34
Barichara,Pina,Septiembre,2.34
Barichara,Pina,Septiembre,2.34
Barichara,Pina,Septiembre,2.34
Barichara,Pina,Septiembre,2.34
Barichara,Pina,Septiembre,2.34
Barichara,Pina,Septiembre,2.34
Barichara,Pina,Septiembre,2.34
Barichara,Pina,Septiembre,2.34
Barichara,Pina,Septiembre,2.34
Barichara,Pina,Septiembre,2.34
Barichara,Pina,Septiembre,2.34
Barichara,Pina,Septiembre,2.34
Barichara,Pina,Septiembre,2.34
Barichara,Pina,Septiembre,2.34
Barichara,Pina,Septiembre,2.34
Barichara,Pina,Septiembre,2.34
Barichara,Pina,Septiembre,2.34
Barichara,Pina,Septiembre,2.34
Barichara,Pina,Septiembre,2.34
Barichara,Pina,Septiembre,2.34
Barichara,Pina,Septiembre,2.34
Barichara,Pina,Septiembre,2.34
Barichara,Pina,Septiembre,2.34
Barichara,Pina,Septiembre,2.34
Barichara,Pina,Septiembre,2.34
Barichara,Pina,Septiembre,2.34
Barichara,Pina,Septiembre,2.34
Barichara,Pina,Septiembre,2.34
Barichara,Pina,Septiembre,2.34
Barichara,Pina,Septiembre,2.34
Barichara,Pina,Septiembre,2.34
Barichara,Pina,Septiembre,2.34
Barichara,Pina,Septiembre,2.34
Barichara,Pina,Septiembre,2.34
Barichara,Pina,Septiembre,2.34
Barichara,Pina,Septiembre,2.34
Barichara,Pina,Septiembre,2.34
Barichara,Pina,Septiembre,2.34
Barichara,Cana fistula,Marzo,0.42
Barichara,Cana fistula,Marzo,0.38
Barichara,Cana fistula,Marzo,0.38
Barichara,Cana fistula,Marzo,0.36
Cabrera,Mijo,Febrero,0.02
Cabrera,Mijo,Febrero,0.02
Cabrera,Mijo,Febrero,0.02
Cabrera,Mijo,Febrero,0.02
Cabrera,Mijo,Febrero,0.02
Cabrera,Mijo,Febrero,0.02
Cabrera,Mijo,Febrero,0.02
Cabrera,Mijo,Febrero,0.02
Cabrera,Mijo,Febrero,0.02
Cabrera,Mijo,Febrero,0.02
Cabrera,Mijo,Febrero,0.02
Cabrera,Mijo,Febrero,0.02
Cabrera,Mijo,Febrero,0.02
Cabrera,Mijo,Febrero,0.02
Cabrera,Mijo,Febrero,0.02
Cabrera,Mijo,Febrero,0.02
Cabrera,Mijo,Febrero,0.02
Cabrera,Mijo,Febrero,0.02
Cabrera,Mijo,Febrero,0.02
Cabrera,Mijo,Febrero,0.02
Cabrera,Cana panelera,Julio,0.5
Cabrera,Mijo,Febrero,0.02
Cabrera,Cana panelera,Julio,0.64
Cabrera,Platano,Julio,0.65
Cabrera,Maiz Amarillo,Diciembre,0.32
Cabrera,Cana panelera,Junio,0.5
Cabrera,Maiz Blanco,Mayo,0.36
Cabrera,Maiz Amarillo,Mayo,0.32
Cabrera,Mijo,Febrero,0.02
Cabrera,Maiz Blanco,Mayo,0.32
Cabrera,Cana panelera,Julio,0.5
Cabrera,Platano,Julio,0.65
Cabrera,Yuca,Marzo,1.15
Cabrera,Papaya,Julio,2.87
Cabrera,Papaya,Julio,2.87
Cabrera,Papaya,Julio,2.87
Cabrera,Papaya,Julio,2.87
Cabrera,Papaya,Julio,2.87
Cabrera,Papaya,Julio,2.87
Cabrera,Papaya,Julio,2.87
Cabrera,Papaya,Julio,2.87
Cabrera,Papaya,Julio,2.87
Cabrera,Cana panelera,Julio,0.62
Cabrera,Cana panelera,Junio,0.5
Cabrera,Cana panelera,Junio,0.67
Cabrera,Maiz Blanco,Mayo,0.33
Cabrera,Maiz Blanco,Mayo,0.37
Cabrera,Mijo,Febrero,0.02
Cabrera,Mijo,Febrero,0.02
Cabrera,Mijo,Febrero,0.02
Cabrera,Mijo,Febrero,0.02
Cabrera,Mijo,Febrero,0.02
Cabrera,Mijo,Febrero,0.02
Cabrera,Mijo,Febrero,0.02
Cabrera,Mijo,Febrero,0.02
Cabrera,Mijo,Febrero,0.02
Cabrera,Mijo,Febrero,0.02
Cabrera,Mijo,Febrero,0.02
Cabrera,Mijo,Febrero,0.02
Cabrera,Mijo,Febrero,0.02
Cabrera,Mijo,Febrero,0.02
Cabrera,Mijo,Febrero,0.02
Cabrera,Mijo,Febrero,0.02
Cabrera,Mijo,Febrero,0.02
Cabrera,Mijo,Febrero,0.02
Cabrera,Mijo,Febrero,0.02
Cabrera,Mijo,Febrero,0.02
Cabrera,Mijo,Febrero,0.02
Cabrera,Mijo,Febrero,0.02
Cabrera,Mijo,Febrero,0.02
Cabrera,Mijo,Febrero,0.02
Cabrera,Mijo,Febrero,0.02
Cabrera,Mijo,Febrero,0.02
Cabrera,Mijo,Febrero,0.02
Cabrera,Mijo,Febrero,0.02
Cabrera,Mijo,Febrero,0.02
Cabrera,Mijo,Febrero,0.02
Cabrera,Mijo,Febrero,0.02
Cabrera,Mijo,Febrero,0.02
Cabrera,Mijo,Febrero,0.02
Cabrera,Mijo,Febrero,0.02
Cabrera,Mijo,Febrero,0.02
Cabrera,Mijo,Febrero,0.02
Cabrera,Mijo,Febrero,0.02
Cabrera,Mijo,Febrero,0.02
Cabrera,Mijo,Febrero,0.02
Cabrera,Mijo,Febrero,0.02
Cabrera,Maiz Amarillo,Diciembre,0.34
Cabrera,Cana panelera,Junio,0.5
Cabrera,Maiz Blanco,Mayo,0.36
Cabrera,Mijo,Febrero,0.01
Cabrera,Maiz Amarillo,Junio,0.3
Cabrera,Maiz Amarillo,Junio,0.31
Cabrera,Mijo,Febrero,0.02
Cabrera,Maiz Amarillo,Mayo,0.33
Cabrera,Maiz Amarillo,Mayo,0.31
Cabrera,Cana panelera,Julio,0.5
Cabrera,Maiz Amarillo,Diciembre,0.31
Cabrera,Cana panelera,Junio,0.5
Cabrera,Cana panelera,Junio,0.5
Cabrera,Mijo,Febrero,0.02
Cabrera,Maiz Blanco,Mayo,0.35
Cabrera,Cana panelera,Julio,0.5
Cabrera,Maiz Blanco,Mayo,0.31
Cabrera,Maiz Blanco,Mayo,0.3
Cabrera,Cana panelera,Junio,0.5
Cabrera,Mijo,Febrero,0.02
Cabrera,Mijo,Febrero,0.02
Cabrera,Mijo,Febrero,0.02
Cabrera,Mijo,Febrero,0.02
Cabrera,Mijo,Febrero,0.02
Cabrera,Mijo,Febrero,0.02
Cabrera,Mijo,Febrero,0.02
Cabrera,Mijo,Febrero,0.02
Cabrera,Mijo,Febrero,0.02
Cabrera,Mijo,Febrero,0.02
Cabrera,Mijo,Febrero,0.02
Cabrera,Mijo,Febrero,0.02
Cabrera,Mijo,Febrero,0.02
Cabrera,Mijo,Febrero,0.02
Cabrera,Mijo,Febrero,0.02
Cabrera,Mijo,Febrero,0.02
Cabrera,Mijo,Febrero,0.02
Cabrera,Mijo,Febrero,0.02
Cabrera,Mijo,Febrero,0.02
Cabrera,Mijo,Febrero,0.02
Cabrera,Mijo,Febrero,0.02
Cabrera,Mijo,Febrero,0.02
Cabrera,Mijo,Febrero,0.02
Cabrera,Mijo,Febrero,0.02
Cabrera,Mijo,Febrero,0.02
Cabrera,Mijo,Febrero,0.02
Cabrera,Mijo,Febrero,0.02
Cabrera,Mijo,Febrero,0.02
Cabrera,Mijo,Febrero,0.02
Cabrera,Mijo,Febrero,0.02
Cabrera,Mijo,Febrero,0.02
Cabrera,Mijo,Febrero,0.02
Cabrera,Mijo,Febrero,0.02
Cabrera,Mijo,Febrero,0.02
Cabrera,Mijo,Febrero,0.02
Cabrera,Mijo,Febrero,0.02
Cabrera,Mijo,Febrero,0.02
Cabrera,Mijo,Febrero,0.02
Cabrera,Mijo,Febrero,0.02
Cabrera,Mijo,Febrero,0.02
Cabrera,Mijo,Febrero,0.02
Cabrera,Mijo,Febrero,0.02
Cabrera,Mijo,Febrero,0.02
Cabrera,Mijo,Febrero,0.02
Cabrera,Mijo,Febrero,0.02
Cabrera,Mijo,Febrero,0.02
Cabrera,Mijo,Febrero,0.02
Cabrera,Mijo,Febrero,0.02
Cabrera,Mijo,Febrero,0.02
Cabrera,Mijo,Febrero,0.02
Cabrera,Mijo,Febrero,0.02
Cabrera,Mijo,Febrero,0.02
Cabrera,Mijo,Febrero,0.02
Cabrera,Mijo,Febrero,0.02
Cabrera,Mijo,Febrero,0.02
Cabrera,Mijo,Febrero,0.02
Cabrera,Mijo,Febrero,0.02
Cabrera,Mijo,Febrero,0.02
Cabrera,Mijo,Febrero,0.02
Cabrera,Mijo,Febrero,0.02
Cabrera,Maiz Amarillo,Diciembre,0.31
Cabrera,Cana panelera,Junio,0.5
Cabrera,Maiz Blanco,Mayo,0.34
Cabrera,Cana panelera,Julio,0.67
Cabrera,Mijo,Febrero,0.02
Cabrera,Cana panelera,Julio,0.66
Cabrera,Mijo,Febrero,0.02
Cabrera,Cana panelera,Julio,0.5
Cabrera,Mijo,Febrero,0.02
Cabrera,Maiz Amarillo,Mayo,0.33
Cabrera,Mijo,Febrero,0.02
Cabrera,Mijo,Febrero,0.02
Cabrera,Mijo,Febrero,0.02
Cabrera,Mijo,Febrero,0.02
Cabrera,Mijo,Febrero,0.02
Cabrera,Mijo,Febrero,0.02
Cabrera,Mijo,Febrero,0.02
Cabrera,Cana panelera,Julio,0.5
Cabrera,Cana panelera,Junio,0.5
Cabrera,Maiz Amarillo,Mayo,0.33
Cabrera,Maiz Blanco,Mayo,0.33
Cabrera,Mijo,Febrero,0.02
Cabrera,Habichuela,Octubre,2.17
Cabrera,Maiz Blanco,Mayo,0.36
Cabrera,Maiz Blanco,Mayo,0.34
Cabrera,Cana panelera,Julio,0.5
Cabrera,Platano,Julio,0.65
Cabrera,Cana panelera,Julio,0.73
Cabrera,Papaya,Julio,2.87
Cabrera,Papaya,Julio,2.87
Cabrera,Maiz Blanco,Diciembre,0.35
Cabrera,Maiz Blanco,Diciembre,0.34
Cabrera,Mijo,Febrero,0.02
Cabrera,Mijo,Febrero,0.02
Cabrera,Mijo,Febrero,0.02
Cabrera,Mijo,Febrero,0.02
Cabrera,Maiz Blanco,Mayo,0.36
Cabrera,Yuca,Marzo,1.28
Cabrera,Yuca,Marzo,1.25
Cabrera,Mijo,Febrero,0.02
Cabrera,Mijo,Febrero,0.02
Cabrera,Mijo,Febrero,0.02
Cabrera,Maiz Blanco,Mayo,0.32
Cabrera,Cana panelera,Julio,0.5
Cabrera,Mijo,Febrero,0.02
Cabrera,Mijo,Febrero,0.02
Cabrera,Mijo,Febrero,0.02
Cabrera,Maiz Blanco,Diciembre,0.35
Cabrera,Cana panelera,Junio,0.5
Cabrera,Mijo,Febrero,0.02
Cabrera,Mijo,Febrero,0.02
Cabrera,Mijo,Febrero,0.02
Cabrera,Maiz Amarillo,Mayo,0.33
Cabrera,Mijo,Febrero,0.02
Cabrera,Mijo,Febrero,0.02
Cabrera,Maiz Amarillo,Mayo,0.33
Cabrera,Cana panelera,Julio,0.5
Cabrera,Mijo,Febrero,0.02
Cabrera,Maiz Blanco,Mayo,0.37
Cabrera,Maiz Amarillo,Mayo,0.32
Cabrera,Maiz Amarillo,Mayo,0.35
Cabrera,Cana panelera,Julio,0.5
Cabrera,Maiz Amarillo,Mayo,0.34
Cabrera,Maiz Blanco,Mayo,0.35
Cabrera,Maiz Amarillo,Mayo,0.3
Cabrera,Cana panelera,Junio,0.5
Cabrera,Maiz Blanco,Mayo,0.36
Cabrera,Mijo,Febrero,0.02
Cabrera,Maiz Amarillo,Mayo,0.35
Cabrera,Maiz Amarillo,Mayo,0.33
Cabrera,Mijo,Febrero,0.02
Cabrera,Cana panelera,Julio,0.5
Cabrera,Maiz Amarillo,Mayo,0.3
Cabrera,Mijo,Febrero,0.02
Cabrera,Maiz Amarillo,Mayo,0.3
Cabrera,Maiz Amarillo,Mayo,0.32
Cabrera,Mijo,Febrero,0.02
Cabrera,Yuca,Septiembre,1.41
Cabrera,Yuca,Septiembre,1.32
Cabrera,Cana panelera,Julio,0.5
Cabrera,Papaya,Julio,2.87
Cabrera,Maiz Blanco,Junio,0.35
Cabrera,Maiz Amarillo,Junio,0.29
Cabrera,Maiz Blanco,Junio,0.34
Cabrera,Yuca,Septiembre,1.33
Cabrera,Yuca,Septiembre,1.3
Cabrera,Maiz Blanco,Mayo,0.32
Cabrera,Maiz Blanco,Mayo,0.35
Cabrera,Maiz Blanco,Mayo,0.34
Cabrera,Mijo,Febrero,0.02
Cabrera,Mijo,Febrero,0.02
Cabrera,Mijo,Febrero,0.02
Cabrera,Mijo,Febrero,0.02
Cabrera,Mijo,Febrero,0.02
Cabrera,Mijo,Febrero,0.02
Cabrera,Mijo,Febrero,0.02
Cabrera,Mijo,Febrero,0.02
Cabrera,Mijo,Febrero,0.02
Cabrera,Mijo,Febrero,0.02
Cabrera,Mijo,Febrero,0.02
Cabrera,Mijo,Febrero,0.02
Cabrera,Mijo,Febrero,0.02
Cabrera,Mijo,Febrero,0.02
Cabrera,Mijo,Febrero,0.02
Cabrera,Mijo,Febrero,0.02
Cabrera,Mijo,Febrero,0.02
Cabrera,Mijo,Febrero,0.02
Cabrera,Mijo,Febrero,0.02
Cabrera,Mijo,Febrero,0.02
Cabrera,Maiz Amarillo,Mayo,0.31
Cabrera,Cana panelera,Julio,0.5
Cabrera,Mijo,Febrero,0.02
Cabrera,Mijo,Febrero,0.02
Cabrera,Maiz Blanco,Junio,0.37
Cabrera,Maiz Blanco,Junio,0.36
Cabrera,Cana panelera,Julio,0.5
Cabrera,Papaya,Julio,2.87
Cabrera,Maiz Amarillo,Diciembre,0.33
Cabrera,Cana panelera,Junio,0.5
Cabrera,Maiz Blanco,Mayo,0.31
Cabrera,Maiz Blanco,Mayo,0.35
Cabrera,Cana panelera,Julio,0.64
Cabrera,Papaya,Julio,2.87
Cabrera,Papaya,Julio,2.87
Cabrera,Papaya,Julio,2.87
Cabrera,Cana panelera,Junio,0.5
Cabrera,Maiz Blanco,Junio,0.37
Cabrera,Maiz Blanco,Junio,0.36
Cabrera,Mijo,Marzo,0.02
Cabrera,Mijo,Marzo,0.02
Cabrera,Mijo,Marzo,0.02
Cabrera,Maiz Blanco,Mayo,0.35
Cabrera,Mijo,Febrero,0.02
Cabrera,Mijo,Febrero,0.02
Cabrera,Mijo,Febrero,0.02
Cabrera,Mijo,Febrero,0.02
Cabrera,Mijo,Febrero,0.02
Cabrera,Mijo,Febrero,0.02
Cabrera,Mijo,Febrero,0.02
Cabrera,Mijo,Febrero,0.02
Cabrera,Mijo,Febrero,0.02
Cabrera,Mijo,Febrero,0.02
Cabrera,Cana panelera,Julio,0.5
Cabrera,Maiz Amarillo,Mayo,0.32
Cabrera,Mijo,Febrero,0.02
Cabrera,Mijo,Febrero,0.02
Cabrera,Mijo,Febrero,0.02
Cabrera,Mijo,Febrero,0.02
Cabrera,Mijo,Febrero,0.02
Cabrera,Mijo,Febrero,0.02
Cabrera,Papaya,Julio,2.87
Cabrera,Cana panelera,Julio,0.65
Cabrera,Mijo,Febrero,0.02
Cabrera,Maiz Blanco,Mayo,0.34
Cabrera,Mijo,Marzo,0.02
Cabrera,Maiz Blanco,Junio,0.29
Cabrera,Maiz Blanco,Junio,0.35
Cabrera,Maiz Amarillo,Mayo,0.33
Cabrera,Cana panelera,Julio,0.5
Cabrera,Maiz Amarillo,Mayo,0.33
Cabrera,Cana panelera,Julio,0.5
Cabrera,Maiz Blanco,Mayo,0.35
Cabrera,Maiz Blanco,Mayo,0.35
Cabrera,Maiz Amarillo,Diciembre,0.36
Cabrera,Cana panelera,Junio,0.5
Cabrera,Maiz Amarillo,Mayo,0.31
Cabrera,Mijo,Febrero,0.02
Cabrera,Cana panelera,Julio,0.5
Cabrera,Maiz Amarillo,Mayo,0.35
Cabrera,Cana panelera,Julio,0.5
Cabrera,Cana panelera,Julio,0.5
Cabrera,Papaya,Julio,2.87
Cabrera,Papaya,Julio,2.87
Cabrera,Maiz Blanco,Diciembre,0.31
Cabrera,Maiz Amarillo,Mayo,0.32
Cabrera,Cana panelera,Junio,0.68
Cabrera,Cana panelera,Junio,0.65
Cabrera,Maiz Amarillo,Diciembre,0.33
Cabrera,Cana panelera,Junio,0.5
Cabrera,Cana panelera,Junio,0.5
Cabrera,Yuca,Marzo,1.2
Cabrera,Maiz Amarillo,Diciembre,0.3
Cabrera,Cana panelera,Junio,0.5
Cabrera,Maiz Blanco,Mayo,0.34
Cabrera,Maiz Blanco,Diciembre,0.35
Cabrera,Maiz Blanco,Mayo,0.33
Cabrera,Cana panelera,Julio,0.5
Cabrera,Maiz Blanco,Mayo,0.33
Cabrera,Maiz Amarillo,Mayo,0.31
Cabrera,Mijo,Febrero,0.02
Cabrera,Maiz Amarillo,Mayo,0.33
Cabrera,Maiz Amarillo,Mayo,0.3
Cabrera,Maiz Blanco,Diciembre,0.31
Cabrera,Mijo,Mayo,0.04
Cabrera,Maiz Blanco,Diciembre,0.37
Cabrera,Mijo,Febrero,0.02
Cabrera,Mijo,Febrero,0.02
Cabrera,Mijo,Febrero,0.02
Cabrera,Mijo,Febrero,0.02
Cabrera,Mijo,Febrero,0.02
Cabrera,Mijo,Febrero,0.02
Cabrera,Maiz Blanco,Mayo,0.35
Cabrera,Maiz Amarillo,Mayo,0.33
Cabrera,Maiz Amarillo,Diciembre,0.33
Cabrera,Cana panelera,Junio,0.5
Cabrera,Maiz Blanco,Mayo,0.35
Cabrera,Mijo,Febrero,0.02
Cabrera,Maiz Blanco,Mayo,0.36
Cabrera,Mijo,Febrero,0.02
Cabrera,Papaya,Agosto,2.87
Cabrera,Maiz Blanco,Junio,0.34
Cabrera,Maiz Blanco,Mayo,0.32
Cabrera,Maiz Blanco,Mayo,0.38
Cabrera,Mijo,Febrero,0.02
Cabrera,Mijo,Febrero,0.02
Cabrera,Mijo,Febrero,0.02
Cabrera,Maiz Amarillo,Mayo,0.32
Cabrera,Maiz Amarillo,Mayo,0.3
Cabrera,Cana panelera,Julio,0.5
Cabrera,Mijo,Febrero,0.02
Cabrera,Maiz Blanco,Mayo,0.37
Cabrera,Maiz Blanco,Junio,0.33
Cabrera,Maiz Blanco,Junio,0.3
Cabrera,Avena Forrajera,Marzo,0.02
Cabrera,Maiz Amarillo,Mayo,0.32
Cabrera,Mijo,Febrero,0.02
Cabrera,Maiz Amarillo,Mayo,0.35
Cabrera,Maiz Amarillo,Mayo,0.34
Cabrera,Cana panelera,Julio,0.5
Cabrera,Maiz Blanco,Mayo,0.35
Cabrera,Maiz Blanco,Mayo,0.34
Cabrera,Maiz Blanco,Mayo,0.34
Cabrera,Mijo,Febrero,0.02
Cabrera,Maiz Amarillo,Mayo,0.33
Cabrera,Maiz Amarillo,Mayo,0.3
Cabrera,Maiz Amarillo,Mayo,0.32
Cabrera,Cana panelera,Julio,0.71
Cabrera,Cana panelera,Julio,0.5
Cabrera,Maiz Amarillo,Mayo,0.32
Cabrera,Mijo,Febrero,0.02
Cabrera,Mijo,Febrero,0.02
Cabrera,Mijo,Febrero,0.02
Cabrera,Mijo,Febrero,0.02
Cabrera,Mijo,Febrero,0.02
Cabrera,Cana panelera,Julio,0.68
Cabrera,Maiz Blanco,Mayo,0.34
Cabrera,Maiz Blanco,Junio,0.33
Cabrera,Tomate,Marzo,2.1
Cabrera,Tomate,Marzo,2.1
Cabrera,Platano,Julio,0.65
Cabrera,Mijo,Febrero,0.02
Cabrera,Maiz Blanco,Mayo,0.34
Cabrera,Cana panelera,Junio,0.5
Cabrera,Maiz Amarillo,Diciembre,0.31
Cabrera,Cana panelera,Junio,0.5
Cabrera,Cana panelera,Junio,0.5
Cabrera,Maiz Amarillo,Mayo,0.31
Cabrera,Mijo,Febrero,0.02
Cabrera,Mijo,Febrero,0.02
Cabrera,Mijo,Febrero,0.02
Cabrera,Mijo,Febrero,0.02
Cabrera,Mijo,Febrero,0.02
Cabrera,Maiz Amarillo,Mayo,0.32
Cabrera,Maiz Amarillo,Mayo,0.33
Cabrera,Maiz Amarillo,Mayo,0.31
Cabrera,Maiz Amarillo,Mayo,0.33
Cabrera,Cana panelera,Julio,0.5
Cabrera,Mijo,Marzo,0.02
Cabrera,Maiz Blanco,Junio,0.34
Cabrera,Platano,Julio,0.65
Cabrera,Maiz Amarillo,Diciembre,0.33
Cabrera,Cana panelera,Junio,0.5
Cabrera,Maiz Blanco,Diciembre,0.36
Cabrera,Maiz Blanco,Diciembre,0.37
Cabrera,Mijo,Febrero,0.02
Cabrera,Mijo,Febrero,0.02
Cabrera,Mijo,Febrero,0.02
Cabrera,Maiz Blanco,Mayo,0.34
Cabrera,Cana panelera,Julio,0.5
Cabrera,Maiz Amarillo,Diciembre,0.29
Cabrera,Papaya,Junio,2.87
Cabrera,Cana panelera,Junio,0.5
Cabrera,Maiz Amarillo,Diciembre,0.33
Cabrera,Cana panelera,Junio,0.5
Cabrera,Maiz Amarillo,Diciembre,0.32
Cabrera,Cana panelera,Junio,0.5
Cabrera,Maiz Blanco,Junio,0.31
Cabrera,Platano,Agosto,0.65
Cabrera,Maiz Blanco,Junio,0.37
Cabrera,Platano,Julio,0.65
Cabrera,Mijo,Marzo,0.02
Cabrera,Mijo,Marzo,0.02
Cabrera,Mijo,Marzo,0.02
Cabrera,Mijo,Marzo,0.02
Cabrera,Mijo,Marzo,0.02
Cabrera,Platano,Julio,0.65
Cabrera,Mijo,Marzo,0.02
Cabrera,Mijo,Marzo,0.02
Cabrera,Platano,Agosto,0.65
Cabrera,Mijo,Marzo,0.02
Cabrera,Mijo,Marzo,0.02
Cabrera,Maiz Amarillo,Diciembre,0.32
Cabrera,Cana panelera,Junio,0.5
Cabrera,Maiz Amarillo,Mayo,0.33
Cabrera,Maiz Amarillo,Mayo,0.29
Cabrera,Mijo,Febrero,0.02
Cabrera,Mijo,Febrero,0.02
Cabrera,Maiz Amarillo,Mayo,0.28
Cabrera,Maiz Amarillo,Mayo,0.35
Cabrera,Mijo,Febrero,0.02
Cabrera,Platano,Julio,0.65
Cabrera,Maiz Amarillo,Junio,0.31
Cabrera,Platano,Agosto,0.65
Cabrera,Yuca,Septiembre,1.28
Cabrera,Yuca,Septiembre,1.27
Cabrera,Yuca,Septiembre,1.1
Cabrera,Yuca,Septiembre,1.3
Cabrera,Maiz Amarillo,Junio,0.32
Cabrera,Arracacha,Marzo,0.26
Cabrera,Yuca,Septiembre,1.38
Cabrera,Yuca,Septiembre,1.36
Cabrera,Mijo,Marzo,0.02
Cabrera,Mijo,Marzo,0.02
Cabrera,Mijo,Marzo,0.02
Cabrera,Mijo,Marzo,0.02
Cabrera,Mijo,Marzo,0.02
Cabrera,Mijo,Marzo,0.02
Cabrera,Mijo,Marzo,0.02
Cabrera,Mijo,Marzo,0.02
Cabrera,Mijo,Marzo,0.02
Cabrera,Mijo,Marzo,0.02
Cabrera,Arracacha,Marzo,0.26
Cabrera,Maiz Amarillo,Diciembre,0.35
Cabrera,Cana panelera,Junio,0.5
Cabrera,Maiz Amarillo,Junio,0.31
Cabrera,Arracacha,Marzo,0.26
Cabrera,Mijo,Marzo,0.02
Cabrera,Mijo,Marzo,0.02
Cabrera,Mijo,Marzo,0.02
Cabrera,Cana panelera,Junio,0.5
Cabrera,Maiz Blanco,Junio,0.34
Cabrera,Maiz Blanco,Junio,0.3
Cabrera,Arracacha,Marzo,0.26
Cabrera,Arracacha,Marzo,0.26
Cabrera,Mijo,Marzo,0.02
Cabrera,Mijo,Marzo,0.02
Cabrera,Mijo,Marzo,0.02
Cabrera,Mijo,Marzo,0.02
Cabrera,Maiz Amarillo,Junio,0.33
Cabrera,Arracacha,Marzo,0.26
Cabrera,Papaya,Agosto,2.87
Cabrera,Papaya,Agosto,2.87
Cabrera,Papaya,Agosto,2.87
Cabrera,Papaya,Julio,2.87
Cabrera,Mijo,Febrero,0.02
Cabrera,Mijo,Febrero,0.02
Cabrera,Mijo,Febrero,0.02
Cabrera,Mijo,Febrero,0.02
Cabrera,Mijo,Febrero,0.02
Cabrera,Mijo,Febrero,0.02
Cabrera,Mijo,Febrero,0.02
Cabrera,Mijo,Febrero,0.02
Cabrera,Mijo,Febrero,0.02
Cabrera,Mijo,Febrero,0.02
Cabrera,Mijo,Febrero,0.02
Cabrera,Mijo,Febrero,0.02
Cabrera,Mijo,Febrero,0.02
Cabrera,Mijo,Febrero,0.02
Cabrera,Papaya,Julio,2.87
Cabrera,Cana panelera,Julio,0.5
Cabrera,Maiz Blanco,Diciembre,0.33
Cabrera,Papaya,Julio,2.87
Cabrera,Papaya,Julio,2.87
Cabrera,Maiz Amarillo,Diciembre,0.28
Cabrera,Platano,Junio,0.65
Cabrera,Yuca,Marzo,1.39
Cabrera,Avena Forrajera,Febrero,0.02
Cabrera,Avena Forrajera,Febrero,0.02
Cabrera,Avena Forrajera,Febrero,0.02
Cabrera,Avena Forrajera,Febrero,0.02
Cabrera,Avena Forrajera,Febrero,0.02
Cabrera,Avena Forrajera,Febrero,0.02
Cabrera,Avena Forrajera,Febrero,0.02
Cabrera,Avena Forrajera,Febrero,0.02
Cabrera,Avena Forrajera,Febrero,0.02
Cabrera,Avena Forrajera,Febrero,0.02
Cabrera,Avena Forrajera,Febrero,0.02
Cabrera,Avena Forrajera,Febrero,0.02
Cabrera,Avena Forrajera,Febrero,0.02
Cabrera,Avena Forrajera,Febrero,0.02
Cabrera,Avena Forrajera,Febrero,0.02
Cabrera,Avena Forrajera,Febrero,0.02
Cabrera,Avena Forrajera,Febrero,0.02
Cabrera,Avena Forrajera,Febrero,0.02
Cabrera,Avena Forrajera,Febrero,0.02
Cabrera,Avena Forrajera,Febrero,0.02
Cabrera,Avena Forrajera,Febrero,0.02
Cabrera,Avena Forrajera,Febrero,0.02
Cabrera,Avena Forrajera,Febrero,0.02
Cabrera,Avena Forrajera,Febrero,0.02
Cabrera,Avena Forrajera,Febrero,0.02
Cabrera,Avena Forrajera,Febrero,0.02
Cabrera,Avena Forrajera,Febrero,0.02
Cabrera,Avena Forrajera,Febrero,0.02
Cabrera,Avena Forrajera,Febrero,0.02
Cabrera,Avena Forrajera,Febrero,0.02
Cabrera,Avena Forrajera,Febrero,0.02
Cabrera,Avena Forrajera,Febrero,0.02
Cabrera,Papaya,Julio,2.87
Cabrera,Cana fistula,Abril,0.46
Cabrera,Cana fistula,Abril,0.45
Cabrera,Maiz Amarillo,Diciembre,0.32
Cabrera,Arveja verde,Mayo,0.9
Cabrera,Maiz Blanco,Mayo,0.35
Charala,Cana panelera,Agosto,0.5
Charala,Cana panelera,Agosto,0.5
Charala,Maiz Amarillo,Mayo,0.32
Charala,Maiz Amarillo,Mayo,0.33
Charala,Platano,Agosto,0.62
Charala,Papaya,Agosto,2.96
Charala,Cana panelera,Julio,0.5
Charala,Cana panelera,Agosto,0.5
Charala,Cana panelera,Julio,0.5
Charala,Cana panelera,Julio,0.5
Charala,Cana panelera,Julio,0.69
Charala,Cana panelera,Agosto,0.5
Charala,Maiz Amarillo,Junio,0.31
Charala,Cana panelera,Julio,0.5
Charala,Yuca,Septiembre,1.33
Charala,Cana panelera,Agosto,0.61
Charala,Cana panelera,Julio,0.5
Charala,Bore,Marzo,0.26
Charala,Bore,Marzo,0.26
Charala,Bore,Marzo,0.26
Charala,Bore,Marzo,0.26
Charala,Bore,Marzo,0.26
Charala,Yuca,Septiembre,1.28
Charala,Yuca,Septiembre,1.31
Charala,Cana panelera,Julio,0.65
Charala,Maiz Amarillo,Junio,0.32
Charala,Maiz Amarillo,Junio,0.33
Charala,Yuca,Septiembre,1.36
Charala,Maiz Amarillo,Junio,0.31
Charala,Maiz Amarillo,Mayo,0.33
Charala,Maiz Amarillo,Junio,0.31
Charala,Cana panelera,Julio,0.69
Charala,Cana panelera,Julio,0.5
Charala,Cana panelera,Julio,0.5
Charala,Cana panelera,Julio,0.5
Charala,Cana panelera,Julio,0.5
Charala,Maiz Amarillo,Junio,0.32
Charala,Yuca,Septiembre,1.37
Charala,Yuca,Septiembre,1.32
Charala,Yuca,Septiembre,1.42
Charala,Yuca,Septiembre,1.39
Charala,Yuca,Septiembre,1.22
Charala,Yuca,Septiembre,1.43
Charala,Yuca,Septiembre,1.36
Charala,Yuca,Septiembre,1.45
Charala,Yuca,Septiembre,1.42
Charala,Yuca,Septiembre,1.3
Charala,Yuca,Septiembre,1.31
Charala,Yuca,Septiembre,1.38
Charala,Yuca,Septiembre,1.27
Charala,Platano,Julio,0.62
Charala,Cana panelera,Agosto,0.5
Charala,Cana panelera,Julio,0.5
Charala,Cana panelera,Agosto,0.5
Charala,Cana panelera,Julio,0.64
Charala,Cana panelera,Julio,0.5
Charala,Maiz Amarillo,Mayo,0.34
Charala,Yuca,Septiembre,1.32
Charala,Bore,Marzo,0.26
Charala,Yuca,Marzo,1.3
Charala,Yuca,Marzo,1.38
Charala,Yuca,Marzo,1.19
Charala,Yuca,Marzo,1.25
Charala,Yuca,Marzo,1.33
Charala,Yuca,Marzo,1.32
Charala,Yuca,Marzo,1.34
Charala,Cana panelera,Junio,0.5
Charala,Yuca,Octubre,1.29
Charala,Cana panelera,Agosto,0.5
Charala,Maiz Amarillo,Junio,0.35
Charala,Cana panelera,Agosto,0.5
Charala,Cana panelera,Julio,0.5
Charala,Yuca,Septiembre,1.33
Charala,Cana panelera,Julio,0.5
Charala,Cana panelera,Agosto,0.59
Charala,Cana panelera,Agosto,0.5
Charala,Cana panelera,Agosto,0.5
Charala,Cana panelera,Junio,0.5
Charala,Maiz Amarillo,Mayo,0.31
Charala,Platano,Julio,0.62
Charala,Maiz Amarillo,Mayo,0.32
Charala,Cana panelera,Julio,0.5
Charala,Maiz Amarillo,Junio,0.34
Charala,Cana panelera,Julio,0.5
Charala,Cana panelera,Julio,0.5
Charala,Cana panelera,Julio,0.5
Charala,Cana panelera,Agosto,0.68
Charala,Platano,Julio,0.62
Charala,Maiz Amarillo,Mayo,0.31
Charala,Cana panelera,Julio,0.5
Charala,Cana panelera,Julio,0.69
Charala,Cana panelera,Agosto,0.5
Charala,Cana panelera,Julio,0.5
Charala,Cana panelera,Agosto,0.5
Charala,Cana panelera,Julio,0.5
Charala,Cana panelera,Julio,0.5
Charala,Cana panelera,Julio,0.7
Charala,Maiz Amarillo,Junio,0.32
Charala,Cana panelera,Julio,0.69
Charala,Cana panelera,Agosto,0.5
Charala,Cana panelera,Agosto,0.5
Charala,Maiz Amarillo,Mayo,0.31
Charala,Cana panelera,Julio,0.5
Charala,Cana panelera,Agosto,0.5
Charala,Cana panelera,Agosto,0.5
Charala,Cana panelera,Agosto,0.5
Charala,Cana panelera,Julio,0.5
Charala,Cana panelera,Julio,0.5
Charala,Cana panelera,Agosto,0.5
Charala,Maiz Amarillo,Junio,0.32
Charala,Cana panelera,Agosto,0.5
Charala,Cana panelera,Julio,0.5
Charala,Cana panelera,Julio,0.72
Charala,Maiz Amarillo,Junio,0.29
Charala,Maiz Amarillo,Mayo,0.29
Charala,Cana panelera,Julio,0.5
Charala,Cana panelera,Agosto,0.5
Charala,Yuca,Septiembre,1.35
Charala,Cana panelera,Agosto,0.5
Charala,Maiz Blanco,Junio,0.35
Charala,Maiz Amarillo,Mayo,0.34
Charala,Cana panelera,Agosto,0.5
Charala,Yuca,Octubre,1.33
Charala,Cana panelera,Agosto,0.5
Charala,Cana panelera,Julio,0.5
Charala,Trigo en grano,Febrero,0.21
Charala,Maiz Amarillo,Mayo,0.31
Charala,Cana panelera,Agosto,0.5
Charala,Cana panelera,Julio,0.5
Charala,Cana panelera,Julio,0.7
Charala,Lulo,Agosto,0.18
Charala,Cana panelera,Agosto,0.5
Charala,Cana panelera,Agosto,0.5
Charala,Yuca,Octubre,1.37
Charala,Yuca,Octubre,1.39
Charala,Yuca,Octubre,1.21
Charala,Yuca,Octubre,1.35
Charala,Yuca,Octubre,1.31
Charala,Yuca,Octubre,1.43
Charala,Yuca,Octubre,1.35
Charala,Yuca,Octubre,1.35
Charala,Yuca,Octubre,1.31
Charala,Yuca,Octubre,1.32
Charala,Yuca,Octubre,1.31
Charala,Yuca,Octubre,1.33
Charala,Yuca,Octubre,1.4
Charala,Yuca,Octubre,1.4
Charala,Yuca,Octubre,1.4
Charala,Yuca,Octubre,1.41
Charala,Yuca,Octubre,1.26
Charala,Yuca,Octubre,1.33
Charala,Yuca,Octubre,1.26
Charala,Yuca,Octubre,1.32
Charala,Yuca,Septiembre,1.45
Charala,Cana panelera,Julio,0.5
Charala,Maiz Amarillo,Mayo,0.32
Charala,Cana panelera,Agosto,0.5
Charala,Yuca,Octubre,1.23
Charala,Cana panelera,Agosto,0.67
Charala,Cana panelera,Agosto,0.5
Charala,Cana panelera,Julio,0.66
Charala,Cana panelera,Julio,0.5
Charala,Platano,Julio,0.62
Charala,Cana panelera,Julio,0.5
Charala,Cana panelera,Agosto,0.5
Charala,Cana panelera,Agosto,0.5
Charala,Cana panelera,Agosto,0.72
Charala,Bore,Marzo,0.26
Charala,Cana panelera,Julio,0.5
Charala,Cana panelera,Agosto,0.66
Charala,Cana panelera,Julio,0.5
Charala,Cana panelera,Julio,0.5
Charala,Cana panelera,Julio,0.5
Charala,Cana panelera,Julio,0.5
Charala,Yuca,Septiembre,1.3
Charala,Maiz Amarillo,Mayo,0.31
Charala,Pina,Octubre,2.23
Charala,Cana panelera,Julio,0.5
Charala,Cana panelera,Julio,0.73
Charala,Bore,Marzo,0.26
Charala,Cana panelera,Agosto,0.5
Charala,Cana panelera,Julio,0.5
Charala,Maiz Amarillo,Mayo,0.29
Charala,Pina,Octubre,2.23
Charala,Cana panelera,Julio,0.5
Charala,Cana panelera,Julio,0.5
Charala,Cana panelera,Julio,0.5
Charala,Cana panelera,Julio,0.5
Charala,Cana panelera,Agosto,0.67
Charala,Cana panelera,Julio,0.68
Charala,Cana panelera,Julio,0.5
Charala,Yuca,Marzo,1.22
Charala,Maiz Amarillo,Mayo,0.33
Charala,Pina,Octubre,2.23
Charala,Lulo,Septiembre,0.19
Charala,Cana panelera,Julio,0.5
Charala,Bore,Marzo,0.26
Charala,Cana panelera,Agosto,0.5
Charala,Cana panelera,Agosto,0.71
Charala,Cana panelera,Julio,0.5
Charala,Bore,Marzo,0.26
Charala,Cana panelera,Julio,0.5
Charala,Pina,Octubre,2.23
Charala,Cana panelera,Julio,0.5
Charala,Cana panelera,Julio,0.5
Charala,Cana panelera,Julio,0.5
Charala,Maiz Amarillo,Junio,0.31
Charala,Cana panelera,Junio,0.5
Charala,Bore,Febrero,0.26
Charala,Bore,Marzo,0.26
Charala,Pina,Octubre,2.23
Charala,Cana panelera,Julio,0.5
Charala,Cana panelera,Julio,0.5
Charala,Cana panelera,Agosto,0.5
Charala,Bore,Marzo,0.26
Charala,Bore,Marzo,0.26
Charala,Cana panelera,Julio,0.5
Charala,Cana panelera,Agosto,0.5
Charala,Cana panelera,Julio,0.72
Charala,Yuca,Marzo,1.3
Charala,Cana panelera,Agosto,0.5
Charala,Cana panelera,Julio,0.7
Charala,Lulo,Septiembre,0.19
Charala,Maiz Amarillo,Mayo,0.33
Charala,Cana panelera,Agosto,0.5
Charala,Bore,Marzo,0.26
Charala,Maiz Amarillo,Mayo,0.35
Charala,Cana panelera,Agosto,0.5
Charala,Cana panelera,Julio,0.5
Charala,Cana panelera,Agosto,0.61
Charala,Cana panelera,Agosto,0.5
Charala,Cana panelera,Agosto,0.5
Charala,Cana panelera,Julio,0.5
Charala,Cana panelera,Julio,0.5
Charala,Yuca,Septiembre,1.36
Charala,Cana panelera,Julio,0.5
Charala,Maiz Amarillo,Mayo,0.33
Charala,Cana panelera,Agosto,0.64
Charala,Cana panelera,Julio,0.5
Charala,Cana panelera,Agosto,0.5
Charala,Cana panelera,Agosto,0.5
Charala,Maiz Amarillo,Junio,0.31
Charala,Cana panelera,Julio,0.5
Charala,Maiz Amarillo,Mayo,0.31
Charala,Cana panelera,Julio,0.5
Charala,Cana panelera,Agosto,0.5
Charala,Cana panelera,Julio,0.5
Charala,Cana panelera,Agosto,0.5
Charala,Cana panelera,Agosto,0.5
Charala,Cana panelera,Agosto,0.64
Charala,Maiz Amarillo,Junio,0.32
Charala,Cana panelera,Agosto,0.5
Charala,Lulo,Octubre,0.17
Charala,Cana panelera,Julio,0.68
Charala,Cana panelera,Julio,0.5
Charala,Maiz Amarillo,Mayo,0.33
Charala,Cana panelera,Julio,0.5
Charala,Maiz Blanco,Junio,0.37
Charala,Cana panelera,Julio,0.5
Charala,Pina,Septiembre,2.23
Charala,Cana panelera,Julio,0.5
Charala,Maiz Amarillo,Mayo,0.33
Charala,Cana panelera,Agosto,0.5
Charala,Yuca,Octubre,1.31
Charala,Maiz Amarillo,Junio,0.34
Charala,Cana panelera,Julio,0.5
Charala,Cana panelera,Junio,0.5
Charala,Cana panelera,Agosto,0.5
Charala,Maiz Amarillo,Junio,0.31
Charala,Bore,Febrero,0.26
Charala,Cana panelera,Julio,0.7
Charala,Cana panelera,Julio,0.5
Charala,Cana panelera,Agosto,0.5
Charala,Maiz Amarillo,Mayo,0.33
Charala,Maiz Amarillo,Mayo,0.33
Charala,Cana panelera,Julio,0.72
Charala,Cana panelera,Agosto,0.5
Charala,Cana panelera,Agosto,0.5
Charala,Maiz Amarillo,Mayo,0.33
Charala,Cana panelera,Julio,0.5
Charala,Cana panelera,Julio,0.5
Charala,Cana panelera,Julio,0.71
Charala,Cana panelera,Agosto,0.5
Charala,Maiz Amarillo,Mayo,0.35
Charala,Bore,Marzo,0.26
Charala,Maiz Amarillo,Mayo,0.32
Charala,Cana panelera,Julio,0.5
Charala,Cana panelera,Julio,0.5
Charala,Yuca,Octubre,1.38
Charala,Maiz Amarillo,Junio,0.32
Charala,Cana panelera,Julio,0.5
Charala,Cana panelera,Julio,0.5
Charala,Cana panelera,Julio,0.5
Charala,Cana panelera,Agosto,0.5
Charala,Cana panelera,Julio,0.5
Charala,Maiz Amarillo,Mayo,0.3
Charala,Cana panelera,Agosto,0.5
Charala,Maracuya,Septiembre,0.33
Charala,Cana panelera,Julio,0.65
Charala,Cana panelera,Julio,0.5
Charala,Cana panelera,Julio,0.5
Charala,Cana panelera,Julio,0.5
Charala,Maiz Amarillo,Mayo,0.32
Charala,Cana panelera,Julio,0.5
Charala,Cana panelera,Julio,0.65
Charala,Cana panelera,Julio,0.5
Charala,Cana panelera,Julio,0.63
Charala,Cana panelera,Julio,0.5
Charala,Cana panelera,Julio,0.5
Charala,Maiz Amarillo,Junio,0.31
Charala,Cana panelera,Agosto,0.5
Charala,Maiz Amarillo,Junio,0.32
Charala,Cana panelera,Agosto,0.5
Charala,Cana panelera,Julio,0.69
Charala,Papaya,Julio,2.96
Charala,Cana panelera,Julio,0.69
Charala,Cana panelera,Julio,0.5
Charala,Cana panelera,Julio,0.5
Charala,Cana panelera,Julio,0.5
Charala,Cana panelera,Julio,0.59
Charala,Cana panelera,Julio,0.5
Charala,Yuca,Septiembre,1.34
Charala,Yuca,Septiembre,1.32
Charala,Cana panelera,Julio,0.5
Charala,Lulo,Septiembre,0.18
Charala,Cana panelera,Julio,0.5
Charala,Yuca,Septiembre,1.28
Charala,Maiz Amarillo,Mayo,0.35
Charala,Cana panelera,Julio,0.5
Charala,Maiz Amarillo,Mayo,0.31
Charala,Bore,Febrero,0.26
Charala,Cana panelera,Julio,0.5
Charala,Platano,Agosto,0.62
Charala,Pina,Octubre,2.23
Charala,Cana panelera,Julio,0.5
Charala,Maiz Amarillo,Mayo,0.3
Charala,Yuca,Septiembre,1.4
Charala,Yuca,Septiembre,1.4
Charala,Cana panelera,Julio,0.5
Charala,Cana panelera,Julio,0.5
Charala,Cana panelera,Julio,0.5
Charala,Cana panelera,Julio,0.5
Charala,Pina,Septiembre,2.23
Charala,Cana panelera,Julio,0.5
Charala,Maiz Amarillo,Junio,0.32
Charala,Cana panelera,Julio,0.5
Charala,Yuca,Septiembre,1.18
Charala,Cana panelera,Julio,0.5
Charala,Maiz Amarillo,Mayo,0.33
Charala,Pina,Octubre,2.23
Charala,Cana panelera,Julio,0.5
Charala,Maiz Amarillo,Mayo,0.33
Charala,Yuca,Septiembre,1.33
Charala,Yuca,Septiembre,1.3
Charala,Lulo,Septiembre,0.19
Charala,Cana panelera,Julio,0.59
Charala,Cana panelera,Julio,0.5
Charala,Yuca,Septiembre,1.29
Charala,Yuca,Septiembre,1.18
Charala,Cana panelera,Agosto,0.5
Charala,Cana panelera,Agosto,0.5
Charala,Cana panelera,Agosto,0.5
Charala,Maiz Amarillo,Mayo,0.35
Charala,Cana panelera,Julio,0.5
Charala,Bore,Marzo,0.26
Charala,Platano,Julio,0.62
Charala,Cana panelera,Julio,0.5
Charala,Cana panelera,Julio,0.5
Charala,Cana panelera,Agosto,0.5
Charala,Maiz Amarillo,Junio,0.33
Charala,Cana panelera,Agosto,0.7
Charala,Cana panelera,Julio,0.5
Charala,Bore,Marzo,0.26
Charala,Cana panelera,Julio,0.5
Charala,Cana panelera,Julio,0.5
Charala,Cana panelera,Julio,0.5
Charala,Cana panelera,Julio,0.5
Charala,Bore,Marzo,0.26
Charala,Cana panelera,Julio,0.5
Charala,Cana panelera,Julio,0.5
Charala,Yuca,Septiembre,1.22
Charala,Cana panelera,Julio,0.5
Charala,Cana panelera,Julio,0.62
Charala,Bore,Marzo,0.26
Charala,Cana panelera,Julio,0.5
Charala,Cana panelera,Julio,0.5
Charala,Cana panelera,Julio,0.5
Charala,Cana panelera,Julio,0.5
Charala,Cana panelera,Julio,0.5
Charala,Cana panelera,Agosto,0.67
Charala,Cana panelera,Agosto,0.5
Charala,Yuca,Octubre,1.36
Charala,Cana panelera,Agosto,0.5
Charala,Maiz Amarillo,Junio,0.31
Charala,Cana panelera,Agosto,0.5
Charala,Cana panelera,Julio,0.5
Charala,Cana panelera,Agosto,0.63
Charala,Yuca,Octubre,1.35
Charala,Maiz Amarillo,Junio,0.32
Charala,Tomate,Marzo,2.1
Charala,Bore,Marzo,0.26
Charala,Bore,Febrero,0.26
Charala,Cana panelera,Agosto,0.5
Charala,Cana panelera,Julio,0.71
Charala,Yuca,Octubre,1.39
Charala,Cana panelera,Julio,0.5
Charala,Bore,Marzo,0.26
Charala,Bore,Marzo,0.26
Charala,Bore,Marzo,0.26
Charala,Bore,Marzo,0.26
Charala,Cana panelera,Agosto,0.5
Charala,Cana panelera,Julio,0.5
Charala,Cana panelera,Julio,0.5
Charala,Cana panelera,Agosto,0.5
Charala,Cana panelera,Julio,0.5
Charala,Cana panelera,Julio,0.5
Charala,Cana panelera,Agosto,0.5
Charala,Cana panelera,Julio,0.5
Charala,Cana panelera,Agosto,0.5
Charala,Bore,Marzo,0.26
Charala,Bore,Marzo,0.26
Charala,Maiz Amarillo,Mayo,0.31
Charala,Yuca,Marzo,1.23
Charala,Maiz Amarillo,Diciembre,0.32
Charala,Cana panelera,Agosto,0.5
Charala,Cana panelera,Julio,0.5
Charala,Yuca,Octubre,1.29
Charala,Maiz Amarillo,Junio,0.31
Charala,Maiz Amarillo,Mayo,0.29
Charala,Cana panelera,Julio,0.68
Charala,Bore,Marzo,0.26
Charala,Cana panelera,Julio,0.5
Charala,Yuca,Marzo,1.37
Charala,Pina,Septiembre,2.23
Charala,Cana panelera,Julio,0.68
Charala,Cana panelera,Agosto,0.5
Charala,Lulo,Septiembre,0.19
Charala,Cana panelera,Agosto,0.5
Charala,Cana panelera,Julio,0.66
Charala,Cana panelera,Julio,0.5
Charala,Cana panelera,Julio,0.5
Charala,Cana panelera,Julio,0.75
Charala,Cana panelera,Julio,0.5
Charala,Cana panelera,Julio,0.5
Charala,Cana panelera,Julio,0.61
Charala,Cana panelera,Julio,0.5
Charala,Maiz Amarillo,Diciembre,0.32
Charala,Cana panelera,Agosto,0.5
Charala,Cana panelera,Julio,0.5
Charala,Cana panelera,Julio,0.5
Charala,Lulo,Septiembre,0.21
Charala,Cana panelera,Julio,0.5
Charala,Cana panelera,Julio,0.71
Charala,Cana panelera,Julio,0.5
Charala,Cana panelera,Julio,0.5
Charala,Bore,Marzo,0.26
Charala,Cana panelera,Julio,0.5
Charala,Cana panelera,Julio,0.5
Charala,Cana panelera,Agosto,0.5
Charala,Cana panelera,Julio,0.5
Charala,Cana panelera,Julio,0.5
Charala,Cana panelera,Agosto,0.5
Charala,Cana panelera,Julio,0.5
Charala,Yuca,Septiembre,1.44
Charala,Yuca,Septiembre,1.37
Charala,Cana panelera,Julio,0.5
Charala,Cana panelera,Julio,0.5
Charala,Cana panelera,Julio,0.5
Charala,Cana panelera,Julio,0.5
Charala,Cana panelera,Julio,0.5
Charala,Cana panelera,Julio,0.5
Charala,Maiz Amarillo,Junio,0.31
Charala,Cana panelera,Julio,0.5
Charala,Bore,Marzo,0.26
Charala,Maiz Amarillo,Mayo,0.33
Charala,Cana panelera,Julio,0.5
Charala,Yuca,Septiembre,1.26
Charala,Cana panelera,Julio,0.5
Charala,Cana panelera,Julio,0.5
Charala,Cana panelera,Julio,0.7
Charala,Cana panelera,Julio,0.5
Charala,Cana panelera,Julio,0.62
Charala,Cana panelera,Julio,0.5
Charala,Cana panelera,Agosto,0.68
Charala,Cana panelera,Agosto,0.5
Charala,Cana panelera,Julio,0.5
Charala,Maiz Amarillo,Mayo,0.35
Charala,Maiz Amarillo,Mayo,0.32
Charala,Cana panelera,Agosto,0.5
Charala,Yuca,Octubre,1.34
Charala,Cana panelera,Agosto,0.5
Charala,Yuca,Marzo,1.3
Charala,Yuca,Marzo,1.33
Charala,Maiz Blanco,Mayo,0.35
Charala,Cana panelera,Agosto,0.5
Charala,Yuca,Octubre,1.41
Charala,Maiz Amarillo,Junio,0.32
Charala,Cana panelera,Julio,0.64
Charala,Frijol,Marzo,0.01
Charala,Tomate,Marzo,2.1
Charala,Yuca,Octubre,1.28
Charala,Maiz Amarillo,Junio,0.33
Charala,Cana panelera,Agosto,0.65
Charala,Bore,Marzo,0.26
Charala,Maiz Amarillo,Mayo,0.31
Charala,Yuca,Septiembre,1.3
Charala,Cana panelera,Julio,0.5
Charala,Maiz Amarillo,Mayo,0.34
Charala,Cana panelera,Julio,0.5
Charala,Cana panelera,Julio,0.68
Charala,Cana panelera,Agosto,0.5
Charala,Cana panelera,Agosto,0.5
Charala,Yuca,Octubre,1.31
Charala,Yuca,Octubre,1.32
Charala,Bore,Marzo,0.26
Charala,Maiz Amarillo,Junio,0.33
Charala,Cana panelera,Agosto,0.5
Charala,Cana panelera,Julio,0.5
Charala,Cana panelera,Julio,0.5
Charala,Cana panelera,Julio,0.5
Charala,Cana panelera,Julio,0.5
Charala,Yuca,Marzo,1.35
Charala,Bore,Marzo,0.26
Charala,Pina,Septiembre,2.23
Charala,Cana panelera,Julio,0.65
Charala,Cana panelera,Agosto,0.5
Charala,Cana panelera,Agosto,0.5
Charala,Cana panelera,Julio,0.5
Charala,Maiz Amarillo,Junio,0.32
Charala,Maiz Amarillo,Junio,0.34
Charala,Maiz Amarillo,Junio,0.3
Charala,Cana panelera,Junio,0.5
Charala,Cana panelera,Julio,0.5
Charala,Cana panelera,Agosto,0.5
Charala,Cana panelera,Agosto,0.63
Charala,Bore,Marzo,0.26
Charala,Cana panelera,Julio,0.5
Charala,Cana panelera,Julio,0.68
Charala,Yuca,Marzo,1.37
Charala,Platano,Junio,0.62
Charala,Cana panelera,Agosto,0.65
Charala,Yuca,Septiembre,1.22
Charala,Cana panelera,Julio,0.5
Charala,Cana panelera,Julio,0.5
Charala,Cana panelera,Julio,0.5
Charala,Cana panelera,Julio,0.62
Charala,Cana panelera,Julio,0.61
Charala,Cana panelera,Julio,0.5
Charala,Bore,Marzo,0.26
Charala,Bore,Marzo,0.26
Charala,Cana panelera,Agosto,0.5
Charala,Cana panelera,Julio,0.5
Charala,Cana panelera,Agosto,0.5
Charala,Cana panelera,Agosto,0.71
Charala,Cana panelera,Agosto,0.5
Charala,Cana panelera,Julio,0.5
Charala,Cana panelera,Julio,0.5
Charala,Bore,Marzo,0.26
Charala,Bore,Marzo,0.26
Charala,Bore,Marzo,0.26
Charala,Cana panelera,Julio,0.5
Charala,Frijol,Mayo,0.01
Charala,Cana panelera,Agosto,0.5
Charala,Cana panelera,Agosto,0.64
Charala,Cana panelera,Julio,0.5
Charala,Yuca,Septiembre,1.38
Charala,Cana panelera,Junio,0.5
Charala,Bore,Marzo,0.26
Charala,Bore,Febrero,0.26
Charala,Cana panelera,Agosto,0.5
Charala,Maiz Amarillo,Mayo,0.3
Charala,Bore,Marzo,0.26
Charala,Cana panelera,Agosto,0.5
Charala,Cana panelera,Agosto,0.5
Charala,Maiz Amarillo,Mayo,0.3
Charala,Bore,Marzo,0.26
Charala,Bore,Marzo,0.26
Charala,Cana panelera,Julio,0.5
Charala,Yuca,Septiembre,1.22
Charala,Maiz Amarillo,Mayo,0.33
Charala,Cana panelera,Agosto,0.5
Charala,Cana panelera,Julio,0.5
Charala,Yuca,Septiembre,1.32
Charala,Cana panelera,Julio,0.5
Charala,Cana panelera,Agosto,0.5
Charala,Cana panelera,Julio,0.5
Charala,Cana panelera,Julio,0.68
Charala,Cana panelera,Julio,0.5
Charala,Cana panelera,Julio,0.5
Charala,Cana panelera,Agosto,0.69
Charala,Cana panelera,Julio,0.5
Charala,Cana panelera,Julio,0.5
Charala,Tomate,Mayo,2.1
Charala,Platano,Julio,0.62
Charala,Cana panelera,Agosto,0.5
Charala,Yuca,Octubre,1.36
Charala,Maiz Amarillo,Junio,0.32
Charala,Maiz Amarillo,Junio,0.33
Charala,Yuca,Marzo,1.28
Charala,Cana panelera,Julio,0.5
Charala,Bore,Marzo,0.26
Charala,Cana panelera,Agosto,0.64
Charala,Cana panelera,Agosto,0.5
Charala,Cana panelera,Agosto,0.5
Charala,Cana panelera,Julio,0.5
Charala,Pina,Septiembre,2.23
Charala,Cana panelera,Julio,0.5
Charala,Maiz Amarillo,Mayo,0.33
Charala,Cana panelera,Julio,0.5
Charala,Yuca,Septiembre,1.49
Charala,Maiz Amarillo,Mayo,0.31
Charala,Bore,Marzo,0.26
Charala,Bore,Marzo,0.26
Charala,Bore,Marzo,0.26
Charala,Bore,Marzo,0.26
Charala,Bore,Marzo,0.26
Charala,Bore,Marzo,0.26
Charala,Bore,Marzo,0.26
Charala,Bore,Marzo,0.26
Charala,Bore,Marzo,0.26
Charala,Bore,Marzo,0.26
Charala,Bore,Marzo,0.26
Charala,Bore,Marzo,0.26
Charala,Yuca,Marzo,1.3
Charala,Cana panelera,Agosto,0.5
Charala,Cana panelera,Agosto,0.63
Charala,Maiz Amarillo,Mayo,0.34
Charala,Cana panelera,Agosto,0.5
Charala,Yuca,Octubre,1.55
Charala,Maiz Amarillo,Junio,0.34
Charala,Maiz Amarillo,Junio,0.31
Charala,Cana panelera,Julio,0.64
Charala,Yuca,Septiembre,1.23
Charala,Cana panelera,Julio,0.5
Charala,Cana panelera,Agosto,0.5
Charala,Bore,Marzo,0.26
Charala,Cana panelera,Agosto,0.5
Charala,Yuca,Marzo,1.27
Charala,Maiz Amarillo,Mayo,0.33
Charala,Platano,Junio,0.62
Charala,Cana panelera,Agosto,0.5
Charala,Tomate,Mayo,2.1
Charala,Cana panelera,Julio,0.67
Charala,Maiz Amarillo,Mayo,0.32
Charala,Maiz Amarillo,Mayo,0.32
Charala,Bore,Marzo,0.26
Charala,Maiz Amarillo,Mayo,0.33
Charala,Maiz Amarillo,Junio,0.32
Charala,Maiz Amarillo,Mayo,0.32
Charala,Cana panelera,Julio,0.5
Charala,Maiz Blanco,Junio,0.36
Charala,Cana panelera,Agosto,0.68
Charala,Cana panelera,Agosto,0.5
Charala,Cana panelera,Julio,0.5
Charala,Cana panelera,Julio,0.5
Charala,Cana panelera,Agosto,0.5
Charala,Yuca,Septiembre,1.34
Charala,Cana panelera,Julio,0.5
Charala,Maiz Amarillo,Mayo,0.31
Charala,Bore,Marzo,0.26
Charala,Maiz Amarillo,Mayo,0.32
Charala,Bore,Marzo,0.26
Charala,Maiz Blanco,Diciembre,0.36
Charala,Platano,Junio,0.62
Charala,Maiz Amarillo,Mayo,0.33
Charala,Cana panelera,Julio,0.5
Charala,Maiz Amarillo,Mayo,0.37
Charala,Tomate,Mayo,2.1
Charala,Cebolla cabezona,Mayo,1.43
Charala,Cana panelera,Julio,0.5
Charala,Yuca,Septiembre,1.39
Charala,Yuca,Septiembre,1.35
Charala,Cana panelera,Julio,0.5
Charala,Cana panelera,Julio,0.5
Charala,Maiz Amarillo,Mayo,0.33
Charala,Cana panelera,Julio,0.5
Charala,Cana panelera,Julio,0.5
Charala,Cana panelera,Julio,0.5
Charala,Cana panelera,Julio,0.5
Charala,Cana panelera,Julio,0.5
Charala,Maiz Amarillo,Mayo,0.31
Charala,Cana panelera,Julio,0.5
Charala,Cana panelera,Julio,0.5
Charala,Cana panelera,Agosto,0.63
Charala,Cana panelera,Agosto,0.66
Charala,Cana panelera,Agosto,0.5
Charala,Yuca,Octubre,1.3
Charala,Cana panelera,Agosto,0.72
Charala,Maiz Amarillo,Mayo,0.32
Charala,Cana panelera,Julio,0.5
Charala,Cana panelera,Julio,0.5
Charala,Bore,Marzo,0.26
Charala,Bore,Marzo,0.26
Charala,Bore,Marzo,0.26
Charala,Cana panelera,Julio,0.5
Charala,Maiz Amarillo,Mayo,0.3
Charala,Cana panelera,Julio,0.5
Charala,Bore,Marzo,0.26
Charala,Cana panelera,Julio,0.5
Charala,Bore,Marzo,0.26
Charala,Cana panelera,Julio,0.62
Charala,Bore,Marzo,0.26
Charala,Maiz Amarillo,Mayo,0.3
Charala,Cana panelera,Julio,0.5
Charala,Cana panelera,Julio,0.5
Charala,Maiz Amarillo,Mayo,0.34
Charala,Cana panelera,Julio,0.5
Charala,Cana panelera,Julio,0.5
Charala,Lulo,Agosto,0.18
Charala,Maiz Amarillo,Mayo,0.34
Charala,Cana panelera,Julio,0.69
Charala,Maiz Amarillo,Mayo,0.31
Charala,Bore,Marzo,0.26
Charala,Maiz Amarillo,Mayo,0.32
Charala,Yuca,Septiembre,1.33
Charala,Maiz Amarillo,Mayo,0.31
Charala,Maiz Blanco,Mayo,0.34
Charala,Cana panelera,Julio,0.5
Charala,Bore,Marzo,0.26
Charala,Cana panelera,Julio,0.5
Charala,Maiz Amarillo,Mayo,0.33
Charala,Cana panelera,Julio,0.5
Charala,Maiz Amarillo,Mayo,0.31
Charala,Cana panelera,Julio,0.59
Charala,Maiz Amarillo,Mayo,0.31
Charala,Cana panelera,Julio,0.5
Charala,Cana panelera,Julio,0.5
Charala,Cana panelera,Julio,0.68
Charala,Cana panelera,Julio,0.5
Charala,Cana panelera,Julio,0.5
Charala,Cana panelera,Julio,0.5
Charala,Bore,Marzo,0.26
Charala,Maiz Amarillo,Mayo,0.34
Charala,Maiz Amarillo,Mayo,0.35
Charala,Maiz Amarillo,Mayo,0.33
Charala,Cana panelera,Julio,0.5
Charala,Bore,Marzo,0.26
Charala,Cana panelera,Julio,0.5
Charala,Cana panelera,Julio,0.5
Charala,Maiz Amarillo,Mayo,0.29
Charala,Cana panelera,Julio,0.5
Charala,Cana panelera,Junio,0.5
Charala,Maiz Amarillo,Mayo,0.3
Charala,Bore,Marzo,0.26
Charala,Tomate,Mayo,2.1
Charala,Maiz Amarillo,Mayo,0.31
Charala,Cana panelera,Julio,0.5
Charala,Maiz Amarillo,Mayo,0.31
Charala,Platano,Julio,0.62
Charala,Yuca,Septiembre,1.38
Charala,Yuca,Septiembre,1.22
Charala,Bore,Marzo,0.26
Charala,Bore,Marzo,0.26
Charala,Platano,Julio,0.62
Charala,Bore,Marzo,0.26
Charala,Bore,Marzo,0.26
Charala,Bore,Marzo,0.26
Charala,Maiz Amarillo,Junio,0.33
Charala,Maiz Amarillo,Mayo,0.3
Charala,Cana panelera,Julio,0.5
Charala,Bore,Marzo,0.26
Charala,Bore,Marzo,0.26
Charala,Bore,Marzo,0.26
Charala,Bore,Marzo,0.26
Charala,Yuca,Marzo,1.41
Charala,Maiz Amarillo,Mayo,0.35
Charala,Maiz Amarillo,Mayo,0.31
Charala,Maiz Amarillo,Mayo,0.35
Charala,Cana panelera,Julio,0.5
Charala,Maiz Amarillo,Mayo,0.32
Charala,Maiz Amarillo,Mayo,0.32
Charala,Papaya,Julio,2.96
Charala,Maiz Amarillo,Mayo,0.34
Charala,Maiz Amarillo,Mayo,0.31
Charala,Maiz Blanco,Mayo,0.35
Charala,Trigo en grano,Febrero,0.21
Charala,Pina,Septiembre,2.23
Charala,Cana panelera,Julio,0.5
Charala,Cana panelera,Julio,0.64
Charala,Cana panelera,Julio,0.5
Charala,Platano,Julio,0.62
Charala,Cana panelera,Julio,0.71
Charala,Yuca,Febrero,1.34
Charala,Cana panelera,Julio,0.5
Charala,Papaya,Agosto,2.96
Charala,Platano,Agosto,0.62
Charala,Yuca,Octubre,1.36
Charala,Maiz Amarillo,Mayo,0.34
Charala,Cana panelera,Julio,0.5
Charala,Pina,Septiembre,2.23
Charala,Yuca,Septiembre,1.22
Charala,Cana panelera,Julio,0.5
Charala,Cana panelera,Julio,0.5
Charala,Yuca,Octubre,1.34
Charala,Yuca,Octubre,1.36
Charala,Yuca,Marzo,1.45
Charala,Cana panelera,Julio,0.5
Charala,Cana panelera,Julio,0.5
Charala,Cana panelera,Julio,0.5
Charala,Yuca,Octubre,1.33
Charala,Pina,Septiembre,2.23
Charala,Cana panelera,Julio,0.5
Charala,Bore,Marzo,0.26
Charala,Bore,Marzo,0.26
Charala,Bore,Marzo,0.26
Charala,Cana panelera,Julio,0.5
Charala,Cana panelera,Julio,0.5
Charala,Maiz Amarillo,Mayo,0.29
Charala,Maiz Amarillo,Mayo,0.32
Charala,Bore,Marzo,0.26
Charala,Bore,Marzo,0.26
Charala,Bore,Marzo,0.26
Charala,Bore,Marzo,0.26
Charala,Bore,Marzo,0.26
Charala,Bore,Marzo,0.26
Charala,Bore,Marzo,0.26
Charala,Bore,Marzo,0.26
Charala,Bore,Marzo,0.26
Charala,Cana panelera,Julio,0.5
Charala,Cana panelera,Julio,0.5
Charala,Bore,Marzo,0.26
Charala,Bore,Marzo,0.26
Charala,Maiz Amarillo,Mayo,0.35
Charala,Cana panelera,Agosto,0.5
Charala,Maiz Blanco,Mayo,0.36
Charala,Yuca,Septiembre,1.27
Charala,Yuca,Septiembre,1.3
Charala,Yuca,Septiembre,1.34
Charala,Maiz Amarillo,Mayo,0.31
Charala,Maiz Amarillo,Mayo,0.33
Charala,Maiz Amarillo,Mayo,0.35
Charala,Pina,Septiembre,2.23
Charala,Yuca,Marzo,1.27
Charala,Bore,Marzo,0.26
Charala,Yuca,Octubre,1.26
Charala,Platano,Agosto,0.62
Charala,Maiz Amarillo,Mayo,0.32
Charala,Bore,Marzo,0.26
Charala,Bore,Marzo,0.26
Charala,Bore,Marzo,0.26
Charala,Bore,Marzo,0.26
Charala,Bore,Marzo,0.26
Charala,Bore,Marzo,0.26
Charala,Maiz Amarillo,Mayo,0.34
Charala,Cana panelera,Julio,0.67
Charala,Maiz Amarillo,Mayo,0.35
Charala,Maiz Amarillo,Mayo,0.29
Charala,Cana panelera,Julio,0.5
Charala,Cana panelera,Julio,0.5
Charala,Yuca,Marzo,1.38
Charala,Cana panelera,Agosto,0.5
Charala,Maiz Amarillo,Junio,0.33
Charala,Bore,Marzo,0.26
Charala,Bore,Marzo,0.26
Charala,Bore,Marzo,0.26
Charala,Bore,Marzo,0.26
Charala,Bore,Marzo,0.26
Charala,Maiz Amarillo,Mayo,0.31
Charala,Cana panelera,Junio,0.5
Charala,Yuca,Marzo,1.23
Charala,Cana panelera,Junio,0.5
Charala,Bore,Marzo,0.26
Charala,Bore,Marzo,0.26
Charala,Bore,Marzo,0.26
Charala,Bore,Marzo,0.26
Charala,Bore,Marzo,0.26
Charala,Lulo,Septiembre,0.19
Charala,Cana panelera,Agosto,0.5
Charala,Bore,Marzo,0.26
Charala,Cana panelera,Julio,0.5
Charala,Pina,Septiembre,2.23
Charala,Cana panelera,Julio,0.66
Charala,Cana panelera,Julio,0.5
Charala,Cana panelera,Julio,0.66
Charala,Maiz Amarillo,Mayo,0.28
Charala,Maiz Amarillo,Mayo,0.29
Charala,Yuca,Septiembre,1.37
Charala,Tomate,Mayo,2.1
Charala,Maiz Amarillo,Mayo,0.35
Charala,Maiz Amarillo,Mayo,0.3
Charala,Cana panelera,Julio,0.5
Charala,Maiz Amarillo,Junio,0.32
Charala,Cana panelera,Agosto,0.5
Charala,Maiz Amarillo,Mayo,0.34
Charala,Cana panelera,Julio,0.5
Charala,Cana panelera,Julio,0.5
Charala,Maiz Amarillo,Mayo,0.29
Charala,Cana panelera,Julio,0.5
Charala,Cana panelera,Julio,0.5
Charala,Maiz Amarillo,Mayo,0.33
Charala,Maiz Amarillo,Mayo,0.3
Charala,Cana panelera,Julio,0.5
Charala,Maiz Amarillo,Mayo,0.35
Charala,Maiz Amarillo,Mayo,0.35
Charala,Cana panelera,Agosto,0.5
Charala,Cana panelera,Julio,0.5
Charala,Cana panelera,Julio,0.5
Charala,Maiz Amarillo,Mayo,0.32
Charala,Cana panelera,Julio,0.71
Charala,Cana panelera,Julio,0.65
Charala,Habichuela,Octubre,1.96
Charala,Cana panelera,Junio,0.5
Charala,Cana panelera,Junio,0.5
Charala,Yuca,Marzo,1.44
Charala,Platano,Junio,0.62
Charala,Yuca,Septiembre,1.26
Charala,Platano,Julio,0.62
Charala,Yuca,Febrero,1.37
Charala,Frijol,Mayo,0.01
Charala,Avena Forrajera,Febrero,0.02
Charala,Cana fistula,Abril,0.44
Charala,Pina,Septiembre,2.23
Charala,Pina,Septiembre,2.23
Charala,Pina,Septiembre,2.23
Charala,Pina,Septiembre,2.23
Charala,Maiz Amarillo,Junio,0.31
Charala,Cana panelera,Julio,0.5
Charala,Cana panelera,Julio,0.5
Charala,Cana panelera,Julio,0.5
Charala,Cana panelera,Julio,0.67
Charala,Cana panelera,Julio,0.5
Charala,Cana panelera,Julio,0.5
Charala,Cana panelera,Agosto,0.5
Charala,Cana panelera,Agosto,0.5
Charala,Cana panelera,Agosto,0.5
Charala,Maiz Amarillo,Mayo,0.31
Charala,Maiz Amarillo,Mayo,0.31
Charala,Maiz Amarillo,Mayo,0.3
Charala,Cana panelera,Julio,0.67
Charala,Maiz Amarillo,Mayo,0.29
Coromoro,Yuca,Marzo,1.39
Coromoro,Yuca,Marzo,1.36
Coromoro,Cana panelera,Julio,0.5
Coromoro,Arracacha,Febrero,0.26
Coromoro,Arracacha,Febrero,0.26
Coromoro,Arracacha,Febrero,0.26
Coromoro,Arracacha,Febrero,0.26
Coromoro,Arracacha,Febrero,0.26
Coromoro,Arracacha,Febrero,0.26
Coromoro,Arracacha,Febrero,0.26
Coromoro,Yuca,Marzo,1.31
Coromoro,Maiz Amarillo,Mayo,0.32
Coromoro,Cana panelera,Junio,0.5
Coromoro,Arracacha,Febrero,0.26
Coromoro,Arracacha,Febrero,0.26
Coromoro,Arracacha,Febrero,0.26
Coromoro,Arracacha,Febrero,0.26
Coromoro,Arracacha,Febrero,0.26
Coromoro,Cana panelera,Agosto,0.5
Coromoro,Maiz Amarillo,Mayo,0.3
Coromoro,Yuca,Marzo,1.38
Coromoro,Arracacha,Marzo,0.26
Coromoro,Cana panelera,Junio,0.5
Coromoro,Cana panelera,Junio,0.5
Coromoro,Maiz Amarillo,Diciembre,0.33
Coromoro,Pina,Octubre,2.24
Coromoro,Arracacha,Marzo,0.26
Coromoro,Cana panelera,Junio,0.7
Coromoro,Cana panelera,Junio,0.5
Coromoro,Pina,Octubre,2.24
Coromoro,Cana panelera,Junio,0.66
Coromoro,Cana panelera,Julio,0.67
Coromoro,Cana panelera,Junio,0.5
Coromoro,Arracacha,Marzo,0.26
Coromoro,Arracacha,Marzo,0.26
Coromoro,Arracacha,Marzo,0.26
Coromoro,Arracacha,Marzo,0.26
Coromoro,Arracacha,Marzo,0.26
Coromoro,Arracacha,Marzo,0.26
Coromoro,Arracacha,Marzo,0.26
Coromoro,Arracacha,Marzo,0.26
Coromoro,Maiz Amarillo,Mayo,0.32
Coromoro,Arracacha,Febrero,0.26
Coromoro,Arracacha,Febrero,0.26
Coromoro,Arracacha,Febrero,0.26
Coromoro,Arracacha,Febrero,0.26
Coromoro,Arracacha,Febrero,0.26
Coromoro,Arracacha,Febrero,0.26
Coromoro,Arracacha,Febrero,0.26
Coromoro,Arracacha,Febrero,0.26
Coromoro,Arracacha,Febrero,0.26
Coromoro,Arracacha,Febrero,0.26
Coromoro,Arracacha,Febrero,0.26
Coromoro,Arracacha,Febrero,0.26
Coromoro,Arracacha,Febrero,0.26
Coromoro,Arracacha,Febrero,0.26
Coromoro,Arracacha,Febrero,0.26
Coromoro,Arracacha,Febrero,0.26
Coromoro,Arracacha,Febrero,0.26
Coromoro,Arracacha,Febrero,0.26
Coromoro,Arracacha,Febrero,0.26
Coromoro,Arracacha,Febrero,0.26
Coromoro,Arracacha,Febrero,0.26
Coromoro,Arracacha,Febrero,0.26
Coromoro,Arracacha,Febrero,0.26
Coromoro,Arracacha,Febrero,0.26
Coromoro,Arracacha,Febrero,0.26
Coromoro,Arracacha,Febrero,0.26
Coromoro,Arracacha,Febrero,0.26
Coromoro,Arracacha,Febrero,0.26
Coromoro,Arracacha,Febrero,0.26
Coromoro,Arracacha,Febrero,0.26
Coromoro,Yuca,Marzo,1.37
Coromoro,Cana panelera,Julio,0.5
Coromoro,Yuca,Septiembre,1.33
Coromoro,Platano,Julio,0.64
Coromoro,Cana panelera,Julio,0.5
Coromoro,Maiz Amarillo,Mayo,0.32
Coromoro,Cana panelera,Julio,0.5
Coromoro,Cana panelera,Junio,0.69
Coromoro,Maiz Amarillo,Mayo,0.31
Coromoro,Maiz Amarillo,Mayo,0.31
Coromoro,Maiz Amarillo,Mayo,0.32
Coromoro,Cana panelera,Julio,0.5
Coromoro,Pina,Octubre,2.24
Coromoro,Arracacha,Marzo,0.26
Coromoro,Arracacha,Marzo,0.26
Coromoro,Maiz Amarillo,Mayo,0.34
Coromoro,Cana panelera,Julio,0.5
Coromoro,Yuca,Marzo,1.26
Coromoro,Cana panelera,Junio,0.5
Coromoro,Arracacha,Marzo,0.26
Coromoro,Cana panelera,Julio,0.5
Coromoro,Pina,Octubre,2.24
Coromoro,Pina,Octubre,2.24
Coromoro,Cana panelera,Junio,0.67
Coromoro,Cana panelera,Julio,0.7
Coromoro,Cana panelera,Junio,0.7
Coromoro,Maiz Amarillo,Mayo,0.32
Coromoro,Maiz Amarillo,Mayo,0.33
Coromoro,Maiz Amarillo,Mayo,0.33
Coromoro,Arracacha,Marzo,0.26
Coromoro,Cana panelera,Julio,0.5
Coromoro,Arracacha,Marzo,0.26
Coromoro,Maiz Amarillo,Mayo,0.34
Coromoro,Maiz Amarillo,Mayo,0.31
Coromoro,Cana panelera,Julio,0.5
Coromoro,Cana panelera,Julio,0.5
Coromoro,Cana panelera,Julio,0.67
Coromoro,Maiz Amarillo,Mayo,0.31
Coromoro,Arracacha,Marzo,0.26
Coromoro,Cana panelera,Agosto,0.5
Coromoro,Arracacha,Marzo,0.26
Coromoro,Cana panelera,Julio,0.5
Coromoro,Yuca,Marzo,1.27
Coromoro,Yuca,Marzo,1.52
Coromoro,Cana panelera,Julio,0.58
Coromoro,Maiz Amarillo,Mayo,0.3
Coromoro,Maiz Amarillo,Mayo,0.33
Coromoro,Cana panelera,Junio,0.5
Coromoro,Yuca,Marzo,1.38
Coromoro,Yuca,Marzo,1.28
Coromoro,Platano,Julio,0.64
Coromoro,Cana panelera,Junio,0.5
Coromoro,Yuca,Marzo,1.36
Coromoro,Yuca,Marzo,1.37
Coromoro,Cana panelera,Junio,0.5
Coromoro,Yuca,Marzo,1.44
Coromoro,Cana panelera,Junio,0.5
Coromoro,Arracacha,Marzo,0.26
Coromoro,Cana panelera,Junio,0.68
Coromoro,Maiz Amarillo,Mayo,0.3
Coromoro,Cana panelera,Junio,0.5
Coromoro,Cana panelera,Julio,0.5
Coromoro,Lulo,Septiembre,0.17
Coromoro,Cana panelera,Junio,0.5
Coromoro,Yuca,Marzo,1.39
Coromoro,Cana panelera,Junio,0.5
Coromoro,Yuca,Marzo,1.33
Coromoro,Cana panelera,Junio,0.5
Coromoro,Yuca,Marzo,1.41
Coromoro,Maiz Amarillo,Mayo,0.32
Coromoro,Arracacha,Febrero,0.26
Coromoro,Arracacha,Marzo,0.26
Coromoro,Arracacha,Marzo,0.26
Coromoro,Arracacha,Marzo,0.26
Coromoro,Arracacha,Marzo,0.26
Coromoro,Arracacha,Marzo,0.26
Coromoro,Arracacha,Marzo,0.26
Coromoro,Cana panelera,Julio,0.5
Coromoro,Cana panelera,Junio,0.5
Coromoro,Maiz Amarillo,Mayo,0.32
Coromoro,Maiz Amarillo,Mayo,0.31
Coromoro,Maiz Amarillo,Mayo,0.31
Coromoro,Arracacha,Marzo,0.26
Coromoro,Arracacha,Marzo,0.26
Coromoro,Cana panelera,Junio,0.5
Coromoro,Cana panelera,Junio,0.5
Coromoro,Cana panelera,Junio,0.5
Coromoro,Cana panelera,Julio,0.5
Coromoro,Maiz Blanco,Mayo,0.33
Coromoro,Cana panelera,Junio,0.5
Coromoro,Yuca,Marzo,1.16
Coromoro,Arracacha,Marzo,0.26
Coromoro,Arracacha,Marzo,0.26
Coromoro,Arracacha,Marzo,0.26
Coromoro,Cana panelera,Junio,0.5
Coromoro,Yuca,Marzo,1.44
Coromoro,Cana panelera,Junio,0.67
Coromoro,Cana panelera,Junio,0.68
Coromoro,Maiz Amarillo,Mayo,0.31
Coromoro,Yuca,Septiembre,1.23
Coromoro,Yuca,Septiembre,1.36
Coromoro,Cana panelera,Julio,0.5
Coromoro,Yuca,Septiembre,1.37
Coromoro,Yuca,Septiembre,1.42
Coromoro,Cana panelera,Junio,0.5
Coromoro,Arracacha,Febrero,0.26
Coromoro,Arracacha,Febrero,0.26
Coromoro,Cana panelera,Julio,0.5
Coromoro,Maiz Amarillo,Mayo,0.3
Coromoro,Arracacha,Febrero,0.26
Coromoro,Arracacha,Febrero,0.26
Coromoro,Arracacha,Marzo,0.26
Coromoro,Yuca,Marzo,1.26
Coromoro,Platano,Julio,0.64
Coromoro,Cana panelera,Junio,0.5
Coromoro,Arracacha,Febrero,0.26
Coromoro,Cana panelera,Junio,0.5
Coromoro,Platano,Agosto,0.64
Coromoro,Arracacha,Marzo,0.26
Coromoro,Arracacha,Marzo,0.26
Coromoro,Yuca,Septiembre,1.45
Coromoro,Platano,Julio,0.64
Coromoro,Maiz Amarillo,Mayo,0.33
Coromoro,Cana panelera,Junio,0.72
Coromoro,Cana panelera,Junio,0.5
Coromoro,Yuca,Marzo,1.43
Coromoro,Arracacha,Marzo,0.26
Coromoro,Cana panelera,Julio,0.61
Coromoro,Maiz Amarillo,Mayo,0.3
Coromoro,Platano,Agosto,0.64
Coromoro,Arracacha,Marzo,0.26
Coromoro,Cana panelera,Junio,0.5
Coromoro,Cana panelera,Junio,0.5
Coromoro,Platano,Agosto,0.64
Coromoro,Platano,Julio,0.64
Coromoro,Cana panelera,Julio,0.5
Coromoro,Maiz Amarillo,Mayo,0.3
Coromoro,Cana panelera,Julio,0.67
Coromoro,Cana panelera,Junio,0.5
Coromoro,Yuca,Marzo,1.41
Coromoro,Cana panelera,Junio,0.5
Coromoro,Arracacha,Marzo,0.26
Coromoro,Yuca,Septiembre,1.35
Coromoro,Arveja verde,Mayo,0.85
Coromoro,Cana panelera,Julio,0.5
Coromoro,Cana panelera,Junio,0.5
Coromoro,Maiz Amarillo,Mayo,0.29
Coromoro,Yuca,Marzo,1.32
Coromoro,Platano,Junio,0.64
Coromoro,Cana panelera,Junio,0.63
Coromoro,Arracacha,Marzo,0.26
Coromoro,Cana panelera,Junio,0.67
Coromoro,Yuca,Septiembre,1.23
Coromoro,Cana panelera,Julio,0.5
Coromoro,Yuca,Marzo,1.31
Coromoro,Cana panelera,Junio,0.56
Coromoro,Cana panelera,Junio,0.5
Coromoro,Arracacha,Febrero,0.26
Coromoro,Arracacha,Febrero,0.26
Coromoro,Arracacha,Febrero,0.26
Coromoro,Arracacha,Marzo,0.26
Coromoro,Arracacha,Febrero,0.26
Coromoro,Arracacha,Febrero,0.26
Coromoro,Cana panelera,Junio,0.73
Coromoro,Cana panelera,Junio,0.5
Coromoro,Maiz Blanco,Mayo,0.36
Coromoro,Yuca,Marzo,1.31
Coromoro,Cana panelera,Junio,0.5
Coromoro,Yuca,Marzo,1.31
Coromoro,Cana panelera,Junio,0.68
Coromoro,Platano,Junio,0.64
Coromoro,Cana panelera,Junio,0.5
Coromoro,Cana panelera,Junio,0.5
Coromoro,Platano,Junio,0.64
Coromoro,Cana panelera,Julio,0.5
Coromoro,Yuca,Septiembre,1.23
Coromoro,Yuca,Septiembre,1.3
Coromoro,Yuca,Septiembre,1.29
Coromoro,Yuca,Septiembre,1.43
Coromoro,Yuca,Septiembre,1.51
Coromoro,Yuca,Septiembre,1.44
Coromoro,Maiz Amarillo,Mayo,0.31
Coromoro,Cana panelera,Junio,0.5
Coromoro,Cana panelera,Junio,0.5
Coromoro,Cana panelera,Junio,0.68
Coromoro,Cana panelera,Junio,0.5
Coromoro,Platano,Julio,0.64
Coromoro,Cana panelera,Junio,0.5
Coromoro,Platano,Junio,0.64
Coromoro,Frijol,Mayo,0.01
Coromoro,Cana panelera,Julio,0.63
Coromoro,Yuca,Marzo,1.49
Coromoro,Yuca,Marzo,1.32
Coromoro,Yuca,Marzo,1.38
Coromoro,Cana panelera,Junio,0.5
Coromoro,Platano,Junio,0.64
Coromoro,Cana panelera,Junio,0.5
Coromoro,Cana panelera,Junio,0.5
Coromoro,Cana panelera,Junio,0.5
Coromoro,Pina,Octubre,2.24
Coromoro,Platano,Agosto,0.64
Coromoro,Cana panelera,Junio,0.5
Coromoro,Arracacha,Marzo,0.26
Coromoro,Arracacha,Marzo,0.26
Coromoro,Platano,Agosto,0.64
Coromoro,Arracacha,Marzo,0.26
Coromoro,Arracacha,Marzo,0.26
Coromoro,Arracacha,Marzo,0.26
Coromoro,Yuca,Marzo,1.31
Coromoro,Cana panelera,Julio,0.5
Coromoro,Cana panelera,Julio,0.5
Coromoro,Cana panelera,Junio,0.5
Coromoro,Yuca,Marzo,1.38
Coromoro,Platano,Julio,0.64
Coromoro,Arracacha,Marzo,0.26
Coromoro,Maiz Amarillo,Mayo,0.3
Coromoro,Cana panelera,Julio,0.5
Coromoro,Arracacha,Marzo,0.26
Coromoro,Platano,Agosto,0.64
Coromoro,Maiz Amarillo,Mayo,0.28
Coromoro,Pina,Septiembre,2.24
Coromoro,Pina,Septiembre,2.24
Coromoro,Maiz Amarillo,Mayo,0.35
Coromoro,Arracacha,Marzo,0.26
Coromoro,Arracacha,Marzo,0.26
Coromoro,Cana panelera,Julio,0.5
Coromoro,Maiz Amarillo,Mayo,0.32
Coromoro,Cana panelera,Julio,0.5
Coromoro,Maiz Amarillo,Mayo,0.34
Coromoro,Maiz Amarillo,Mayo,0.32
Coromoro,Yuca,Septiembre,1.3
Coromoro,Yuca,Septiembre,1.31
Coromoro,Yuca,Septiembre,1.31
Coromoro,Cana panelera,Junio,0.5
Coromoro,Arracacha,Febrero,0.26
Coromoro,Arracacha,Febrero,0.26
Coromoro,Arracacha,Marzo,0.26
Coromoro,Platano,Julio,0.64
Coromoro,Maiz Amarillo,Mayo,0.31
Coromoro,Cana panelera,Junio,0.65
Coromoro,Cana panelera,Junio,0.5
Coromoro,Maiz Amarillo,Mayo,0.31
Coromoro,Cana panelera,Junio,0.5
Coromoro,Arracacha,Marzo,0.26
Coromoro,Arracacha,Marzo,0.26
Coromoro,Yuca,Septiembre,1.38
Coromoro,Cana panelera,Julio,0.5
Coromoro,Platano,Julio,0.64
Coromoro,Maiz Amarillo,Mayo,0.31
Coromoro,Bore,Marzo,0.26
Coromoro,Bore,Marzo,0.26
Coromoro,Bore,Marzo,0.26
Coromoro,Bore,Marzo,0.26
Coromoro,Cana panelera,Junio,0.5
Coromoro,Maiz Blanco,Mayo,0.34
Coromoro,Cana panelera,Julio,0.5
Coromoro,Yuca,Septiembre,1.25
Coromoro,Maiz Amarillo,Mayo,0.31
Coromoro,Cana panelera,Junio,0.5
Coromoro,Cana panelera,Junio,0.63
Coromoro,Yuca,Marzo,1.45
Coromoro,Arracacha,Febrero,0.26
Coromoro,Arracacha,Marzo,0.26
Coromoro,Maiz Amarillo,Mayo,0.32
Coromoro,Arracacha,Marzo,0.26
Coromoro,Yuca,Marzo,1.28
Coromoro,Cana panelera,Junio,0.5
Coromoro,Cana panelera,Junio,0.5
Coromoro,Platano,Junio,0.64
Coromoro,Arracacha,Febrero,0.26
Coromoro,Platano,Julio,0.64
Coromoro,Yuca,Septiembre,1.32
Coromoro,Cana panelera,Julio,0.5
Coromoro,Arracacha,Marzo,0.26
Coromoro,Yuca,Marzo,1.34
Coromoro,Platano,Julio,0.64
Coromoro,Arracacha,Marzo,0.26
Coromoro,Platano,Agosto,0.64
Coromoro,Maiz Amarillo,Mayo,0.33
Coromoro,Platano,Julio,0.64
Coromoro,Cana panelera,Junio,0.5
Coromoro,Cana panelera,Julio,0.5
Coromoro,Yuca,Septiembre,1.3
Coromoro,Yuca,Septiembre,1.29
Coromoro,Yuca,Marzo,1.29
Coromoro,Cana panelera,Junio,0.5
Coromoro,Maiz Amarillo,Mayo,0.34
Coromoro,Arracacha,Marzo,0.26
Coromoro,Maiz Amarillo,Mayo,0.32
Coromoro,Yuca,Septiembre,1.41
Coromoro,Yuca,Septiembre,1.4
Coromoro,Yuca,Septiembre,1.36
Coromoro,Yuca,Septiembre,1.46
Coromoro,Cana panelera,Julio,0.5
Coromoro,Maiz Amarillo,Mayo,0.35
Coromoro,Arracacha,Marzo,0.26
Coromoro,Arracacha,Marzo,0.26
Coromoro,Arracacha,Marzo,0.26
Coromoro,Platano,Junio,0.64
Coromoro,Yuca,Marzo,1.28
Coromoro,Cana panelera,Junio,0.61
Coromoro,Cana panelera,Julio,0.65
Coromoro,Cana panelera,Junio,0.5
Coromoro,Platano,Junio,0.64
Coromoro,Arracacha,Marzo,0.26
Coromoro,Yuca,Marzo,1.35
Coromoro,Yuca,Marzo,1.42
Coromoro,Cana panelera,Julio,0.5
Coromoro,Cana panelera,Julio,0.5
Coromoro,Platano,Julio,0.64
Coromoro,Cana panelera,Junio,0.5
Coromoro,Platano,Junio,0.64
Coromoro,Arracacha,Marzo,0.26
Coromoro,Platano,Julio,0.64
Coromoro,Cana panelera,Julio,0.5
Coromoro,Yuca,Marzo,1.36
Coromoro,Platano,Julio,0.64
Coromoro,Cana panelera,Junio,0.65
Coromoro,Cana panelera,Junio,0.5
Coromoro,Pina,Octubre,2.24
Coromoro,Arracacha,Marzo,0.26
Coromoro,Cana panelera,Julio,0.5
Coromoro,Platano,Julio,0.64
Coromoro,Cana panelera,Julio,0.5
Coromoro,Maiz Amarillo,Mayo,0.3
Coromoro,Maiz Blanco,Mayo,0.37
Coromoro,Yuca,Marzo,1.29
Coromoro,Yuca,Marzo,1.31
Coromoro,Yuca,Marzo,1.29
Coromoro,Cana panelera,Junio,0.5
Coromoro,Maiz Amarillo,Mayo,0.35
Coromoro,Cana panelera,Junio,0.5
Coromoro,Yuca,Septiembre,1.4
Coromoro,Pina,Septiembre,2.24
Coromoro,Cana panelera,Junio,0.5
Coromoro,Cana panelera,Julio,0.5
Coromoro,Maiz Amarillo,Mayo,0.31
Coromoro,Yuca,Septiembre,1.44
Coromoro,Yuca,Septiembre,1.49
Coromoro,Yuca,Septiembre,1.31
Coromoro,Cana panelera,Junio,0.5
Coromoro,Yuca,Septiembre,1.29
Coromoro,Yuca,Marzo,1.29
Coromoro,Maiz Blanco,Diciembre,0.34
Coromoro,Cana panelera,Junio,0.64
Coromoro,Platano,Junio,0.64
Coromoro,Yuca,Marzo,1.38
Coromoro,Maiz Amarillo,Diciembre,0.31
Coromoro,Cana panelera,Junio,0.5
Coromoro,Platano,Junio,0.64
Coromoro,Platano,Agosto,0.64
Coromoro,Arracacha,Marzo,0.26
Coromoro,Cana panelera,Julio,0.66
Coromoro,Cana panelera,Julio,0.5
Coromoro,Maiz Amarillo,Mayo,0.36
Coromoro,Platano,Julio,0.64
Coromoro,Maiz Amarillo,Diciembre,0.31
Coromoro,Yuca,Marzo,1.38
Coromoro,Yuca,Marzo,1.2
Coromoro,Cana panelera,Junio,0.5
Coromoro,Platano,Junio,0.64
Coromoro,Yuca,Marzo,1.41
Coromoro,Cana panelera,Junio,0.5
Coromoro,Arracacha,Marzo,0.26
Coromoro,Platano,Agosto,0.64
Coromoro,Arracacha,Marzo,0.26
Coromoro,Cana panelera,Junio,0.5
Coromoro,Maiz Blanco,Diciembre,0.35
Coromoro,Yuca,Marzo,1.22
Coromoro,Cana panelera,Junio,0.5
Coromoro,Platano,Junio,0.64
Coromoro,Cana panelera,Junio,0.5
Coromoro,Platano,Junio,0.64
Coromoro,Pina,Octubre,2.24
Coromoro,Arracacha,Marzo,0.26
Coromoro,Cana panelera,Julio,0.5
Coromoro,Lulo,Septiembre,0.18
Coromoro,Maiz Amarillo,Mayo,0.33
Coromoro,Arracacha,Marzo,0.26
Coromoro,Yuca,Marzo,1.42
Coromoro,Maiz Amarillo,Mayo,0.31
Coromoro,Arracacha,Marzo,0.26
Coromoro,Pina,Octubre,2.24
Coromoro,Cana panelera,Junio,0.5
Coromoro,Maiz Amarillo,Mayo,0.32
Coromoro,Arracacha,Marzo,0.26
Coromoro,Cana panelera,Junio,0.64
Coromoro,Arracacha,Marzo,0.26
Coromoro,Cana panelera,Junio,0.5
Coromoro,Cana panelera,Julio,0.5
Coromoro,Cana panelera,Julio,0.5
Coromoro,Yuca,Marzo,1.28
Coromoro,Cana panelera,Junio,0.5
Coromoro,Cana panelera,Junio,0.64
Coromoro,Arracacha,Marzo,0.26
Coromoro,Cana panelera,Julio,0.5
Coromoro,Arracacha,Marzo,0.26
Coromoro,Pina,Octubre,2.24
Coromoro,Arracacha,Febrero,0.26
Coromoro,Arracacha,Marzo,0.26
Coromoro,Platano,Julio,0.64
Coromoro,Yuca,Septiembre,1.35
Coromoro,Yuca,Septiembre,1.38
Coromoro,Yuca,Septiembre,1.42
Coromoro,Yuca,Septiembre,1.26
Coromoro,Yuca,Septiembre,1.4
Coromoro,Yuca,Septiembre,1.4
Coromoro,Cana panelera,Junio,0.5
Coromoro,Arracacha,Febrero,0.26
Coromoro,Arracacha,Marzo,0.26
Coromoro,Pina,Octubre,2.24
Coromoro,Arracacha,Febrero,0.26
Coromoro,Arracacha,Febrero,0.26
Coromoro,Arracacha,Febrero,0.26
Coromoro,Arracacha,Febrero,0.26
Coromoro,Yuca,Septiembre,1.38
Coromoro,Cana panelera,Julio,0.5
Coromoro,Cana panelera,Julio,0.5
Coromoro,Arracacha,Marzo,0.26
Coromoro,Arracacha,Marzo,0.26
Coromoro,Arracacha,Marzo,0.26
Coromoro,Cana panelera,Junio,0.5
Coromoro,Arracacha,Marzo,0.26
Coromoro,Arracacha,Marzo,0.26
Coromoro,Arracacha,Marzo,0.26
Coromoro,Cana panelera,Junio,0.5
Coromoro,Cana panelera,Junio,0.5
Coromoro,Cana panelera,Julio,0.68
Coromoro,Yuca,Septiembre,1.26
Coromoro,Maiz Amarillo,Mayo,0.33
Coromoro,Cana panelera,Junio,0.5
Coromoro,Maiz Amarillo,Mayo,0.31
Coromoro,Maiz Amarillo,Mayo,0.32
Coromoro,Cana panelera,Junio,0.5
Coromoro,Cana panelera,Junio,0.67
Coromoro,Arracacha,Marzo,0.26
Coromoro,Platano,Julio,0.64
Coromoro,Yuca,Marzo,1.26
Coromoro,Platano,Julio,0.64
Coromoro,Yuca,Septiembre,1.44
Coromoro,Yuca,Septiembre,1.43
Coromoro,Cana panelera,Junio,0.5
Coromoro,Platano,Junio,0.64
Coromoro,Lulo,Agosto,0.19
Coromoro,Arracacha,Marzo,0.26
Coromoro,Cana panelera,Junio,0.5
Coromoro,Arracacha,Marzo,0.26
Coromoro,Arracacha,Marzo,0.26
Coromoro,Maiz Amarillo,Mayo,0.31
Coromoro,Cana panelera,Julio,0.5
Coromoro,Yuca,Marzo,1.29
Coromoro,Yuca,Marzo,1.37
Coromoro,Cana panelera,Julio,0.5
Coromoro,Arracacha,Marzo,0.26
Coromoro,Maiz Amarillo,Mayo,0.32
Coromoro,Cana panelera,Julio,0.5
Coromoro,Maiz Amarillo,Mayo,0.32
Coromoro,Arveja verde,Mayo,0.85
Coromoro,Arracacha,Marzo,0.26
Coromoro,Cana panelera,Julio,0.5
Coromoro,Cana panelera,Julio,0.5
Coromoro,Cana panelera,Junio,0.5
Coromoro,Cana panelera,Junio,0.5
Coromoro,Cana panelera,Junio,0.63
Coromoro,Cana panelera,Junio,0.5
Coromoro,Arracacha,Marzo,0.26
Coromoro,Arracacha,Febrero,0.26
Coromoro,Cana panelera,Julio,0.5
Coromoro,Cana panelera,Junio,0.56
Coromoro,Platano,Junio,0.64
Coromoro,Arracacha,Marzo,0.26
Coromoro,Arracacha,Marzo,0.26
Coromoro,Cana panelera,Junio,0.5
Coromoro,Arracacha,Marzo,0.26
Coromoro,Arracacha,Marzo,0.26
Coromoro,Maiz Amarillo,Mayo,0.33
Coromoro,Maiz Amarillo,Mayo,0.31
Coromoro,Maiz Blanco,Mayo,0.33
Coromoro,Arracacha,Febrero,0.26
Coromoro,Arracacha,Febrero,0.26
Coromoro,Maiz Amarillo,Mayo,0.33
Coromoro,Cana panelera,Julio,0.5
Coromoro,Cana panelera,Julio,0.5
Coromoro,Maiz Amarillo,Mayo,0.31
Coromoro,Arracacha,Marzo,0.26
Coromoro,Maiz Amarillo,Mayo,0.29
Coromoro,Arracacha,Marzo,0.26
Coromoro,Arracacha,Marzo,0.26
Coromoro,Arracacha,Marzo,0.26
Coromoro,Cana panelera,Junio,0.5
Coromoro,Arracacha,Marzo,0.26
Coromoro,Arracacha,Marzo,0.26
Coromoro,Arracacha,Marzo,0.26
Coromoro,Cana panelera,Julio,0.5
Coromoro,Cana panelera,Junio,0.62
Coromoro,Arracacha,Marzo,0.26
Coromoro,Platano,Julio,0.64
Coromoro,Lulo,Septiembre,0.18
Coromoro,Maiz Amarillo,Mayo,0.34
Coromoro,Cana panelera,Julio,0.5
Coromoro,Maiz Amarillo,Mayo,0.32
Coromoro,Cana panelera,Julio,0.5
Coromoro,Arracacha,Marzo,0.26
Coromoro,Arracacha,Marzo,0.26
Coromoro,Arracacha,Marzo,0.26
Coromoro,Arracacha,Marzo,0.26
Coromoro,Arracacha,Marzo,0.26
Coromoro,Cebolla cabezona,Mayo,1.55
Coromoro,Arracacha,Febrero,0.26
Coromoro,Arracacha,Febrero,0.26
Coromoro,Arracacha,Febrero,0.26
Coromoro,Arracacha,Febrero,0.26
Coromoro,Arracacha,Febrero,0.26
Coromoro,Arracacha,Febrero,0.26
Coromoro,Arracacha,Febrero,0.26
Coromoro,Arracacha,Febrero,0.26
Coromoro,Arracacha,Febrero,0.26
Coromoro,Arracacha,Febrero,0.26
Coromoro,Arracacha,Febrero,0.26
Coromoro,Arracacha,Febrero,0.26
Coromoro,Arracacha,Febrero,0.26
Coromoro,Arracacha,Febrero,0.26
Coromoro,Arracacha,Febrero,0.26
Coromoro,Arracacha,Febrero,0.26
Coromoro,Arracacha,Febrero,0.26
Coromoro,Arracacha,Febrero,0.26
Coromoro,Arracacha,Febrero,0.26
Coromoro,Arracacha,Febrero,0.26
Coromoro,Arracacha,Febrero,0.26
Coromoro,Arracacha,Febrero,0.26
Coromoro,Arracacha,Febrero,0.26
Coromoro,Arracacha,Febrero,0.26
Coromoro,Arracacha,Febrero,0.26
Coromoro,Arracacha,Febrero,0.26
Coromoro,Arracacha,Febrero,0.26
Coromoro,Arracacha,Febrero,0.26
Coromoro,Arracacha,Febrero,0.26
Coromoro,Arracacha,Febrero,0.26
Coromoro,Arracacha,Febrero,0.26
Coromoro,Arracacha,Febrero,0.26
Coromoro,Arracacha,Febrero,0.26
Coromoro,Arracacha,Febrero,0.26
Coromoro,Arracacha,Febrero,0.26
Coromoro,Arracacha,Febrero,0.26
Coromoro,Arracacha,Febrero,0.26
Coromoro,Arracacha,Febrero,0.26
Coromoro,Arracacha,Febrero,0.26
Coromoro,Arracacha,Febrero,0.26
Coromoro,Arracacha,Febrero,0.26
Coromoro,Arracacha,Febrero,0.26
Coromoro,Arracacha,Febrero,0.26
Coromoro,Arracacha,Febrero,0.26
Coromoro,Arracacha,Febrero,0.26
Coromoro,Arracacha,Febrero,0.26
Coromoro,Arracacha,Febrero,0.26
Coromoro,Arracacha,Febrero,0.26
Coromoro,Arracacha,Febrero,0.26
Coromoro,Arracacha,Febrero,0.26
Coromoro,Arracacha,Febrero,0.26
Coromoro,Arracacha,Febrero,0.26
Coromoro,Arracacha,Febrero,0.26
Coromoro,Arracacha,Febrero,0.26
Coromoro,Arracacha,Febrero,0.26
Coromoro,Arracacha,Febrero,0.26
Coromoro,Arracacha,Febrero,0.26
Coromoro,Arracacha,Febrero,0.26
Coromoro,Arracacha,Febrero,0.26
Coromoro,Arracacha,Febrero,0.26
Coromoro,Arracacha,Febrero,0.26
Coromoro,Arracacha,Febrero,0.26
Coromoro,Arracacha,Febrero,0.26
Coromoro,Arracacha,Febrero,0.26
Coromoro,Arracacha,Febrero,0.26
Coromoro,Arracacha,Febrero,0.26
Coromoro,Arracacha,Febrero,0.26
Coromoro,Arracacha,Febrero,0.26
Coromoro,Arracacha,Febrero,0.26
Coromoro,Arracacha,Febrero,0.26
Coromoro,Arracacha,Febrero,0.26
Coromoro,Arracacha,Febrero,0.26
Coromoro,Arracacha,Febrero,0.26
Coromoro,Arracacha,Febrero,0.26
Coromoro,Arracacha,Febrero,0.26
Coromoro,Arracacha,Febrero,0.26
Coromoro,Arracacha,Febrero,0.26
Coromoro,Arracacha,Febrero,0.26
Coromoro,Arracacha,Febrero,0.26
Coromoro,Arracacha,Febrero,0.26
Coromoro,Arracacha,Febrero,0.26
Coromoro,Arracacha,Febrero,0.26
Coromoro,Arracacha,Febrero,0.26
Coromoro,Arracacha,Febrero,0.26
Coromoro,Arracacha,Febrero,0.26
Coromoro,Arracacha,Febrero,0.26
Coromoro,Arracacha,Febrero,0.26
Coromoro,Arracacha,Febrero,0.26
Coromoro,Arracacha,Febrero,0.26
Coromoro,Arracacha,Febrero,0.26
Coromoro,Arracacha,Febrero,0.26
Coromoro,Arracacha,Febrero,0.26
Coromoro,Arracacha,Febrero,0.26
Coromoro,Arracacha,Febrero,0.26
Coromoro,Arracacha,Febrero,0.26
Coromoro,Arracacha,Febrero,0.26
Coromoro,Arracacha,Febrero,0.26
Coromoro,Arracacha,Febrero,0.26
Coromoro,Arracacha,Febrero,0.26
Coromoro,Arracacha,Febrero,0.26
Coromoro,Arracacha,Febrero,0.26
Coromoro,Arracacha,Febrero,0.26
Coromoro,Arracacha,Febrero,0.26
Coromoro,Arracacha,Febrero,0.26
Coromoro,Arracacha,Febrero,0.26
Coromoro,Arracacha,Febrero,0.26
Coromoro,Arracacha,Febrero,0.26
Coromoro,Arracacha,Febrero,0.26
Coromoro,Arracacha,Febrero,0.26
Coromoro,Arracacha,Febrero,0.26
Coromoro,Arracacha,Febrero,0.26
Coromoro,Arracacha,Febrero,0.26
Coromoro,Arracacha,Febrero,0.26
Coromoro,Arracacha,Febrero,0.26
Coromoro,Arracacha,Febrero,0.26
Coromoro,Arracacha,Febrero,0.26
Coromoro,Arracacha,Febrero,0.26
Coromoro,Arracacha,Febrero,0.26
Coromoro,Arracacha,Febrero,0.26
Coromoro,Arracacha,Febrero,0.26
Coromoro,Arracacha,Febrero,0.26
Coromoro,Arracacha,Febrero,0.26
Coromoro,Arracacha,Febrero,0.26
Coromoro,Arracacha,Febrero,0.26
Coromoro,Arracacha,Febrero,0.26
Coromoro,Arracacha,Febrero,0.26
Coromoro,Arracacha,Febrero,0.26
Coromoro,Arracacha,Febrero,0.26
Coromoro,Arracacha,Febrero,0.26
Coromoro,Arracacha,Febrero,0.26
Coromoro,Arracacha,Febrero,0.26
Coromoro,Arracacha,Febrero,0.26
Coromoro,Arracacha,Febrero,0.26
Coromoro,Arracacha,Febrero,0.26
Coromoro,Arracacha,Febrero,0.26
Coromoro,Arracacha,Febrero,0.26
Coromoro,Arracacha,Febrero,0.26
Coromoro,Arracacha,Febrero,0.26
Coromoro,Arracacha,Febrero,0.26
Coromoro,Arracacha,Febrero,0.26
Coromoro,Arracacha,Febrero,0.26
Coromoro,Arracacha,Febrero,0.26
Coromoro,Arracacha,Febrero,0.26
Coromoro,Arracacha,Febrero,0.26
Coromoro,Arracacha,Febrero,0.26
Coromoro,Arracacha,Febrero,0.26
Coromoro,Arracacha,Febrero,0.26
Coromoro,Arracacha,Febrero,0.26
Coromoro,Arracacha,Febrero,0.26
Coromoro,Arracacha,Febrero,0.26
Coromoro,Arracacha,Febrero,0.26
Coromoro,Arracacha,Febrero,0.26
Coromoro,Arracacha,Febrero,0.26
Coromoro,Arracacha,Febrero,0.26
Coromoro,Arracacha,Febrero,0.26
Coromoro,Arracacha,Febrero,0.26
Coromoro,Arracacha,Febrero,0.26
Coromoro,Arracacha,Febrero,0.26
Coromoro,Arracacha,Febrero,0.26
Coromoro,Arracacha,Febrero,0.26
Coromoro,Arracacha,Febrero,0.26
Coromoro,Arracacha,Febrero,0.26
Coromoro,Arracacha,Febrero,0.26
Coromoro,Arracacha,Febrero,0.26
Coromoro,Arracacha,Febrero,0.26
Coromoro,Arracacha,Febrero,0.26
Coromoro,Arracacha,Febrero,0.26
Coromoro,Arracacha,Febrero,0.26
Coromoro,Arracacha,Febrero,0.26
Coromoro,Arracacha,Febrero,0.26
Coromoro,Arracacha,Febrero,0.26
Coromoro,Arracacha,Febrero,0.26
Coromoro,Arracacha,Febrero,0.26
Coromoro,Arracacha,Febrero,0.26
Coromoro,Arracacha,Febrero,0.26
Coromoro,Arracacha,Febrero,0.26
Coromoro,Arracacha,Febrero,0.26
Coromoro,Arracacha,Febrero,0.26
Coromoro,Arracacha,Febrero,0.26
Coromoro,Arracacha,Febrero,0.26
Coromoro,Arracacha,Febrero,0.26
Coromoro,Arracacha,Febrero,0.26
Coromoro,Arracacha,Febrero,0.26
Coromoro,Arracacha,Febrero,0.26
Coromoro,Arracacha,Febrero,0.26
Coromoro,Arracacha,Febrero,0.26
Coromoro,Arracacha,Febrero,0.26
Coromoro,Arracacha,Febrero,0.26
Coromoro,Arracacha,Febrero,0.26
Coromoro,Arracacha,Febrero,0.26
Coromoro,Arracacha,Febrero,0.26
Coromoro,Arracacha,Febrero,0.26
Coromoro,Arracacha,Febrero,0.26
Coromoro,Arracacha,Febrero,0.26
Coromoro,Arracacha,Febrero,0.26
Coromoro,Arracacha,Febrero,0.26
Coromoro,Arracacha,Febrero,0.26
Coromoro,Arracacha,Febrero,0.26
Coromoro,Arracacha,Febrero,0.26
Coromoro,Arracacha,Febrero,0.26
Coromoro,Arracacha,Marzo,0.26
Coromoro,Cana panelera,Julio,0.5
Coromoro,Cana panelera,Julio,0.5
Coromoro,Maiz Amarillo,Mayo,0.34
Coromoro,Cana panelera,Junio,0.5
Coromoro,Arracacha,Marzo,0.26
Coromoro,Yuca,Marzo,1.43
Coromoro,Yuca,Marzo,1.3
Coromoro,Maiz Amarillo,Mayo,0.31
Coromoro,Cana panelera,Julio,0.74
Coromoro,Maiz Amarillo,Mayo,0.31
Coromoro,Cana panelera,Junio,0.5
Coromoro,Maiz Amarillo,Mayo,0.31
Coromoro,Arracacha,Marzo,0.26
Coromoro,Cana panelera,Julio,0.5
Coromoro,Maiz Amarillo,Mayo,0.31
Coromoro,Maiz Amarillo,Mayo,0.33
Coromoro,Maiz Amarillo,Mayo,0.32
Coromoro,Maiz Amarillo,Mayo,0.33
Coromoro,Arracacha,Marzo,0.26
Coromoro,Arracacha,Marzo,0.26
Coromoro,Arracacha,Marzo,0.26
Coromoro,Arracacha,Marzo,0.26
Coromoro,Arracacha,Marzo,0.26
Coromoro,Platano,Julio,0.64
Coromoro,Maiz Amarillo,Mayo,0.31
Coromoro,Maiz Blanco,Mayo,0.37
Coromoro,Platano,Julio,0.64
Coromoro,Yuca,Septiembre,1.38
Coromoro,Cana panelera,Julio,0.5
Coromoro,Maiz Amarillo,Mayo,0.33
Coromoro,Pina,Octubre,2.24
Coromoro,Yuca,Septiembre,1.34
Coromoro,Yuca,Septiembre,1.39
Coromoro,Yuca,Septiembre,1.38
Coromoro,Yuca,Septiembre,1.38
Coromoro,Arracacha,Marzo,0.26
Coromoro,Arracacha,Marzo,0.26
Coromoro,Maiz Amarillo,Mayo,0.33
Coromoro,Arveja verde,Mayo,0.85
Coromoro,Maiz Amarillo,Mayo,0.33
Coromoro,Arracacha,Marzo,0.26
Coromoro,Arracacha,Febrero,0.26
Coromoro,Arracacha,Febrero,0.26
Coromoro,Arracacha,Febrero,0.26
Coromoro,Arracacha,Febrero,0.26
Coromoro,Cana panelera,Junio,0.5
Coromoro,Platano,Junio,0.64
Coromoro,Cana panelera,Junio,0.5
Coromoro,Arracacha,Marzo,0.26
Coromoro,Maiz Amarillo,Mayo,0.32
Coromoro,Yuca,Septiembre,1.44
Coromoro,Yuca,Septiembre,1.37
Coromoro,Cana panelera,Junio,0.5
Coromoro,Arracacha,Marzo,0.26
Coromoro,Arracacha,Marzo,0.26
Coromoro,Arracacha,Marzo,0.26
Coromoro,Arracacha,Marzo,0.26
Coromoro,Platano,Julio,0.64
Coromoro,Maiz Amarillo,Mayo,0.33
Coromoro,Maiz Amarillo,Mayo,0.32
Coromoro,Cana panelera,Junio,0.5
Coromoro,Platano,Junio,0.64
Coromoro,Arracacha,Marzo,0.26
Coromoro,Arracacha,Marzo,0.26
Coromoro,Arracacha,Febrero,0.26
Coromoro,Arracacha,Febrero,0.26
Coromoro,Arracacha,Marzo,0.26
Coromoro,Cana panelera,Junio,0.5
Coromoro,Platano,Junio,0.64
Coromoro,Maiz Amarillo,Mayo,0.3
Coromoro,Frijol,Mayo,0.01
Coromoro,Maiz Amarillo,Mayo,0.33
Coromoro,Cana panelera,Junio,0.5
Coromoro,Yuca,Marzo,1.36
Coromoro,Platano,Julio,0.64
Coromoro,Platano,Julio,0.64
Coromoro,Maiz Amarillo,Mayo,0.33
Coromoro,Cana panelera,Junio,0.5
Coromoro,Platano,Junio,0.64
Coromoro,Yuca,Septiembre,1.34
Coromoro,Platano,Julio,0.64
Coromoro,Cana panelera,Julio,0.5
Coromoro,Yuca,Septiembre,1.4
Coromoro,Yuca,Septiembre,1.25
Coromoro,Yuca,Septiembre,1.31
Coromoro,Yuca,Septiembre,1.47
Coromoro,Platano,Julio,0.64
Coromoro,Maiz Amarillo,Mayo,0.34
Coromoro,Yuca,Octubre,1.4
Coromoro,Maiz Amarillo,Mayo,0.34
Coromoro,Maiz Amarillo,Mayo,0.31
Coromoro,Arracacha,Marzo,0.26
Coromoro,Arracacha,Marzo,0.26
Coromoro,Arracacha,Marzo,0.26
Coromoro,Arracacha,Marzo,0.26
Coromoro,Arracacha,Marzo,0.26
Coromoro,Arracacha,Marzo,0.26
Coromoro,Yuca,Septiembre,1.2
Coromoro,Arracacha,Marzo,0.26
Coromoro,Arracacha,Marzo,0.26
Coromoro,Platano,Julio,0.64
Coromoro,Lulo,Septiembre,0.18
Coromoro,Lulo,Septiembre,0.19
Coromoro,Arracacha,Marzo,0.26
Coromoro,Platano,Julio,0.64
Coromoro,Platano,Julio,0.64
Coromoro,Arracacha,Marzo,0.26
Coromoro,Cana panelera,Julio,0.5
Coromoro,Maiz Blanco,Mayo,0.32
Coromoro,Arracacha,Marzo,0.26
Coromoro,Yuca,Septiembre,1.43
Coromoro,Arracacha,Marzo,0.26
Coromoro,Arracacha,Febrero,0.26
Coromoro,Cana panelera,Julio,0.5
Coromoro,Arracacha,Marzo,0.26
Coromoro,Arracacha,Marzo,0.26
Coromoro,Arracacha,Febrero,0.26
Coromoro,Arracacha,Febrero,0.26
Coromoro,Platano,Junio,0.64
Coromoro,Yuca,Marzo,1.39
Coromoro,Arracacha,Febrero,0.26
Coromoro,Arracacha,Febrero,0.26
Coromoro,Arracacha,Febrero,0.26
Coromoro,Arracacha,Marzo,0.26
Coromoro,Arracacha,Marzo,0.26
Coromoro,Arracacha,Marzo,0.26
Coromoro,Arracacha,Marzo,0.26
Coromoro,Arracacha,Febrero,0.26
Coromoro,Cana panelera,Julio,0.5
Coromoro,Arveja verde,Mayo,0.85
Coromoro,Arracacha,Febrero,0.26
Coromoro,Arracacha,Marzo,0.26
Coromoro,Arracacha,Marzo,0.26
Coromoro,Cana panelera,Julio,0.5
Coromoro,Arracacha,Marzo,0.26
Coromoro,Arracacha,Marzo,0.26
Coromoro,Arracacha,Marzo,0.26
Coromoro,Arracacha,Marzo,0.26
Coromoro,Yuca,Septiembre,1.26
Coromoro,Yuca,Septiembre,1.33
Coromoro,Arracacha,Marzo,0.26
Coromoro,Arracacha,Febrero,0.26
Coromoro,Arracacha,Marzo,0.26
Coromoro,Cana panelera,Julio,0.5
Coromoro,Arracacha,Marzo,0.26
Coromoro,Cana panelera,Julio,0.5
Coromoro,Arracacha,Febrero,0.26
Coromoro,Yuca,Marzo,1.38
Coromoro,Arracacha,Marzo,0.26
Coromoro,Arracacha,Marzo,0.26
Coromoro,Cana panelera,Julio,0.5
Coromoro,Arracacha,Marzo,0.26
Coromoro,Arracacha,Marzo,0.26
Coromoro,Arracacha,Marzo,0.26
Coromoro,Platano,Julio,0.64
Coromoro,Cana panelera,Julio,0.5
Coromoro,Arracacha,Marzo,0.26
Coromoro,Cana panelera,Junio,0.5
Coromoro,Arracacha,Marzo,0.26
Coromoro,Yuca,Septiembre,1.36
Coromoro,Platano,Julio,0.64
Coromoro,Cana panelera,Julio,0.5
Coromoro,Platano,Julio,0.64
Coromoro,Cana panelera,Junio,0.5
Coromoro,Platano,Junio,0.64
Coromoro,Cana panelera,Junio,0.5
Coromoro,Platano,Junio,0.64
Coromoro,Cana panelera,Junio,0.5
Coromoro,Arracacha,Febrero,0.26
Coromoro,Arracacha,Marzo,0.26
Coromoro,Cana panelera,Julio,0.5
Coromoro,Arracacha,Febrero,0.26
Coromoro,Cana panelera,Junio,0.64
Coromoro,Yuca,Marzo,1.35
Coromoro,Platano,Junio,0.64
Coromoro,Arracacha,Marzo,0.26
Coromoro,Maiz Blanco,Diciembre,0.33
Coromoro,Yuca,Marzo,1.34
Coromoro,Platano,Junio,0.64
Coromoro,Cana panelera,Junio,0.5
Coromoro,Arracacha,Marzo,0.26
Coromoro,Arracacha,Febrero,0.26
Coromoro,Arracacha,Febrero,0.26
Coromoro,Arracacha,Febrero,0.26
Coromoro,Arracacha,Febrero,0.26
Coromoro,Cana panelera,Julio,0.5
Coromoro,Yuca,Septiembre,1.23
Coromoro,Yuca,Septiembre,1.4
Coromoro,Cana panelera,Julio,0.5
Coromoro,Platano,Junio,0.64
Coromoro,Cana panelera,Junio,0.5
Coromoro,Platano,Junio,0.64
Coromoro,Platano,Junio,0.64
Coromoro,Cana panelera,Junio,0.5
Coromoro,Platano,Junio,0.64
Coromoro,Cana panelera,Junio,0.5
Coromoro,Platano,Junio,0.64
Coromoro,Arracacha,Marzo,0.26
Coromoro,Cana panelera,Junio,0.5
Coromoro,Arracacha,Marzo,0.26
Coromoro,Arracacha,Marzo,0.26
Coromoro,Arracacha,Marzo,0.26
Coromoro,Arracacha,Febrero,0.26
Coromoro,Maiz Amarillo,Junio,0.29
Coromoro,Arracacha,Febrero,0.26
Coromoro,Arracacha,Marzo,0.26
Coromoro,Arracacha,Febrero,0.26
Coromoro,Cana panelera,Junio,0.5
Coromoro,Arracacha,Febrero,0.26
Coromoro,Cana panelera,Julio,0.65
Coromoro,Cana panelera,Junio,0.5
Coromoro,Platano,Junio,0.64
Coromoro,Arracacha,Febrero,0.26
Coromoro,Arracacha,Febrero,0.26
Coromoro,Arracacha,Febrero,0.26
Coromoro,Platano,Julio,0.64
Coromoro,Yuca,Septiembre,1.45
Coromoro,Cana panelera,Junio,0.68
Coromoro,Cana panelera,Junio,0.59
Coromoro,Arracacha,Febrero,0.26
Coromoro,Arracacha,Febrero,0.26
Coromoro,Cana panelera,Julio,0.5
Coromoro,Arracacha,Marzo,0.26
Coromoro,Cana panelera,Julio,0.5
Coromoro,Arracacha,Marzo,0.26
Coromoro,Arracacha,Marzo,0.26
Coromoro,Cana panelera,Julio,0.5
Coromoro,Arracacha,Marzo,0.26
Coromoro,Cana panelera,Julio,0.5
Coromoro,Yuca,Septiembre,1.36
Coromoro,Cana panelera,Junio,0.5
Coromoro,Platano,Junio,0.64
Coromoro,Yuca,Marzo,1.44
Coromoro,Yuca,Septiembre,1.45
Coromoro,Frijol,Mayo,0.01
Coromoro,Avena Forrajera,Febrero,0.02
Coromoro,Avena Forrajera,Febrero,0.02
Coromoro,Avena Forrajera,Febrero,0.02
Coromoro,Avena Forrajera,Febrero,0.02
Coromoro,Avena Forrajera,Febrero,0.02
Coromoro,Avena Forrajera,Febrero,0.02
Coromoro,Avena Forrajera,Febrero,0.02
Coromoro,Avena Forrajera,Febrero,0.02
Coromoro,Avena Forrajera,Febrero,0.02
Coromoro,Avena Forrajera,Febrero,0.02
Coromoro,Avena Forrajera,Febrero,0.02
Coromoro,Avena Forrajera,Febrero,0.02
Coromoro,Avena Forrajera,Febrero,0.02
Coromoro,Avena Forrajera,Febrero,0.02
Coromoro,Avena Forrajera,Febrero,0.02
Coromoro,Avena Forrajera,Febrero,0.02
Coromoro,Avena Forrajera,Febrero,0.02
Coromoro,Avena Forrajera,Febrero,0.02
Coromoro,Avena Forrajera,Febrero,0.02
Coromoro,Avena Forrajera,Febrero,0.02
Coromoro,Avena Forrajera,Febrero,0.02
Coromoro,Avena Forrajera,Febrero,0.02
Coromoro,Avena Forrajera,Febrero,0.02
Coromoro,Avena Forrajera,Febrero,0.02
Coromoro,Avena Forrajera,Febrero,0.02
Coromoro,Avena Forrajera,Febrero,0.02
Coromoro,Avena Forrajera,Febrero,0.02
Coromoro,Avena Forrajera,Febrero,0.02
Coromoro,Avena Forrajera,Febrero,0.02
Coromoro,Avena Forrajera,Febrero,0.02
Coromoro,Cana fistula,Abril,0.46
Coromoro,Cana fistula,Abril,0.42
Curitm,Yuca,Septiembre,1.32
Curitm,Platano,Julio,0.64
Curitm,Frijol,Mayo,0.01
Curitm,Frijol,Mayo,0.01
Curitm,Maiz Amarillo,Diciembre,0.33
Curitm,Maiz Amarillo,Diciembre,0.32
Curitm,Frijol,Junio,1.85
Curitm,Maiz Amarillo,Diciembre,0.3
Curitm,Maiz Amarillo,Diciembre,0.32
Curitm,Maiz Amarillo,Diciembre,0.34
Curitm,Frijol,Marzo,0.01
Curitm,Maiz Amarillo,Diciembre,0.34
Curitm,Frijol,Mayo,0.01
Curitm,Maiz Blanco,Diciembre,0.32
Curitm,Maiz Amarillo,Diciembre,0.27
Curitm,Yuca,Marzo,1.28
Curitm,Platano,Julio,0.64
Curitm,Yuca,Septiembre,1.35
Curitm,Yuca,Septiembre,1.42
Curitm,Yuca,Septiembre,1.31
Curitm,Frijol,Mayo,2.0
Curitm,Maiz Amarillo,Noviembre,0.32
Curitm,Maiz Amarillo,Noviembre,0.32
Curitm,Maiz Amarillo,Mayo,0.31
Curitm,Maiz Blanco,Junio,0.34
Curitm,Yuca,Marzo,1.28
Curitm,Yuca,Marzo,1.24
Curitm,Maiz Amarillo,Diciembre,0.31
Curitm,Yuca,Marzo,1.41
Curitm,Maiz Amarillo,Diciembre,0.32
Curitm,Platano,Junio,0.64
Curitm,Tomate,Marzo,2.1
Curitm,Frijol,Mayo,0.01
Curitm,Maiz Amarillo,Mayo,0.3
Curitm,Yuca,Marzo,1.4
Curitm,Maiz Amarillo,Mayo,0.32
Curitm,Frijol,Mayo,0.01
Curitm,Yuca,Septiembre,1.29
Curitm,Maiz Amarillo,Mayo,0.34
Curitm,Maiz Amarillo,Mayo,0.29
Curitm,Pina,Septiembre,2.32
Curitm,Pina,Septiembre,2.32
Curitm,Maiz Amarillo,Diciembre,0.34
Curitm,Maiz Amarillo,Diciembre,0.31
Curitm,Maiz Amarillo,Diciembre,0.33
Curitm,Tomate,Marzo,2.1
Curitm,Tomate,Marzo,2.1
Curitm,Platano,Junio,0.64
Curitm,Maiz Amarillo,Diciembre,0.33
Curitm,Platano,Junio,0.64
Curitm,Maiz Amarillo,Diciembre,0.3
Curitm,Maiz Amarillo,Mayo,0.32
Curitm,Yuca,Septiembre,1.35
Curitm,Yuca,Septiembre,1.25
Curitm,Yuca,Septiembre,1.4
Curitm,Maiz Amarillo,Mayo,0.33
Curitm,Yuca,Marzo,1.38
Curitm,Platano,Julio,0.64
Curitm,Maiz Blanco,Mayo,0.33
Curitm,Habichuela,Octubre,2.09
Curitm,Maiz Blanco,Mayo,0.34
Curitm,Maiz Amarillo,Junio,0.32
Curitm,Yuca,Septiembre,1.34
Curitm,Tomate,Mayo,2.1
Curitm,Yuca,Septiembre,1.44
Curitm,Platano,Julio,0.64
Curitm,Yuca,Marzo,1.28
Curitm,Frijol,Junio,2.25
Curitm,Maiz Amarillo,Mayo,0.35
Curitm,Maiz Amarillo,Mayo,0.32
Curitm,Maiz Amarillo,Junio,0.32
Curitm,Frijol,Mayo,2.21
Curitm,Maiz Amarillo,Diciembre,0.32
Curitm,Maiz Amarillo,Diciembre,0.32
Curitm,Arveja verde,Abril,0.89
Curitm,Yuca,Septiembre,1.49
Curitm,Platano,Julio,0.64
Curitm,Mora Andina,Agosto,0.19
Curitm,Frijol,Mayo,0.01
Curitm,Maiz Blanco,Mayo,0.37
Curitm,Frijol,Mayo,0.01
Curitm,Maiz Amarillo,Diciembre,0.32
Curitm,Maiz Blanco,Diciembre,0.37
Curitm,Frijol,Mayo,2.03
Curitm,Maiz Amarillo,Noviembre,0.33
Curitm,Maiz Amarillo,Noviembre,0.34
Curitm,Frijol,Mayo,2.23
Curitm,Maiz Amarillo,Noviembre,0.31
Curitm,Maiz Amarillo,Noviembre,0.36
Curitm,Frijol,Marzo,0.01
Curitm,Frijol,Marzo,0.01
Curitm,Maiz Amarillo,Diciembre,0.32
Curitm,Maiz Amarillo,Diciembre,0.32
Curitm,Yuca,Marzo,1.33
Curitm,Maiz Amarillo,Diciembre,0.31
Curitm,Yuca,Marzo,1.29
Curitm,Frijol,Mayo,1.87
Curitm,Maiz Blanco,Diciembre,0.34
Curitm,Maiz Amarillo,Diciembre,0.31
Curitm,Frijol,Mayo,0.01
Curitm,Yuca,Septiembre,1.44
Curitm,Yuca,Septiembre,1.32
Curitm,Yuca,Septiembre,1.41
Curitm,Maiz Blanco,Diciembre,0.33
Curitm,Maiz Amarillo,Diciembre,0.31
Curitm,Maiz Amarillo,Diciembre,0.32
Curitm,Maiz Amarillo,Diciembre,0.31
Curitm,Frijol,Mayo,2.01
Curitm,Maiz Amarillo,Diciembre,0.31
Curitm,Frijol,Mayo,2.09
Curitm,Maiz Amarillo,Diciembre,0.31
Curitm,Maiz Amarillo,Mayo,0.34
Curitm,Maiz Amarillo,Diciembre,0.32
Curitm,Yuca,Noviembre,0.17
Curitm,Maiz Amarillo,Junio,0.3
Curitm,Maiz Amarillo,Diciembre,0.34
Curitm,Platano,Julio,0.64
Curitm,Frijol,Mayo,0.01
Curitm,Frijol,Mayo,0.01
Curitm,Maiz Amarillo,Diciembre,0.32
Curitm,Frijol,Mayo,0.01
Curitm,Maiz Blanco,Diciembre,0.34
Curitm,Yuca,Marzo,1.32
Curitm,Tomate,Marzo,2.1
Curitm,Tomate,Marzo,2.1
Curitm,Maiz Amarillo,Diciembre,0.34
Curitm,Maiz Amarillo,Diciembre,0.32
Curitm,Yuca,Marzo,1.32
Curitm,Frijol,Mayo,2.25
Curitm,Frijol,Mayo,0.01
Curitm,Frijol,Mayo,2.0
Curitm,Maiz Blanco,Noviembre,0.34
Curitm,Maiz Blanco,Noviembre,0.35
Curitm,Maiz Blanco,Junio,0.36
Curitm,Maiz Amarillo,Diciembre,0.31
Curitm,Frijol,Mayo,0.01
Curitm,Cana panelera,Junio,0.5
Curitm,Cana panelera,Junio,0.5
Curitm,Maiz Amarillo,Diciembre,0.32
Curitm,Platano,Junio,0.64
Curitm,Maiz Amarillo,Junio,0.32
Curitm,Maiz Amarillo,Mayo,0.31
Curitm,Maiz Amarillo,Mayo,0.33
Curitm,Maiz Blanco,Junio,0.34
Curitm,Frijol,Mayo,2.08
Curitm,Maiz Amarillo,Diciembre,0.32
Curitm,Maiz Amarillo,Diciembre,0.34
Curitm,Frijol,Mayo,0.01
Curitm,Frijol,Mayo,0.01
Curitm,Frijol,Mayo,0.01
Curitm,Maiz Amarillo,Mayo,0.31
Curitm,Maiz Amarillo,Diciembre,0.32
Curitm,Frijol,Mayo,0.01
Curitm,Maiz Amarillo,Mayo,0.36
Curitm,Frijol,Mayo,2.17
Curitm,Yuca,Septiembre,1.38
Curitm,Yuca,Septiembre,1.26
Curitm,Yuca,Septiembre,1.27
Curitm,Maiz Amarillo,Diciembre,0.33
Curitm,Frijol,Mayo,2.21
Curitm,Maiz Blanco,Noviembre,0.38
Curitm,Maiz Blanco,Noviembre,0.37
Curitm,Frijol,Marzo,0.01
Curitm,Maiz Amarillo,Noviembre,0.3
Curitm,Maiz Amarillo,Noviembre,0.34
Curitm,Frijol,Marzo,0.01
Curitm,Frijol,Marzo,0.01
Curitm,Frijol,Marzo,0.01
Curitm,Tomate,Mayo,2.1
Curitm,Maiz Amarillo,Junio,0.32
Curitm,Maiz Amarillo,Mayo,0.32
Curitm,Frijol,Mayo,1.76
Curitm,Maiz Amarillo,Noviembre,0.32
Curitm,Maiz Amarillo,Noviembre,0.31
Curitm,Maiz Amarillo,Diciembre,0.32
Curitm,Maiz Amarillo,Diciembre,0.34
Curitm,Platano,Junio,0.64
Curitm,Yuca,Febrero,1.31
Curitm,Maiz Amarillo,Diciembre,0.28
Curitm,Yuca,Marzo,1.27
Curitm,Frijol,Mayo,2.35
Curitm,Maiz Amarillo,Noviembre,0.32
Curitm,Maiz Amarillo,Noviembre,0.32
Curitm,Maiz Amarillo,Diciembre,0.33
Curitm,Frijol,Mayo,1.99
Curitm,Frijol,Julio,2.19
Curitm,Maiz Amarillo,Diciembre,0.31
Curitm,Maiz Amarillo,Diciembre,0.33
Curitm,Frijol,Mayo,0.01
Curitm,Maiz Amarillo,Mayo,0.34
Curitm,Frijol,Mayo,0.01
Curitm,Maiz Amarillo,Mayo,0.29
Curitm,Tomate,Mayo,2.1
Curitm,Yuca,Marzo,1.32
Curitm,Maiz Amarillo,Diciembre,0.35
Curitm,Platano,Junio,0.64
Curitm,Frijol,Mayo,0.01
Curitm,Maiz Amarillo,Mayo,0.31
Curitm,Frijol,Mayo,0.01
Curitm,Frijol,Mayo,0.01
Curitm,Maiz Amarillo,Mayo,0.33
Curitm,Frijol,Marzo,0.01
Curitm,Frijol,Mayo,2.18
Curitm,Maiz Amarillo,Diciembre,0.34
Curitm,Maiz Amarillo,Diciembre,0.32
Curitm,Frijol,Mayo,0.01
Curitm,Maiz Amarillo,Diciembre,0.3
Curitm,Maiz Amarillo,Diciembre,0.3
Curitm,Maiz Amarillo,Mayo,0.31
Curitm,Platano,Julio,0.64
Curitm,Frijol,Mayo,1.95
Curitm,Maiz Amarillo,Diciembre,0.31
Curitm,Maiz Amarillo,Diciembre,0.35
Curitm,Maiz Amarillo,Mayo,0.32
Curitm,Yuca,Marzo,1.48
Curitm,Frijol,Mayo,0.01
Curitm,Yuca,Octubre,2.18
Curitm,Maiz Blanco,Mayo,0.36
Curitm,Frijol,Marzo,0.01
Curitm,Maiz Amarillo,Mayo,0.35
Curitm,Yuca,Marzo,1.29
Curitm,Maiz Amarillo,Junio,0.3
Curitm,Arveja verde,Marzo,0.89
Curitm,Frijol,Marzo,0.01
Curitm,Maiz Amarillo,Mayo,0.32
Curitm,Maiz Amarillo,Mayo,0.3
Curitm,Frijol,Mayo,0.01
Curitm,Maiz Amarillo,Diciembre,0.32
Curitm,Maiz Blanco,Mayo,0.3
Curitm,Frijol,Mayo,0.01
Curitm,Frijol,Mayo,2.08
Curitm,Maiz Blanco,Noviembre,0.35
Curitm,Maiz Blanco,Noviembre,0.36
Curitm,Maiz Blanco,Mayo,0.34
Curitm,Maiz Blanco,Mayo,0.3
Curitm,Frijol,Mayo,0.01
Curitm,Maiz Amarillo,Mayo,0.31
Curitm,Frijol,Mayo,2.04
Curitm,Maiz Amarillo,Diciembre,0.34
Curitm,Maiz Amarillo,Diciembre,0.3
Curitm,Frijol,Mayo,2.22
Curitm,Maiz Amarillo,Diciembre,0.28
Curitm,Yuca,Septiembre,1.22
Curitm,Maiz Amarillo,Diciembre,0.28
Curitm,Frijol,Mayo,0.01
Curitm,Maiz Amarillo,Mayo,0.33
Curitm,Maiz Amarillo,Diciembre,0.32
Curitm,Maiz Amarillo,Diciembre,0.31
Curitm,Frijol,Marzo,0.01
Curitm,Frijol,Mayo,0.01
Curitm,Frijol,Mayo,0.01
Curitm,Maiz Blanco,Mayo,0.34
Curitm,Yuca,Septiembre,1.36
Curitm,Platano,Julio,0.64
Curitm,Platano,Julio,0.64
Curitm,Frijol,Julio,2.22
Curitm,Frijol,Mayo,0.01
Curitm,Maiz Amarillo,Mayo,0.31
Curitm,Maiz Amarillo,Diciembre,0.32
Curitm,Maiz Amarillo,Diciembre,0.34
Curitm,Maiz Amarillo,Mayo,0.31
Curitm,Maiz Amarillo,Mayo,0.31
Curitm,Frijol,Mayo,0.01
Curitm,Maiz Amarillo,Diciembre,0.33
Curitm,Maiz Amarillo,Diciembre,0.36
Curitm,Frijol,Mayo,0.01
Curitm,Frijol,Mayo,0.01
Curitm,Frijol,Mayo,0.01
Curitm,Papaya,Julio,2.76
Curitm,Papaya,Julio,2.76
Curitm,Papaya,Julio,2.76
Curitm,Frijol,Mayo,0.01
Curitm,Maiz Amarillo,Diciembre,0.32
Curitm,Maiz Amarillo,Mayo,0.33
Curitm,Frijol,Mayo,1.99
Curitm,Maiz Amarillo,Mayo,0.31
Curitm,Frijol,Mayo,2.3
Curitm,Maiz Amarillo,Mayo,0.32
Curitm,Yuca,Noviembre,0.01
Curitm,Yuca,Marzo,1.36
Curitm,Maiz Amarillo,Mayo,0.33
Curitm,Frijol,Mayo,0.01
Curitm,Frijol,Mayo,0.01
Curitm,Frijol,Mayo,0.01
Curitm,Frijol,Mayo,0.01
Curitm,Frijol,Mayo,0.01
Curitm,Frijol,Mayo,0.01
Curitm,Frijol,Mayo,0.01
Curitm,Yuca,Marzo,1.4
Curitm,Frijol,Junio,2.06
Curitm,Maiz Amarillo,Mayo,0.36
Curitm,Frijol,Mayo,0.01
Curitm,Frijol,Mayo,0.01
Curitm,Yuca,Marzo,1.22
Curitm,Maiz Amarillo,Mayo,0.3
Curitm,Frijol,Mayo,0.01
Curitm,Frijol,Mayo,0.01
Curitm,Frijol,Mayo,0.01
Curitm,Platano,Agosto,0.64
Curitm,Maiz Amarillo,Mayo,0.34
Curitm,Yuca,Marzo,1.4
Curitm,Frijol,Mayo,0.01
Curitm,Maiz Blanco,Mayo,0.35
Curitm,Yuca,Marzo,1.31
Curitm,Platano,Julio,0.64
Curitm,Platano,Agosto,0.64
Curitm,Frijol,Mayo,2.15
Curitm,Maiz Amarillo,Mayo,0.3
Curitm,Maiz Amarillo,Mayo,0.31
Curitm,Maiz Amarillo,Diciembre,0.33
Curitm,Frijol,Mayo,0.01
Curitm,Maiz Amarillo,Mayo,0.32
Curitm,Maiz Amarillo,Diciembre,0.31
Curitm,Maiz Amarillo,Mayo,0.3
Curitm,Maiz Amarillo,Diciembre,0.32
Curitm,Papaya,Agosto,2.76
Curitm,Papaya,Agosto,2.76
Curitm,Papaya,Agosto,2.76
Curitm,Papaya,Agosto,2.76
Curitm,Papaya,Agosto,2.76
Curitm,Papaya,Agosto,2.76
Curitm,Papaya,Agosto,2.76
Curitm,Papaya,Agosto,2.76
Curitm,Papaya,Agosto,2.76
Curitm,Papaya,Agosto,2.76
Curitm,Papaya,Agosto,2.76
Curitm,Papaya,Agosto,2.76
Curitm,Papaya,Agosto,2.76
Curitm,Papaya,Agosto,2.76
Curitm,Papaya,Agosto,2.76
Curitm,Papaya,Agosto,2.76
Curitm,Papaya,Agosto,2.76
Curitm,Papaya,Agosto,2.76
Curitm,Papaya,Agosto,2.76
Curitm,Papaya,Agosto,2.76
Curitm,Papaya,Agosto,2.76
Curitm,Papaya,Agosto,2.76
Curitm,Papaya,Agosto,2.76
Curitm,Papaya,Agosto,2.76
Curitm,Papaya,Agosto,2.76
Curitm,Papaya,Agosto,2.76
Curitm,Papaya,Agosto,2.76
Curitm,Papaya,Agosto,2.76
Curitm,Papaya,Agosto,2.76
Curitm,Papaya,Agosto,2.76
Curitm,Papaya,Agosto,2.76
Curitm,Papaya,Agosto,2.76
Curitm,Papaya,Agosto,2.76
Curitm,Papaya,Agosto,2.76
Curitm,Papaya,Agosto,2.76
Curitm,Papaya,Agosto,2.76
Curitm,Papaya,Agosto,2.76
Curitm,Papaya,Agosto,2.76
Curitm,Papaya,Agosto,2.76
Curitm,Papaya,Agosto,2.76
Curitm,Papaya,Agosto,2.76
Curitm,Papaya,Agosto,2.76
Curitm,Cana panelera,Julio,0.5
Curitm,Maiz Blanco,Diciembre,0.34
Curitm,Maiz Amarillo,Diciembre,0.36
Curitm,Frijol,Mayo,0.01
Curitm,Maiz Amarillo,Mayo,0.34
Curitm,Frijol,Mayo,0.01
Curitm,Yuca,Septiembre,1.17
Curitm,Maiz Amarillo,Mayo,0.31
Curitm,Frijol,Mayo,2.3
Curitm,Maiz Amarillo,Diciembre,0.36
Curitm,Maiz Amarillo,Diciembre,0.3
Curitm,Maiz Amarillo,Diciembre,0.35
Curitm,Maiz Amarillo,Diciembre,0.32
Curitm,Maiz Blanco,Junio,0.35
Curitm,Maiz Amarillo,Mayo,0.33
Curitm,Frijol,Mayo,0.01
Curitm,Frijol,Mayo,0.01
Curitm,Frijol,Mayo,0.01
Curitm,Maiz Amarillo,Diciembre,0.32
Curitm,Maiz Amarillo,Mayo,0.34
Curitm,Maiz Amarillo,Mayo,0.32
Curitm,Maiz Blanco,Mayo,0.37
Curitm,Frijol,Mayo,0.01
Curitm,Maiz Blanco,Mayo,0.37
Curitm,Frijol,Mayo,0.01
Curitm,Maiz Blanco,Mayo,0.36
Curitm,Maiz Blanco,Mayo,0.34
Curitm,Maiz Blanco,Diciembre,0.35
Curitm,Frijol,Mayo,0.01
Curitm,Frijol,Junio,2.1
Curitm,Maiz Amarillo,Diciembre,0.32
Curitm,Maiz Amarillo,Diciembre,0.33
Curitm,Maiz Amarillo,Mayo,0.33
Curitm,Frijol,Mayo,0.01
Curitm,Maiz Amarillo,Mayo,0.3
Curitm,Maiz Amarillo,Mayo,0.31
Curitm,Frijol,Marzo,0.01
Curitm,Maiz Amarillo,Junio,0.3
Curitm,Maiz Amarillo,Junio,0.33
Curitm,Maiz Amarillo,Diciembre,0.32
Curitm,Frijol,Mayo,2.17
Curitm,Yuca,Septiembre,1.37
Curitm,Maiz Amarillo,Diciembre,0.33
Curitm,Maiz Blanco,Diciembre,0.33
Curitm,Frijol,Mayo,0.01
Curitm,Tomate,Mayo,2.1
Curitm,Maiz Amarillo,Diciembre,0.32
Curitm,Frijol,Mayo,0.01
Curitm,Maiz Amarillo,Junio,0.34
Curitm,Maiz Amarillo,Diciembre,0.35
Curitm,Frijol,Mayo,0.01
Curitm,Maiz Amarillo,Mayo,0.32
Curitm,Platano,Julio,0.64
Curitm,Yuca,Marzo,1.4
Curitm,Platano,Julio,0.64
Curitm,Maiz Amarillo,Junio,0.3
Curitm,Yuca,Septiembre,1.43
Curitm,Yuca,Septiembre,1.32
Curitm,Platano,Julio,0.64
Curitm,Maiz Amarillo,Diciembre,0.31
Curitm,Maiz Amarillo,Diciembre,0.31
Curitm,Yuca,Marzo,1.61
Curitm,Maiz Amarillo,Diciembre,0.32
Curitm,Maiz Amarillo,Mayo,0.33
Curitm,Maiz Amarillo,Diciembre,0.29
Curitm,Maiz Blanco,Diciembre,0.36
Curitm,Platano,Julio,0.64
Curitm,Yuca,Septiembre,1.35
Curitm,Maiz Amarillo,Diciembre,0.31
Curitm,Maiz Amarillo,Mayo,0.32
Curitm,Platano,Julio,0.64
Curitm,Frijol,Mayo,2.09
Curitm,Frijol,Julio,2.03
Curitm,Maiz Blanco,Diciembre,0.36
Curitm,Maiz Blanco,Diciembre,0.32
Curitm,Maiz Amarillo,Junio,0.33
Curitm,Frijol,Marzo,0.01
Curitm,Cana panelera,Julio,0.5
Curitm,Cana panelera,Julio,0.5
Curitm,Cana panelera,Julio,0.5
Curitm,Cana panelera,Julio,0.5
Curitm,Maiz Amarillo,Diciembre,0.34
Curitm,Maiz Amarillo,Diciembre,0.33
Curitm,Frijol,Marzo,0.01
Curitm,Maiz Amarillo,Diciembre,0.32
Curitm,Maiz Amarillo,Noviembre,0.31
Curitm,Maiz Amarillo,Noviembre,0.31
Curitm,Arveja verde,Mayo,0.89
Curitm,Frijol,Junio,2.16
Curitm,Frijol,Junio,2.14
Curitm,Maiz Amarillo,Diciembre,0.33
Curitm,Maiz Amarillo,Diciembre,0.34
Curitm,Papaya,Julio,2.76
Curitm,Frijol,Junio,2.25
Curitm,Maiz Amarillo,Diciembre,0.32
Curitm,Frijol,Mayo,0.01
Curitm,Frijol,Mayo,0.01
Curitm,Yuca,Septiembre,1.34
Curitm,Yuca,Septiembre,1.32
Curitm,Yuca,Septiembre,1.36
Curitm,Maiz Amarillo,Junio,0.32
Curitm,Frijol,Mayo,0.01
Curitm,Yuca,Marzo,1.25
Curitm,Platano,Julio,0.64
Curitm,Frijol,Mayo,0.01
Curitm,Platano,Julio,0.64
Curitm,Frijol,Mayo,0.01
Curitm,Maiz Amarillo,Mayo,0.33
Curitm,Yuca,Septiembre,1.34
Curitm,Yuca,Septiembre,1.26
Curitm,Yuca,Septiembre,1.32
Curitm,Yuca,Septiembre,1.43
Curitm,Yuca,Septiembre,1.38
Curitm,Yuca,Septiembre,1.36
Curitm,Frijol,Mayo,2.32
Curitm,Cana panelera,Julio,0.5
Curitm,Maiz Amarillo,Diciembre,0.34
Curitm,Platano,Agosto,0.64
Curitm,Frijol,Mayo,0.01
Curitm,Frijol,Mayo,2.18
Curitm,Maiz Amarillo,Noviembre,0.33
Curitm,Maiz Amarillo,Noviembre,0.32
Curitm,Frijol,Mayo,2.29
Curitm,Maiz Amarillo,Noviembre,0.32
Curitm,Maiz Amarillo,Noviembre,0.33
Curitm,Cana panelera,Julio,0.5
Curitm,Yuca,Marzo,1.42
Curitm,Platano,Julio,0.64
Curitm,Frijol,Mayo,0.01
Curitm,Maiz Amarillo,Mayo,0.32
Curitm,Frijol,Mayo,0.01
Curitm,Maiz Amarillo,Mayo,0.35
Curitm,Yuca,Marzo,1.36
Curitm,Yuca,Marzo,1.38
Curitm,Cana panelera,Julio,0.5
Curitm,Frijol,Mayo,0.01
Curitm,Frijol,Mayo,0.01
Curitm,Maiz Amarillo,Mayo,0.32
Curitm,Frijol,Mayo,0.01
Curitm,Maiz Amarillo,Mayo,0.34
Curitm,Platano,Julio,0.64
Curitm,Cilantro,Septiembre,2.11
Curitm,Frijol,Mayo,0.01
Curitm,Maiz Amarillo,Mayo,0.33
Curitm,Yuca,Marzo,1.35
Curitm,Maiz Amarillo,Diciembre,0.33
Curitm,Platano,Junio,0.64
Curitm,Frijol,Mayo,2.04
Curitm,Frijol,Mayo,2.05
Curitm,Maiz Amarillo,Diciembre,0.35
Curitm,Maiz Amarillo,Diciembre,0.31
Curitm,Maiz Amarillo,Diciembre,0.32
Curitm,Platano,Julio,0.64
Curitm,Cana panelera,Julio,0.67
Curitm,Platano,Julio,0.64
Curitm,Cana panelera,Julio,0.5
Curitm,Frijol,Mayo,0.01
Curitm,Maiz Blanco,Diciembre,0.35
Curitm,Frijol,Mayo,2.08
Curitm,Platano,Julio,0.64
Curitm,Frijol,Mayo,0.01
Curitm,Cana panelera,Agosto,0.62
Curitm,Maiz Blanco,Diciembre,0.36
Curitm,Maiz Amarillo,Diciembre,0.31
Curitm,Cana panelera,Agosto,0.66
Curitm,Maiz Amarillo,Mayo,0.32
Curitm,Cana panelera,Julio,0.5
Curitm,Frijol,Junio,2.16
Curitm,Maiz Amarillo,Diciembre,0.32
Curitm,Maiz Amarillo,Diciembre,0.32
Curitm,Cana panelera,Julio,0.5
Curitm,Cana panelera,Julio,0.5
Curitm,Cana panelera,Agosto,0.5
Curitm,Yuca,Octubre,1.27
Curitm,Yuca,Octubre,1.29
Curitm,Yuca,Octubre,1.36
Curitm,Yuca,Marzo,1.28
Curitm,Frijol,Junio,2.23
Curitm,Frijol,Junio,2.32
Curitm,Frijol,Marzo,0.01
Curitm,Maiz Amarillo,Junio,0.34
Curitm,Cana panelera,Julio,0.5
Curitm,Cana panelera,Julio,0.7
Curitm,Frijol,Mayo,0.01
Curitm,Frijol,Mayo,0.01
Curitm,Yuca,Marzo,1.3
Curitm,Maiz Amarillo,Mayo,0.31
Curitm,Frijol,Mayo,0.01
Curitm,Yuca,Marzo,1.34
Curitm,Frijol,Mayo,2.26
Curitm,Cana panelera,Julio,0.5
Curitm,Maiz Amarillo,Mayo,0.34
Curitm,Maiz Amarillo,Mayo,0.32
Curitm,Maiz Amarillo,Mayo,0.31
Curitm,Frijol,Mayo,0.01
Curitm,Maiz Amarillo,Mayo,0.33
Curitm,Cana panelera,Julio,0.5
Curitm,Platano,Agosto,0.64
Curitm,Cana panelera,Agosto,0.5
Curitm,Frijol,Mayo,0.01
Curitm,Frijol,Mayo,0.01
Curitm,Maiz Blanco,Diciembre,0.31
Curitm,Yuca,Marzo,1.37
Curitm,Platano,Julio,0.64
Curitm,Cebada,Febrero,0.1
Curitm,Cana panelera,Julio,0.5
Curitm,Platano,Julio,0.64
Curitm,Cana panelera,Julio,0.5
Curitm,Yuca,Septiembre,1.38
Curitm,Yuca,Septiembre,1.34
Curitm,Yuca,Septiembre,1.34
Curitm,Yuca,Septiembre,1.35
Curitm,Maiz Amarillo,Mayo,0.33
Curitm,Frijol,Mayo,0.01
Curitm,Platano,Julio,0.64
Curitm,Cana panelera,Julio,0.66
Curitm,Yuca,Septiembre,1.37
Curitm,Yuca,Septiembre,1.32
Curitm,Yuca,Septiembre,1.41
Curitm,Yuca,Septiembre,1.32
Curitm,Frijol,Mayo,0.01
Curitm,Pina,Octubre,2.32
Curitm,Maiz Amarillo,Mayo,0.32
Curitm,Yuca,Marzo,1.35
Curitm,Frijol,Mayo,0.01
Curitm,Maiz Amarillo,Mayo,0.33
Curitm,Cana panelera,Julio,0.5
Curitm,Platano,Julio,0.64
Curitm,Maiz Blanco,Mayo,0.3
Curitm,Maiz Amarillo,Diciembre,0.31
Curitm,Platano,Junio,0.64
Curitm,Cana panelera,Julio,0.5
Curitm,Maiz Amarillo,Mayo,0.31
Curitm,Frijol,Mayo,0.01
Curitm,Platano,Julio,0.64
Curitm,Maiz Amarillo,Mayo,0.35
Curitm,Platano,Julio,0.64
Curitm,Frijol,Mayo,0.01
Curitm,Maiz Blanco,Mayo,0.35
Curitm,Ajies y pimientos,Septiembre,2.03
Curitm,Habichuela,Septiembre,2.2
Curitm,Pimenton,Septiembre,2.09
Curitm,Frijol,Mayo,2.08
Curitm,Maiz Amarillo,Diciembre,0.32
Curitm,Maiz Amarillo,Diciembre,0.31
Curitm,Frijol,Mayo,2.14
Curitm,Maiz Amarillo,Diciembre,0.32
Curitm,Maiz Amarillo,Diciembre,0.31
Curitm,Frijol,Mayo,0.01
Curitm,Maiz Amarillo,Mayo,0.31
Curitm,Cana panelera,Julio,0.5
Curitm,Cana panelera,Julio,0.5
Curitm,Cana panelera,Julio,0.5
Curitm,Yuca,Marzo,1.23
Curitm,Frijol,Junio,2.03
Curitm,Maiz Amarillo,Diciembre,0.32
Curitm,Maiz Amarillo,Diciembre,0.3
Curitm,Frijol,Mayo,2.2
Curitm,Platano,Julio,0.64
Curitm,Cana panelera,Julio,0.5
Curitm,Cana panelera,Julio,0.5
Curitm,Cana panelera,Julio,0.5
Curitm,Frijol,Junio,2.22
Curitm,Frijol,Mayo,0.01
Curitm,Platano,Agosto,0.64
Curitm,Cana panelera,Julio,0.64
Curitm,Cana panelera,Julio,0.5
Curitm,Cana panelera,Agosto,0.5
Curitm,Cana panelera,Agosto,0.5
Curitm,Frijol,Mayo,0.01
Curitm,Frijol,Mayo,0.01
Curitm,Yuca,Marzo,1.35
Curitm,Maiz Amarillo,Mayo,0.3
Curitm,Cana panelera,Julio,0.5
Curitm,Yuca,Septiembre,1.4
Curitm,Yuca,Septiembre,1.41
Curitm,Tomate,Marzo,2.1
Curitm,Maiz Amarillo,Diciembre,0.32
Curitm,Frijol,Mayo,0.01
Curitm,Maiz Amarillo,Mayo,0.32
Curitm,Frijol,Mayo,2.11
Curitm,Maiz Amarillo,Noviembre,0.29
Curitm,Maiz Amarillo,Noviembre,0.3
Curitm,Frijol,Mayo,0.01
Curitm,Platano,Agosto,0.64
Curitm,Yuca,Octubre,1.37
Curitm,Cana panelera,Agosto,0.5
Curitm,Maiz Amarillo,Mayo,0.34
Curitm,Frijol,Mayo,0.01
Curitm,Maiz Amarillo,Noviembre,0.31
Curitm,Maiz Amarillo,Noviembre,0.3
Curitm,Frijol,Mayo,0.01
Curitm,Maiz Amarillo,Mayo,0.31
Curitm,Platano,Julio,0.64
Curitm,Maiz Amarillo,Mayo,0.31
Curitm,Maiz Amarillo,Diciembre,0.33
Curitm,Cana panelera,Agosto,0.6
Curitm,Frijol,Mayo,0.01
Curitm,Maiz Amarillo,Mayo,0.33
Curitm,Cana panelera,Agosto,0.5
Curitm,Cana panelera,Julio,0.5
Curitm,Frijol,Mayo,0.01
Curitm,Maiz Amarillo,Mayo,0.32
Curitm,Cana panelera,Julio,0.5
Curitm,Cana panelera,Agosto,0.5
Curitm,Frijol,Mayo,0.01
Curitm,Maiz Amarillo,Mayo,0.33
Curitm,Frijol,Mayo,0.01
Curitm,Frijol,Mayo,0.01
Curitm,Cana panelera,Agosto,0.5
Curitm,Cana panelera,Agosto,0.5
Curitm,Maiz Amarillo,Mayo,0.34
Curitm,Maiz Amarillo,Mayo,0.34
Curitm,Frijol,Mayo,0.01
Curitm,Maiz Amarillo,Junio,0.32
Curitm,Yuca,Septiembre,1.28
Curitm,Cana panelera,Julio,0.58
Curitm,Cana panelera,Agosto,0.5
Curitm,Frijol,Mayo,0.01
Curitm,Maiz Blanco,Diciembre,0.33
Curitm,Frijol,Mayo,0.01
Curitm,Yuca,Octubre,1.33
Curitm,Platano,Agosto,0.64
Curitm,Cana panelera,Agosto,0.5
Curitm,Frijol,Mayo,0.01
Curitm,Maiz Amarillo,Mayo,0.33
Curitm,Maiz Amarillo,Mayo,0.31
Curitm,Frijol,Mayo,0.01
Curitm,Frijol,Mayo,0.01
Curitm,Tomate,Marzo,2.1
Curitm,Maiz Amarillo,Mayo,0.32
Curitm,Tomate,Marzo,2.1
Curitm,Tomate,Marzo,2.1
Curitm,Frijol,Mayo,0.01
Curitm,Maiz Amarillo,Mayo,0.31
Curitm,Maiz Amarillo,Mayo,0.34
Curitm,Platano,Agosto,0.64
Curitm,Cana panelera,Agosto,0.5
Curitm,Frijol,Mayo,0.01
Curitm,Maiz Amarillo,Mayo,0.31
Curitm,Frijol,Mayo,0.01
Curitm,Maiz Amarillo,Mayo,0.31
Curitm,Frijol,Junio,2.05
Curitm,Maiz Amarillo,Mayo,0.36
Curitm,Maiz Amarillo,Mayo,0.34
Curitm,Frijol,Junio,2.18
Curitm,Maiz Amarillo,Mayo,0.3
Curitm,Maiz Amarillo,Mayo,0.31
Curitm,Maiz Amarillo,Diciembre,0.33
Curitm,Frijol,Junio,2.09
Curitm,Maiz Amarillo,Diciembre,0.32
Curitm,Maiz Amarillo,Mayo,0.32
Curitm,Frijol,Mayo,0.01
Curitm,Frijol,Mayo,0.01
Curitm,Maiz Amarillo,Mayo,0.37
Curitm,Frijol,Mayo,0.01
Curitm,Maiz Amarillo,Junio,0.34
Curitm,Yuca,Septiembre,1.38
Curitm,Cana panelera,Agosto,0.65
Curitm,Frijol,Mayo,1.96
Curitm,Frijol,Mayo,0.01
Curitm,Frijol,Mayo,0.01
Curitm,Maiz Amarillo,Mayo,0.31
Curitm,Tomate,Mayo,2.1
Curitm,Frijol,Mayo,0.01
Curitm,Maiz Amarillo,Mayo,0.32
Curitm,Frijol,Mayo,0.01
Curitm,Frijol,Mayo,0.01
Curitm,Maiz Amarillo,Mayo,0.31
Curitm,Frijol,Mayo,0.01
Curitm,Maiz Amarillo,Mayo,0.32
Curitm,Yuca,Marzo,1.31
Curitm,Cana panelera,Agosto,0.5
Curitm,Maiz Amarillo,Mayo,0.3
Curitm,Frijol,Mayo,0.01
Curitm,Frijol,Mayo,0.01
Curitm,Maiz Amarillo,Mayo,0.34
Curitm,Maiz Amarillo,Mayo,0.33
Curitm,Tomate,Marzo,2.1
Curitm,Platano,Julio,0.64
Curitm,Yuca,Marzo,1.4
Curitm,Frijol,Marzo,0.01
Curitm,Tomate,Marzo,2.1
Curitm,Cana panelera,Agosto,0.5
Curitm,Cana panelera,Julio,0.5
Curitm,Cana panelera,Julio,0.65
Curitm,Maiz Amarillo,Junio,0.34
Curitm,Tomate,Marzo,2.1
Curitm,Tomate,Marzo,2.1
Curitm,Quinua,Marzo,0.02
Curitm,Cana panelera,Agosto,0.5
Curitm,Cana panelera,Agosto,0.5
Curitm,Maiz Amarillo,Junio,0.32
Curitm,Cana panelera,Agosto,0.63
Curitm,Yuca,Octubre,1.33
Curitm,Cana panelera,Agosto,0.5
Curitm,Frijol,Mayo,0.01
Curitm,Cana panelera,Agosto,0.64
Curitm,Yuca,Octubre,1.21
Curitm,Yuca,Octubre,1.25
Curitm,Yuca,Octubre,1.33
Curitm,Cana panelera,Agosto,0.71
Curitm,Maiz Amarillo,Diciembre,0.28
Curitm,Frijol,Mayo,1.98
Curitm,Maiz Amarillo,Diciembre,0.32
Curitm,Maiz Amarillo,Mayo,0.33
Curitm,Cana panelera,Agosto,0.5
Curitm,Yuca,Marzo,1.39
Curitm,Yuca,Marzo,1.36
Curitm,Cana panelera,Agosto,0.5
Curitm,Platano,Julio,0.64
Curitm,Frijol,Mayo,0.01
Curitm,Maiz Amarillo,Mayo,0.33
Curitm,Cana panelera,Julio,0.5
Curitm,Platano,Agosto,0.64
Curitm,Cana panelera,Agosto,0.5
Curitm,Frijol,Marzo,0.01
Curitm,Yuca,Septiembre,1.34
Curitm,Maiz Amarillo,Junio,0.29
Curitm,Cana panelera,Julio,0.5
Curitm,Frijol,Mayo,0.01
Curitm,Cana panelera,Julio,0.5
Curitm,Cana panelera,Julio,0.5
Curitm,Cana panelera,Agosto,0.5
Curitm,Cana panelera,Julio,0.67
Curitm,Cana panelera,Agosto,0.5
Curitm,Cana panelera,Julio,0.68
Curitm,Maiz Blanco,Junio,0.36
Curitm,Cana panelera,Agosto,0.5
Curitm,Platano,Junio,0.64
Curitm,Maiz Amarillo,Diciembre,0.31
Curitm,Cana panelera,Agosto,0.5
Curitm,Maiz Amarillo,Diciembre,0.31
Curitm,Cana panelera,Julio,0.5
Curitm,Maiz Amarillo,Mayo,0.32
Curitm,Yuca,Marzo,1.48
Curitm,Maiz Amarillo,Diciembre,0.31
Curitm,Maiz Amarillo,Diciembre,0.31
Curitm,Maiz Amarillo,Diciembre,0.33
Curitm,Frijol,Marzo,0.01
Curitm,Cana panelera,Agosto,0.5
Curitm,Cana panelera,Julio,0.5
Curitm,Cana panelera,Agosto,0.5
Curitm,Platano,Agosto,0.64
Curitm,Cana panelera,Agosto,0.5
Curitm,Cana panelera,Julio,0.67
Curitm,Cana panelera,Agosto,0.5
Curitm,Cana panelera,Julio,0.5
Curitm,Yuca,Octubre,1.41
Curitm,Cana panelera,Agosto,0.5
Curitm,Cana panelera,Julio,0.5
Curitm,Cana panelera,Agosto,0.5
Curitm,Cana panelera,Agosto,0.5
Curitm,Cana panelera,Agosto,0.5
Curitm,Cana panelera,Julio,0.5
Curitm,Cana panelera,Julio,0.5
Curitm,Platano,Julio,0.64
Curitm,Cana panelera,Julio,0.5
Curitm,Cana panelera,Julio,0.5
Curitm,Maiz Amarillo,Junio,0.33
Curitm,Frijol,Mayo,2.15
Curitm,Maiz Amarillo,Noviembre,0.3
Curitm,Maiz Amarillo,Noviembre,0.34
Curitm,Tomate,Marzo,2.1
Curitm,Tomate,Marzo,2.1
Curitm,Tomate,Marzo,2.1
Curitm,Tomate,Mayo,2.1
Curitm,Tomate,Mayo,2.1
Curitm,Tomate,Marzo,2.1
Curitm,Cana panelera,Julio,0.5
Curitm,Cana panelera,Julio,0.5
Curitm,Cana panelera,Julio,0.7
Curitm,Cana panelera,Julio,0.5
Curitm,Cana panelera,Julio,0.5
Curitm,Yuca,Septiembre,1.26
Curitm,Cana panelera,Julio,0.5
Curitm,Cana panelera,Julio,0.5
Curitm,Cana panelera,Julio,0.5
Curitm,Cana panelera,Agosto,0.5
Curitm,Platano,Julio,0.64
Curitm,Cana panelera,Julio,0.5
Curitm,Cana panelera,Julio,0.5
Curitm,Frijol,Mayo,0.01
Curitm,Ajos,Abril,2.1
Curitm,Cana panelera,Julio,0.5
Curitm,Platano,Agosto,0.64
Curitm,Maiz Amarillo,Junio,0.33
Curitm,Yuca,Octubre,1.5
Curitm,Yuca,Octubre,1.24
Curitm,Yuca,Septiembre,1.34
Curitm,Platano,Julio,0.64
Curitm,Frijol,Mayo,0.01
Curitm,Maiz Amarillo,Mayo,0.33
Curitm,Yuca,Septiembre,1.49
Curitm,Maiz Amarillo,Diciembre,0.33
Curitm,Platano,Agosto,0.64
Curitm,Frijol,Junio,2.23
Curitm,Yuca,Octubre,1.35
Curitm,Platano,Julio,0.64
Curitm,Maiz Amarillo,Mayo,0.28
Curitm,Frijol,Junio,2.1
Curitm,Maiz Amarillo,Junio,0.31
Curitm,Frijol,Mayo,0.01
Curitm,Maiz Amarillo,Mayo,0.32
Curitm,Maiz Amarillo,Mayo,0.3
Curitm,Maiz Amarillo,Mayo,0.29
Curitm,Frijol,Mayo,0.01
Curitm,Frijol,Mayo,0.01
Curitm,Yuca,Septiembre,1.44
Curitm,Yuca,Septiembre,1.4
Curitm,Yuca,Septiembre,1.38
Curitm,Yuca,Septiembre,1.29
Curitm,Yuca,Septiembre,1.36
Curitm,Frijol,Mayo,0.01
Curitm,Maiz Amarillo,Mayo,0.34
Curitm,Maiz Amarillo,Mayo,0.32
Curitm,Frijol,Mayo,0.01
Curitm,Maiz Amarillo,Mayo,0.31
Curitm,Maiz Amarillo,Mayo,0.31
Curitm,Frijol,Mayo,0.01
Curitm,Platano,Agosto,0.64
Curitm,Frijol,Mayo,0.01
Curitm,Frijol,Junio,2.09
Curitm,Maiz Blanco,Diciembre,0.33
Curitm,Maiz Blanco,Diciembre,0.33
Curitm,Maiz Amarillo,Junio,0.33
Curitm,Maiz Amarillo,Mayo,0.28
Curitm,Frijol,Mayo,0.01
Curitm,Frijol,Mayo,0.01
Curitm,Frijol,Marzo,0.01
Curitm,Frijol,Marzo,0.01
Curitm,Maiz Amarillo,Junio,0.33
Curitm,Frijol,Mayo,0.01
Curitm,Frijol,Mayo,0.01
Curitm,Maiz Amarillo,Mayo,0.3
Curitm,Platano,Julio,0.64
Curitm,Maiz Amarillo,Diciembre,0.35
Curitm,Frijol,Mayo,0.01
Curitm,Maiz Amarillo,Mayo,0.32
Curitm,Frijol,Mayo,0.01
Curitm,Frijol,Mayo,2.1
Curitm,Yuca,Septiembre,1.4
Curitm,Yuca,Septiembre,1.37
Curitm,Maiz Amarillo,Diciembre,0.32
Curitm,Frijol,Mayo,2.21
Curitm,Frijol,Mayo,0.01
Curitm,Cana fistula,Abril,0.47
Curitm,Cana fistula,Abril,0.43
Curitm,Cana fistula,Abril,0.45
Curitm,Cana fistula,Abril,0.44
Curitm,Cana fistula,Abril,0.45
Curitm,Cana fistula,Abril,0.48
Curitm,Cana fistula,Abril,0.47
Curitm,Frijol,Mayo,0.01
Curitm,Maiz Amarillo,Diciembre,0.33
Curitm,Maiz Amarillo,Diciembre,0.33
Curitm,Yuca,Marzo,1.4
Curitm,Tomate,Marzo,2.1
Curitm,Frijol,Junio,2.38
Curitm,Platano,Julio,0.64
Encino,Platano,Junio,0.65
Encino,Papas,Septiembre,1.84
Encino,Bore,Febrero,0.26
Encino,Maiz Amarillo,Mayo,0.32
Encino,Platano,Julio,0.65
Encino,Yuca,Septiembre,1.3
Encino,Arracacha,Febrero,0.26
Encino,Yuca,Marzo,1.33
Encino,Papas,Septiembre,1.98
Encino,Maiz Blanco,Diciembre,0.34
Encino,Maiz Amarillo,Diciembre,0.31
Encino,Arveja verde,Abril,1.1
Encino,Papas,Junio,1.96
Encino,Papas,Noviembre,1.72
Encino,Papas,Noviembre,1.94
Encino,Papas,Junio,1.93
Encino,Papas,Junio,1.86
Encino,Papas,Noviembre,1.86
Encino,Papas,Junio,1.76
Encino,Papas,Noviembre,1.86
Encino,Maiz Amarillo,Mayo,0.33
Encino,Yuca,Septiembre,1.28
Encino,Arveja verde,Marzo,1.1
Encino,Platano,Julio,0.65
Encino,Yuca,Septiembre,1.45
Encino,Maiz Amarillo,Mayo,0.34
Encino,Platano,Junio,0.65
Encino,Papas,Septiembre,1.88
Encino,Platano,Agosto,0.65
Encino,Maiz Amarillo,Junio,0.31
Encino,Yuca,Octubre,1.31
Encino,Yuca,Octubre,1.3
Encino,Yuca,Octubre,1.25
Encino,Maiz Blanco,Diciembre,0.38
Encino,Yuca,Septiembre,1.25
Encino,Platano,Julio,0.65
Encino,Papas,Septiembre,1.9
Encino,Papas,Junio,1.88
Encino,Papas,Noviembre,1.87
Encino,Arracacha,Marzo,0.26
Encino,Platano,Junio,0.65
Encino,Maiz Blanco,Diciembre,0.35
Encino,Maiz Blanco,Diciembre,0.36
Encino,Papas,Septiembre,1.82
Encino,Papas,Septiembre,1.61
Encino,Maiz Blanco,Diciembre,0.34
Encino,Maiz Blanco,Diciembre,0.32
Encino,Yuca,Marzo,1.44
Encino,Maiz Amarillo,Diciembre,0.35
Encino,Bore,Febrero,0.26
Encino,Platano,Julio,0.65
Encino,Bore,Marzo,0.26
Encino,Maiz Blanco,Diciembre,0.32
Encino,Platano,Julio,0.65
Encino,Platano,Julio,0.65
Encino,Yuca,Septiembre,1.32
Encino,Maiz Amarillo,Mayo,0.33
Encino,Maiz Blanco,Mayo,0.35
Encino,Maiz Amarillo,Mayo,0.35
Encino,Maiz Amarillo,Mayo,0.32
Encino,Platano,Julio,0.65
Encino,Yuca,Septiembre,1.38
Encino,Maiz Amarillo,Mayo,0.35
Encino,Platano,Junio,0.65
Encino,Yuca,Marzo,1.5
Encino,Platano,Junio,0.65
Encino,Maiz Amarillo,Mayo,0.34
Encino,Yuca,Marzo,1.36
Encino,Platano,Julio,0.65
Encino,Yuca,Marzo,1.38
Encino,Yuca,Marzo,1.44
Encino,Yuca,Marzo,1.37
Encino,Yuca,Marzo,1.37
Encino,Yuca,Marzo,1.42
Encino,Yuca,Marzo,1.33
Encino,Yuca,Marzo,1.41
Encino,Yuca,Marzo,1.34
Encino,Bore,Marzo,0.26
Encino,Bore,Marzo,0.26
Encino,Yuca,Septiembre,1.44
Encino,Platano,Julio,0.65
Encino,Platano,Junio,0.65
Encino,Platano,Junio,0.65
Encino,Maiz Amarillo,Mayo,0.32
Encino,Yuca,Marzo,1.42
Encino,Platano,Julio,0.65
Encino,Yuca,Marzo,1.26
Encino,Platano,Julio,0.65
Encino,Platano,Junio,0.65
Encino,Platano,Junio,0.65
Encino,Papas,Junio,1.95
Encino,Papas,Noviembre,1.83
Encino,Platano,Julio,0.65
Encino,Maiz Amarillo,Mayo,0.31
Encino,Platano,Agosto,0.65
Encino,Yuca,Septiembre,1.4
Encino,Maiz Amarillo,Mayo,0.32
Encino,Yuca,Septiembre,1.37
Encino,Papas,Septiembre,2.01
Encino,Bore,Marzo,0.26
Encino,Yuca,Marzo,1.37
Encino,Maiz Amarillo,Diciembre,0.32
Encino,Platano,Agosto,0.65
Encino,Yuca,Septiembre,1.32
Encino,Platano,Julio,0.65
Encino,Maiz Amarillo,Diciembre,0.31
Encino,Yuca,Septiembre,1.32
Encino,Maiz Amarillo,Mayo,0.34
Encino,Platano,Julio,0.65
Encino,Yuca,Septiembre,1.43
Encino,Maiz Amarillo,Junio,0.34
Encino,Platano,Junio,0.65
Encino,Yuca,Marzo,1.34
Encino,Yuca,Septiembre,1.4
Encino,Yuca,Septiembre,1.36
Encino,Maiz Amarillo,Mayo,0.3
Encino,Maiz Blanco,Diciembre,0.37
Encino,Bore,Marzo,0.26
Encino,Maiz Amarillo,Junio,0.33
Encino,Platano,Agosto,0.65
Encino,Maiz Amarillo,Junio,0.31
Encino,Maiz Blanco,Diciembre,0.35
Encino,Maiz Amarillo,Mayo,0.34
Encino,Yuca,Octubre,1.42
Encino,Papas,Septiembre,1.85
Encino,Platano,Junio,0.65
Encino,Papas,Septiembre,1.83
Encino,Papas,Septiembre,2.0
Encino,Papas,Septiembre,2.01
Encino,Papas,Septiembre,1.63
Encino,Yuca,Septiembre,1.28
Encino,Yuca,Septiembre,1.26
Encino,Yuca,Septiembre,1.25
Encino,Yuca,Septiembre,1.29
Encino,Yuca,Septiembre,1.24
Encino,Yuca,Septiembre,1.37
Encino,Yuca,Septiembre,1.38
Encino,Maiz Amarillo,Mayo,0.32
Encino,Maiz Amarillo,Mayo,0.31
Encino,Maiz Blanco,Diciembre,0.31
Encino,Platano,Junio,0.65
Encino,Platano,Junio,0.65
Encino,Yuca,Marzo,1.27
Encino,Yuca,Septiembre,1.33
Encino,Platano,Julio,0.65
Encino,Yuca,Marzo,1.3
Encino,Yuca,Marzo,1.29
Encino,Platano,Julio,0.65
Encino,Yuca,Septiembre,1.46
Encino,Platano,Julio,0.65
Encino,Platano,Agosto,0.65
Encino,Maiz Blanco,Diciembre,0.36
Encino,Yuca,Marzo,1.44
Encino,Papas,Septiembre,1.81
Encino,Arveja verde,Mayo,1.1
Encino,Platano,Junio,0.65
Encino,Papas,Septiembre,1.75
Encino,Papas,Septiembre,1.91
Encino,Papas,Septiembre,1.79
Encino,Papas,Septiembre,1.72
Encino,Maiz Amarillo,Mayo,0.31
Encino,Maiz Amarillo,Diciembre,0.34
Encino,Yuca,Septiembre,1.22
Encino,Platano,Julio,0.65
Encino,Yuca,Septiembre,1.37
Encino,Platano,Julio,0.65
Encino,Yuca,Septiembre,1.28
Encino,Platano,Agosto,0.65
Encino,Platano,Junio,0.65
Encino,Yuca,Marzo,1.2
Encino,Bore,Febrero,0.26
Encino,Platano,Junio,0.65
Encino,Bore,Febrero,0.26
Encino,Bore,Marzo,0.26
Encino,Yuca,Septiembre,1.31
Encino,Maiz Amarillo,Mayo,0.33
Encino,Yuca,Marzo,1.34
Encino,Yuca,Septiembre,1.31
Encino,Platano,Julio,0.65
Encino,Platano,Julio,0.65
Encino,Platano,Julio,0.65
Encino,Yuca,Septiembre,1.31
Encino,Platano,Agosto,0.65
Encino,Maiz Amarillo,Junio,0.33
Encino,Platano,Junio,0.65
Encino,Arveja verde,Abril,1.1
Encino,Arveja verde,Abril,1.1
Encino,Papas,Junio,1.82
Encino,Papas,Noviembre,1.78
Encino,Papas,Junio,1.75
Encino,Papas,Noviembre,1.79
Encino,Papas,Junio,1.62
Encino,Papas,Noviembre,1.78
Encino,Yuca,Septiembre,1.34
Encino,Bore,Marzo,0.26
Encino,Platano,Julio,0.65
Encino,Platano,Julio,0.65
Encino,Platano,Junio,0.65
Encino,Maiz Blanco,Mayo,0.34
Encino,Platano,Julio,0.65
Encino,Platano,Julio,0.65
Encino,Platano,Julio,0.65
Encino,Bore,Marzo,0.26
Encino,Platano,Agosto,0.65
Encino,Yuca,Septiembre,1.32
Encino,Yuca,Septiembre,1.34
Encino,Platano,Julio,0.65
Encino,Bore,Marzo,0.26
Encino,Bore,Marzo,0.26
Encino,Bore,Marzo,0.26
Encino,Bore,Marzo,0.26
Encino,Yuca,Septiembre,1.3
Encino,Platano,Julio,0.65
Encino,Maiz Amarillo,Junio,0.31
Encino,Maiz Blanco,Junio,0.34
Encino,Trigo en grano,Febrero,0.21
Encino,Bore,Marzo,0.26
Encino,Arracacha,Febrero,0.26
Encino,Yuca,Octubre,1.36
Encino,Papas,Junio,1.8
Encino,Papas,Noviembre,1.83
Encino,Maiz Blanco,Mayo,0.35
Encino,Yuca,Septiembre,1.43
Encino,Platano,Julio,0.65
Encino,Bore,Febrero,0.26
Encino,Maiz Blanco,Mayo,0.33
Encino,Platano,Julio,0.65
Encino,Yuca,Octubre,1.29
Encino,Arracacha,Marzo,0.26
Encino,Platano,Julio,0.65
Encino,Arracacha,Febrero,0.26
Encino,Yuca,Septiembre,1.28
Encino,Arracacha,Febrero,0.26
Encino,Platano,Julio,0.65
Encino,Yuca,Septiembre,1.33
Encino,Arracacha,Febrero,0.26
Encino,Papas,Septiembre,1.79
Encino,Platano,Agosto,0.65
Encino,Arracacha,Marzo,0.26
Encino,Arracacha,Marzo,0.26
Encino,Arveja verde,Mayo,1.1
Encino,Maiz Blanco,Diciembre,0.35
Encino,Papas,Septiembre,1.83
Encino,Platano,Junio,0.65
Encino,Papas,Septiembre,1.88
Encino,Papas,Septiembre,1.84
Encino,Papas,Septiembre,1.8
Encino,Papas,Septiembre,1.92
Encino,Papas,Septiembre,1.75
Encino,Papas,Septiembre,1.78
Encino,Arracacha,Febrero,0.26
Encino,Arracacha,Febrero,0.26
Encino,Arracacha,Febrero,0.26
Encino,Yuca,Marzo,1.39
Encino,Maiz Blanco,Diciembre,0.36
Encino,Platano,Junio,0.65
Encino,Arracacha,Febrero,0.26
Encino,Bore,Marzo,0.26
Encino,Arracacha,Febrero,0.26
Encino,Papas,Junio,1.74
Encino,Papas,Noviembre,1.88
Encino,Maiz Blanco,Diciembre,0.34
Encino,Yuca,Marzo,1.26
Encino,Platano,Agosto,0.65
Encino,Bore,Febrero,0.26
Encino,Yuca,Septiembre,1.3
Encino,Arracacha,Febrero,0.26
Encino,Platano,Julio,0.65
Encino,Papas,Septiembre,1.87
Encino,Papas,Septiembre,1.85
Encino,Papas,Septiembre,1.77
Encino,Papas,Septiembre,1.88
Encino,Arracacha,Marzo,0.26
Encino,Arracacha,Febrero,0.26
Encino,Platano,Agosto,0.65
Encino,Yuca,Septiembre,1.32
Encino,Yuca,Septiembre,1.33
Encino,Platano,Julio,0.65
Encino,Arracacha,Febrero,0.26
Encino,Yuca,Septiembre,1.29
Encino,Arracacha,Febrero,0.26
Encino,Yuca,Septiembre,1.52
Encino,Bore,Marzo,0.26
Encino,Bore,Febrero,0.26
Encino,Papas,Septiembre,1.8
Encino,Papas,Septiembre,1.72
Encino,Papas,Septiembre,1.86
Encino,Papas,Septiembre,1.81
Encino,Papas,Septiembre,1.96
Encino,Papas,Septiembre,1.75
Encino,Maiz Amarillo,Mayo,0.34
Encino,Arveja verde,Mayo,1.1
Encino,Platano,Julio,0.65
Encino,Yuca,Septiembre,1.34
Encino,Platano,Julio,0.65
Encino,Maiz Blanco,Diciembre,0.33
Encino,Yuca,Marzo,1.35
Encino,Yuca,Septiembre,1.36
Encino,Arracacha,Febrero,0.26
Encino,Platano,Julio,0.65
Encino,Arracacha,Febrero,0.26
Encino,Yuca,Septiembre,1.41
Encino,Yuca,Septiembre,1.41
Encino,Yuca,Septiembre,1.25
Encino,Yuca,Septiembre,1.36
Encino,Yuca,Septiembre,1.3
Encino,Yuca,Septiembre,1.33
Encino,Yuca,Septiembre,1.25
Encino,Arracacha,Marzo,0.26
Encino,Arracacha,Marzo,0.26
Encino,Arracacha,Febrero,0.26
Encino,Yuca,Octubre,1.34
Encino,Arracacha,Marzo,0.26
Encino,Platano,Julio,0.65
Encino,Yuca,Septiembre,1.32
Encino,Yuca,Marzo,1.36
Encino,Arracacha,Febrero,0.26
Encino,Papas,Septiembre,1.8
Encino,Papas,Septiembre,1.79
Encino,Platano,Junio,0.65
Encino,Yuca,Marzo,1.23
Encino,Yuca,Marzo,1.35
Encino,Maiz Blanco,Diciembre,0.36
Encino,Maiz Blanco,Mayo,0.35
Encino,Frijol,Mayo,0.01
Encino,Yuca,Septiembre,1.35
Encino,Platano,Julio,0.65
Encino,Maiz Blanco,Diciembre,0.33
Encino,Yuca,Marzo,1.39
Encino,Platano,Junio,0.65
Encino,Platano,Junio,0.65
Encino,Maiz Blanco,Diciembre,0.34
Encino,Papas,Septiembre,1.88
Encino,Papas,Septiembre,1.99
Encino,Maiz Blanco,Diciembre,0.31
Encino,Frijol,Mayo,0.01
Encino,Maiz Blanco,Mayo,0.34
Encino,Maiz Blanco,Mayo,0.33
Encino,Yuca,Marzo,1.33
Encino,Bore,Febrero,0.26
Encino,Platano,Julio,0.65
Encino,Arracacha,Febrero,0.26
Encino,Bore,Marzo,0.26
Encino,Bore,Marzo,0.26
Encino,Platano,Julio,0.65
Encino,Berenjenas,Octubre,2.11
Encino,Platano,Junio,0.65
Encino,Frijol,Marzo,0.01
Encino,Yuca,Septiembre,1.34
Encino,Yuca,Septiembre,1.3
Encino,Yuca,Septiembre,1.33
Encino,Yuca,Septiembre,1.3
Encino,Platano,Junio,0.65
Encino,Yuca,Marzo,1.26
Encino,Yuca,Marzo,1.43
Encino,Arveja verde,Mayo,1.1
Encino,Maiz Amarillo,Diciembre,0.33
Encino,Arracacha,Febrero,0.26
Encino,Arracacha,Marzo,0.26
Encino,Platano,Julio,0.65
Encino,Arracacha,Febrero,0.26
Encino,Platano,Julio,0.65
Encino,Yuca,Septiembre,1.46
Encino,Arracacha,Febrero,0.26
Encino,Maiz Amarillo,Diciembre,0.33
Encino,Papas,Septiembre,1.98
Encino,Papas,Septiembre,1.87
Encino,Arracacha,Febrero,0.26
Encino,Maiz Blanco,Diciembre,0.34
Encino,Platano,Junio,0.65
Encino,Arracacha,Febrero,0.26
Encino,Papas,Junio,1.72
Encino,Papas,Noviembre,1.71
Encino,Papas,Junio,1.88
Encino,Papas,Noviembre,1.84
Encino,Papas,Junio,1.86
Encino,Papas,Noviembre,1.71
Encino,Papas,Junio,1.82
Encino,Papas,Noviembre,1.73
Encino,Papas,Junio,1.83
Encino,Papas,Noviembre,1.85
Encino,Papas,Junio,1.91
Encino,Papas,Noviembre,1.92
Encino,Arracacha,Febrero,0.26
Encino,Arracacha,Marzo,0.26
Encino,Platano,Junio,0.65
Encino,Platano,Julio,0.65
Encino,Yuca,Septiembre,1.32
Encino,Platano,Junio,0.65
Encino,Maiz Blanco,Diciembre,0.37
Encino,Arveja verde,Mayo,1.1
Encino,Platano,Junio,0.65
Encino,Papas,Septiembre,1.71
Encino,Papas,Septiembre,1.85
Encino,Papas,Septiembre,2.04
Encino,Maiz Amarillo,Diciembre,0.33
Encino,Bore,Febrero,0.26
Encino,Platano,Julio,0.65
Encino,Maiz Blanco,Diciembre,0.35
Encino,Platano,Junio,0.65
Encino,Arracacha,Febrero,0.26
Encino,Yuca,Septiembre,1.3
Encino,Yuca,Septiembre,1.25
Encino,Yuca,Septiembre,1.26
Encino,Yuca,Septiembre,1.28
Encino,Yuca,Septiembre,1.28
Encino,Yuca,Septiembre,1.27
Encino,Yuca,Septiembre,1.36
Encino,Yuca,Marzo,1.36
Encino,Bore,Febrero,0.26
Encino,Arracacha,Febrero,0.26
Encino,Arracacha,Febrero,0.26
Encino,Yuca,Septiembre,1.29
Encino,Arracacha,Febrero,0.26
Encino,Arracacha,Febrero,0.26
Encino,Yuca,Septiembre,1.38
Encino,Bore,Marzo,0.26
Encino,Arracacha,Febrero,0.26
Encino,Platano,Agosto,0.65
Encino,Maiz Blanco,Diciembre,0.35
Encino,Platano,Junio,0.65
Encino,Maiz Blanco,Diciembre,0.35
Encino,Berenjenas,Octubre,1.87
Encino,Platano,Junio,0.65
Encino,Papas,Septiembre,1.84
Encino,Papas,Septiembre,1.82
Encino,Bore,Febrero,0.26
Encino,Papas,Septiembre,1.9
Encino,Yuca,Septiembre,1.39
Encino,Arracacha,Febrero,0.26
Encino,Bore,Febrero,0.26
Encino,Arracacha,Febrero,0.26
Encino,Maiz Blanco,Diciembre,0.34
Encino,Arveja verde,Mayo,1.1
Encino,Papas,Septiembre,1.86
Encino,Papas,Septiembre,1.99
Encino,Platano,Agosto,0.65
Encino,Arracacha,Marzo,0.26
Encino,Arracacha,Febrero,0.26
Encino,Arracacha,Marzo,0.26
Encino,Arracacha,Marzo,0.26
Encino,Yuca,Marzo,1.33
Encino,Platano,Julio,0.65
Encino,Platano,Junio,0.65
Encino,Yuca,Marzo,1.38
Encino,Yuca,Marzo,1.46
Encino,Platano,Junio,0.65
Encino,Arracacha,Febrero,0.26
Encino,Yuca,Septiembre,1.29
Encino,Bore,Marzo,0.26
Encino,Arracacha,Marzo,0.26
Encino,Arracacha,Febrero,0.26
Encino,Arracacha,Febrero,0.26
Encino,Papas,Septiembre,1.72
Encino,Maiz Amarillo,Diciembre,0.34
Encino,Cebolla larga,Mayo,1.76
Encino,Platano,Junio,0.65
Encino,Arracacha,Febrero,0.26
Encino,Yuca,Marzo,1.28
Encino,Bore,Marzo,0.26
Encino,Bore,Marzo,0.26
Encino,Bore,Marzo,0.26
Encino,Bore,Marzo,0.26
Encino,Platano,Julio,0.65
Encino,Yuca,Septiembre,1.3
Encino,Platano,Julio,0.65
Encino,Arveja verde,Abril,1.1
Encino,Maiz Amarillo,Junio,0.33
Encino,Papas,Junio,2.03
Encino,Papas,Noviembre,1.73
Encino,Papas,Junio,1.85
Encino,Papas,Noviembre,1.71
Encino,Platano,Julio,0.65
Encino,Bore,Marzo,0.26
Encino,Yuca,Septiembre,1.32
Encino,Bore,Marzo,0.26
Encino,Maiz Blanco,Mayo,0.35
Encino,Bore,Marzo,0.26
Encino,Bore,Marzo,0.26
Encino,Bore,Marzo,0.26
Encino,Yuca,Octubre,1.32
Encino,Maiz Amarillo,Junio,0.33
Encino,Yuca,Septiembre,1.38
Encino,Bore,Marzo,0.26
Encino,Bore,Marzo,0.26
Encino,Bore,Marzo,0.26
Encino,Arveja verde,Mayo,1.1
Encino,Maiz Blanco,Mayo,0.35
Encino,Platano,Julio,0.65
Encino,Bore,Marzo,0.26
Encino,Maiz Amarillo,Junio,0.32
Encino,Bore,Marzo,0.26
Encino,Bore,Marzo,0.26
Encino,Bore,Marzo,0.26
Encino,Platano,Julio,0.65
Encino,Bore,Marzo,0.26
Encino,Platano,Junio,0.65
Encino,Cebolla cabezona,Septiembre,1.32
Encino,Cebolla larga,Septiembre,1.61
Encino,Platano,Agosto,0.65
Encino,Frijol,Marzo,0.01
Encino,Bore,Marzo,0.26
Encino,Bore,Marzo,0.26
Encino,Yuca,Septiembre,1.26
Encino,Yuca,Septiembre,1.39
Encino,Bore,Marzo,0.26
Encino,Yuca,Septiembre,1.32
Encino,Maiz Blanco,Junio,0.34
Encino,Papas,Junio,1.89
Encino,Papas,Noviembre,1.9
Encino,Platano,Agosto,0.65
Encino,Bore,Marzo,0.26
Encino,Maiz Amarillo,Junio,0.32
Encino,Maiz Blanco,Mayo,0.37
Encino,Yuca,Septiembre,1.39
Encino,Bore,Marzo,0.26
Encino,Yuca,Septiembre,1.43
Encino,Maiz Blanco,Mayo,0.34
Encino,Bore,Marzo,0.26
Encino,Bore,Marzo,0.26
Encino,Bore,Marzo,0.26
Encino,Arracacha,Marzo,0.26
Encino,Maiz Amarillo,Junio,0.32
Encino,Bore,Marzo,0.26
Encino,Bore,Marzo,0.26
Encino,Bore,Marzo,0.26
Encino,Papas,Septiembre,1.75
Encino,Arveja verde,Mayo,1.1
Encino,Papas,Septiembre,1.75
Encino,Platano,Julio,0.65
Encino,Arveja verde,Mayo,1.1
Encino,Bore,Marzo,0.26
Encino,Frijol,Mayo,0.01
Encino,Yuca,Marzo,1.35
Encino,Yuca,Septiembre,1.27
Encino,Maiz Amarillo,Junio,0.33
Encino,Bore,Marzo,0.26
Encino,Maiz Blanco,Mayo,0.35
Encino,Yuca,Septiembre,1.29
Encino,Platano,Julio,0.65
Encino,Bore,Marzo,0.26
Encino,Bore,Marzo,0.26
Encino,Bore,Marzo,0.26
Encino,Bore,Marzo,0.26
Encino,Bore,Marzo,0.26
Encino,Maiz Blanco,Mayo,0.32
Encino,Frijol,Mayo,0.01
Encino,Arveja verde,Mayo,1.1
Encino,Platano,Junio,0.65
Encino,Maiz Blanco,Mayo,0.34
Encino,Yuca,Septiembre,1.32
Encino,Bore,Marzo,0.26
Encino,Platano,Junio,0.65
Encino,Bore,Febrero,0.26
Encino,Yuca,Marzo,1.41
Encino,Bore,Febrero,0.26
Encino,Yuca,Marzo,1.34
Encino,Bore,Febrero,0.26
Encino,Yuca,Octubre,1.31
Encino,Maiz Blanco,Diciembre,0.35
Encino,Cebolla cabezona,Mayo,1.4
Encino,Arveja verde,Mayo,1.1
Encino,Platano,Junio,0.65
Encino,Papas,Septiembre,1.81
Encino,Papas,Septiembre,1.87
Encino,Yuca,Septiembre,1.31
Encino,Maiz Amarillo,Junio,0.33
Encino,Bore,Marzo,0.26
Encino,Bore,Marzo,0.26
Encino,Yuca,Septiembre,1.35
Encino,Yuca,Septiembre,1.4
Encino,Yuca,Septiembre,1.31
Encino,Platano,Junio,0.65
Encino,Bore,Marzo,0.26
Encino,Maiz Blanco,Mayo,0.33
Encino,Bore,Marzo,0.26
Encino,Yuca,Octubre,1.35
Encino,Yuca,Octubre,1.2
Encino,Yuca,Octubre,1.25
Encino,Yuca,Octubre,1.44
Encino,Bore,Marzo,0.26
Encino,Platano,Junio,0.65
Encino,Yuca,Septiembre,1.37
Encino,Platano,Julio,0.65
Encino,Bore,Marzo,0.26
Encino,Papas,Septiembre,1.78
Encino,Bore,Marzo,0.26
Encino,Bore,Marzo,0.26
Encino,Bore,Marzo,0.26
Encino,Papas,Septiembre,1.72
Encino,Papas,Septiembre,1.9
Encino,Papas,Septiembre,1.77
Encino,Platano,Agosto,0.65
Encino,Bore,Marzo,0.26
Encino,Papas,Septiembre,1.9
Encino,Papas,Septiembre,1.89
Encino,Papas,Septiembre,1.85
Encino,Papas,Septiembre,1.81
Encino,Papas,Septiembre,1.9
Encino,Papas,Septiembre,1.62
Encino,Arveja verde,Marzo,1.1
Encino,Platano,Agosto,0.65
Encino,Papas,Junio,1.77
Encino,Papas,Noviembre,1.87
Encino,Papas,Junio,1.74
Encino,Papas,Noviembre,1.87
Encino,Bore,Febrero,0.26
Encino,Maiz Blanco,Diciembre,0.33
Encino,Platano,Junio,0.65
Encino,Bore,Febrero,0.26
Encino,Bore,Marzo,0.26
Encino,Bore,Marzo,0.26
Encino,Bore,Marzo,0.26
Encino,Platano,Junio,0.65
Encino,Bore,Febrero,0.26
Encino,Bore,Febrero,0.26
Encino,Bore,Marzo,0.26
Encino,Platano,Julio,0.65
Encino,Bore,Febrero,0.26
Encino,Yuca,Marzo,1.24
Encino,Platano,Junio,0.65
Encino,Papas,Septiembre,1.78
Encino,Papas,Septiembre,2.0
Encino,Papas,Septiembre,1.73
Encino,Papas,Septiembre,1.9
Encino,Papas,Septiembre,1.84
Encino,Papas,Septiembre,1.97
Encino,Papas,Septiembre,1.73
Encino,Yuca,Marzo,1.3
Encino,Platano,Junio,0.65
Encino,Frijol,Mayo,0.01
Encino,Yuca,Septiembre,1.33
Encino,Papas,Junio,1.97
Encino,Papas,Noviembre,1.79
Encino,Platano,Junio,0.65
Encino,Papas,Septiembre,1.78
Encino,Papas,Septiembre,1.87
Encino,Papas,Septiembre,1.81
Encino,Yuca,Octubre,1.39
Encino,Papas,Junio,1.85
Encino,Papas,Noviembre,1.8
Encino,Arracacha,Marzo,0.26
Encino,Bore,Marzo,0.26
Encino,Bore,Marzo,0.26
Encino,Bore,Febrero,0.26
Encino,Papas,Septiembre,1.69
Encino,Platano,Julio,0.65
Encino,Platano,Julio,0.65
Encino,Bore,Marzo,0.26
Encino,Papas,Septiembre,1.83
Encino,Arveja verde,Mayo,1.1
Encino,Platano,Julio,0.65
Encino,Papas,Septiembre,1.75
Encino,Maiz Blanco,Mayo,0.33
Encino,Bore,Febrero,0.26
Encino,Platano,Julio,0.65
Encino,Maiz Blanco,Mayo,0.36
Encino,Bore,Febrero,0.26
Encino,Papas,Septiembre,1.8
Encino,Papas,Septiembre,1.99
Encino,Papas,Septiembre,1.79
Encino,Platano,Julio,0.65
Encino,Maiz Blanco,Mayo,0.35
Encino,Yuca,Septiembre,1.4
Encino,Platano,Julio,0.65
Encino,Bore,Marzo,0.26
Encino,Arveja verde,Mayo,1.1
Encino,Maiz Blanco,Diciembre,0.31
Encino,Platano,Junio,0.65
Encino,Papas,Junio,1.71
Encino,Papas,Noviembre,1.9
Encino,Bore,Marzo,0.26
Encino,Bore,Marzo,0.26
Encino,Platano,Junio,0.65
Encino,Maiz Blanco,Diciembre,0.34
Encino,Papas,Septiembre,1.81
Encino,Papas,Septiembre,1.64
Encino,Papas,Septiembre,1.77
Encino,Papas,Septiembre,1.9
Encino,Yuca,Septiembre,1.34
Encino,Maiz Blanco,Mayo,0.34
Encino,Bore,Marzo,0.26
Encino,Papas,Septiembre,1.75
Encino,Papas,Septiembre,1.84
Encino,Papas,Septiembre,1.8
Encino,Papas,Septiembre,2.0
Encino,Papas,Septiembre,1.83
Encino,Papas,Septiembre,1.88
Encino,Papas,Septiembre,1.81
Encino,Papas,Septiembre,1.77
Encino,Platano,Junio,0.65
Encino,Papas,Septiembre,1.82
Encino,Papas,Junio,1.64
Encino,Papas,Noviembre,1.64
Encino,Papas,Junio,1.82
Encino,Papas,Noviembre,1.8
Encino,Papas,Junio,1.92
Encino,Papas,Noviembre,1.75
Encino,Papas,Junio,1.9
Encino,Papas,Noviembre,1.8
Encino,Papas,Junio,1.99
Encino,Papas,Noviembre,1.78
Encino,Papas,Junio,1.86
Encino,Papas,Noviembre,1.86
Encino,Papas,Junio,1.75
Encino,Papas,Noviembre,1.85
Encino,Papas,Junio,1.75
Encino,Papas,Noviembre,1.85
Encino,Papas,Junio,1.87
Encino,Papas,Noviembre,1.95
Encino,Papas,Junio,1.9
Encino,Papas,Noviembre,1.71
Encino,Arveja verde,Mayo,1.1
Encino,Platano,Julio,0.65
Encino,Yuca,Marzo,1.28
Encino,Maiz Blanco,Diciembre,0.33
Encino,Papas,Septiembre,1.8
Encino,Maiz Blanco,Mayo,0.35
Encino,Yuca,Marzo,1.28
Encino,Platano,Julio,0.65
Encino,Platano,Junio,0.65
Encino,Papas,Septiembre,1.89
Encino,Papas,Septiembre,2.02
Encino,Papas,Septiembre,1.84
Encino,Papas,Septiembre,1.72
Encino,Papas,Septiembre,1.81
Encino,Papas,Septiembre,1.71
Encino,Papas,Septiembre,1.85
Encino,Papas,Septiembre,1.79
Encino,Papas,Septiembre,1.78
Encino,Papas,Septiembre,1.73
Encino,Papas,Septiembre,1.63
Encino,Yuca,Marzo,1.43
Encino,Yuca,Marzo,1.3
Encino,Yuca,Marzo,1.26
Encino,Yuca,Marzo,1.33
Encino,Yuca,Marzo,1.4
Encino,Platano,Junio,0.65
Encino,Papas,Septiembre,1.84
Encino,Papas,Septiembre,1.8
Encino,Papas,Septiembre,1.86
Encino,Papas,Septiembre,1.77
Encino,Papas,Septiembre,1.9
Encino,Papas,Septiembre,1.97
Encino,Platano,Agosto,0.65
Encino,Papas,Junio,1.93
Encino,Papas,Noviembre,1.81
Encino,Platano,Junio,0.65
Encino,Papas,Septiembre,1.85
Encino,Papas,Junio,1.87
Encino,Papas,Noviembre,1.8
Encino,Platano,Junio,0.65
Encino,Papas,Septiembre,1.92
Encino,Yuca,Marzo,1.32
Encino,Platano,Junio,0.65
Encino,Papas,Septiembre,2.06
Encino,Papas,Septiembre,1.84
Encino,Papas,Septiembre,1.67
Encino,Papas,Septiembre,2.0
Encino,Papas,Septiembre,1.97
Encino,Platano,Junio,0.65
Encino,Papas,Septiembre,1.77
Encino,Papas,Septiembre,1.77
Encino,Platano,Junio,0.65
Encino,Papas,Septiembre,1.72
Encino,Yuca,Marzo,1.37
Encino,Papas,Septiembre,1.9
Encino,Papas,Septiembre,1.86
Encino,Platano,Junio,0.65
Encino,Papas,Septiembre,1.65
Encino,Papas,Septiembre,1.69
Encino,Papas,Septiembre,1.78
Encino,Papas,Septiembre,1.78
Encino,Papas,Septiembre,1.72
Encino,Papas,Septiembre,1.74
Encino,Platano,Agosto,0.65
Encino,Yuca,Octubre,1.47
Encino,Maiz Blanco,Junio,0.33
Encino,Papas,Junio,1.8
Encino,Papas,Noviembre,1.84
Encino,Papas,Junio,1.7
Encino,Papas,Noviembre,1.91
Encino,Papas,Junio,2.0
Encino,Papas,Noviembre,1.84
Encino,Platano,Julio,0.65
Encino,Cana fistula,Abril,0.5
Encino,Frijol,Mayo,0.01
Encino,Frijol,Mayo,0.01
Jordan,Yuca,Septiembre,1.46
Jordan,Tomate,Mayo,2.1
Jordan,Yuca,Marzo,1.36
Jordan,Platano,Junio,0.61
Jordan,Papaya,Junio,2.69
Jordan,Yuca,Marzo,1.33
Jordan,Yuca,Marzo,1.36
Jordan,Yuca,Marzo,1.4
Jordan,Yuca,Marzo,1.34
Jordan,Yuca,Marzo,1.32
Jordan,Yuca,Marzo,1.33
Jordan,Yuca,Marzo,1.32
Jordan,Yuca,Marzo,1.18
Jordan,Maiz Blanco,Diciembre,0.33
Jordan,Yuca,Marzo,1.46
Jordan,Maiz Blanco,Mayo,0.35
Jordan,Yuca,Marzo,1.33
Jordan,Papaya,Julio,2.69
Jordan,Papaya,Julio,2.69
Jordan,Maiz Amarillo,Mayo,0.31
Jordan,Maiz Amarillo,Mayo,0.33
Jordan,Curuba,Agosto,0.12
Jordan,Maiz Amarillo,Mayo,0.32
Jordan,Maiz Blanco,Mayo,0.38
Jordan,Yuca,Marzo,1.35
Jordan,Maiz Blanco,Mayo,0.34
Jordan,Yuca,Marzo,1.3
Jordan,Yuca,Septiembre,1.26
Jordan,Maiz Blanco,Mayo,0.38
Jordan,Frijol,Mayo,0.01
Jordan,Maiz Amarillo,Diciembre,0.31
Jordan,Yuca,Marzo,1.41
Jordan,Maiz Amarillo,Diciembre,0.32
Jordan,Frijol,Mayo,0.01
Jordan,Maiz Blanco,Mayo,0.31
Jordan,Frijol,Mayo,0.01
Jordan,Maiz Amarillo,Mayo,0.33
Jordan,Yuca,Marzo,1.22
Jordan,Maiz Blanco,Mayo,0.35
Jordan,Yuca,Marzo,1.42
Jordan,Frijol,Mayo,0.01
Jordan,Maiz Blanco,Mayo,0.37
Jordan,Yuca,Marzo,1.32
Jordan,Yuca,Marzo,1.28
Jordan,Yuca,Marzo,1.3
Jordan,Ajos,Abril,2.1
Jordan,Maiz Blanco,Mayo,0.36
Jordan,Yuca,Marzo,1.28
Jordan,Maiz Blanco,Mayo,0.34
Jordan,Yuca,Marzo,1.41
Jordan,Maiz Blanco,Mayo,0.35
Jordan,Yuca,Marzo,1.39
Jordan,Yuca,Marzo,1.4
Jordan,Maiz Blanco,Junio,0.36
Jordan,Yuca,Septiembre,1.29
Jordan,Frijol,Mayo,0.01
Jordan,Maiz Blanco,Mayo,0.34
Jordan,Frijol,Mayo,0.01
Jordan,Tomate,Mayo,2.1
Jordan,Maiz Amarillo,Mayo,0.33
Jordan,Tomate,Mayo,2.1
Jordan,Maiz Amarillo,Mayo,0.32
Jordan,Maiz Amarillo,Mayo,0.32
Jordan,Yuca,Marzo,1.39
Jordan,Yuca,Marzo,1.37
Jordan,Platano,Junio,0.61
Jordan,Maiz Amarillo,Mayo,0.32
Jordan,Frijol,Mayo,0.01
Jordan,Papaya,Junio,2.69
Jordan,Yuca,Marzo,1.26
Jordan,Maiz Blanco,Mayo,0.33
Jordan,Platano,Junio,0.61
Jordan,Curuba,Octubre,0.12
Jordan,Frijol,Mayo,0.01
Jordan,Frijol,Mayo,0.01
Jordan,Maiz Amarillo,Mayo,0.34
Jordan,Frijol,Mayo,0.01
Jordan,Maiz Amarillo,Mayo,0.33
Jordan,Frijol,Mayo,0.01
Jordan,Maiz Amarillo,Mayo,0.29
Jordan,Yuca,Marzo,1.39
Jordan,Maiz Amarillo,Mayo,0.31
Jordan,Frijol,Mayo,0.01
Jordan,Yuca,Marzo,1.35
Jordan,Yuca,Marzo,1.38
Jordan,Yuca,Marzo,1.39
Jordan,Yuca,Marzo,1.36
Jordan,Maiz Amarillo,Mayo,0.33
Jordan,Maiz Blanco,Mayo,0.35
Jordan,Tomate,Mayo,2.1
Jordan,Yuca,Marzo,1.24
Jordan,Tomate,Mayo,2.1
Jordan,Maiz Blanco,Mayo,0.3
Jordan,Maiz Amarillo,Mayo,0.29
Jordan,Yuca,Marzo,1.39
Jordan,Frijol,Mayo,0.01
Jordan,Yuca,Marzo,1.39
Jordan,Maiz Amarillo,Mayo,0.3
Jordan,Maiz Blanco,Mayo,0.35
Jordan,Maiz Blanco,Mayo,0.34
Jordan,Frijol,Mayo,0.01
Jordan,Maiz Blanco,Mayo,0.34
Jordan,Yuca,Marzo,1.33
Jordan,Papaya,Junio,2.69
Jordan,Papaya,Junio,2.69
Jordan,Platano,Junio,0.61
Jordan,Yuca,Marzo,1.36
Jordan,Maiz Blanco,Mayo,0.33
Jordan,Yuca,Marzo,1.33
Jordan,Maiz Blanco,Mayo,0.35
Jordan,Yuca,Marzo,1.39
Jordan,Frijol,Mayo,0.01
Jordan,Maiz Blanco,Mayo,0.38
Jordan,Frijol,Mayo,0.01
Jordan,Maiz Blanco,Mayo,0.35
Jordan,Yuca,Septiembre,1.39
Jordan,Maiz Blanco,Mayo,0.35
Jordan,Maiz Blanco,Mayo,0.33
Jordan,Yuca,Septiembre,1.24
Jordan,Tomate,Mayo,2.1
Jordan,Yuca,Septiembre,1.24
Jordan,Maiz Blanco,Mayo,0.35
Jordan,Maiz Blanco,Mayo,0.35
Jordan,Cana fistula,Marzo,0.42
Mogotes,Cana panelera,Julio,0.5
Mogotes,Cana panelera,Julio,0.5
Mogotes,Cana panelera,Julio,0.5
Mogotes,Maiz Blanco,Mayo,0.34
Mogotes,Cana panelera,Julio,0.5
Mogotes,Platano,Julio,0.62
Mogotes,Yuca,Septiembre,1.34
Mogotes,Cana panelera,Julio,0.5
Mogotes,Cana panelera,Julio,0.5
Mogotes,Cana panelera,Julio,0.5
Mogotes,Cana panelera,Julio,0.5
Mogotes,Cana panelera,Junio,0.5
Mogotes,Maiz Amarillo,Diciembre,0.33
Mogotes,Platano,Junio,0.62
Mogotes,Cana panelera,Julio,0.67
Mogotes,Cana panelera,Julio,0.5
Mogotes,Yuca,Septiembre,1.46
Mogotes,Cana panelera,Julio,0.5
Mogotes,Cana panelera,Junio,0.5
Mogotes,Cana panelera,Junio,0.5
Mogotes,Cana panelera,Junio,0.5
Mogotes,Cana panelera,Julio,0.5
Mogotes,Cana panelera,Julio,0.5
Mogotes,Cana panelera,Julio,0.66
Mogotes,Cana panelera,Julio,0.5
Mogotes,Yuca,Septiembre,1.4
Mogotes,Cana panelera,Julio,0.5
Mogotes,Cana panelera,Julio,0.64
Mogotes,Cana panelera,Junio,0.63
Mogotes,Yuca,Septiembre,1.42
Mogotes,Platano,Julio,0.62
Mogotes,Cana panelera,Julio,0.68
Mogotes,Cana panelera,Junio,0.5
Mogotes,Cana panelera,Julio,0.5
Mogotes,Cana panelera,Julio,0.7
Mogotes,Yuca,Septiembre,1.41
Mogotes,Yuca,Septiembre,1.39
Mogotes,Platano,Julio,0.62
Mogotes,Cana panelera,Julio,0.5
Mogotes,Cana panelera,Julio,0.5
Mogotes,Cana panelera,Julio,0.69
Mogotes,Cana panelera,Junio,0.5
Mogotes,Cana panelera,Junio,0.5
Mogotes,Cana panelera,Julio,0.5
Mogotes,Cana panelera,Junio,0.5
Mogotes,Cana panelera,Junio,0.5
Mogotes,Cana panelera,Julio,0.5
Mogotes,Cana panelera,Julio,0.5
Mogotes,Yuca,Marzo,1.35
Mogotes,Cana panelera,Junio,0.5
Mogotes,Cana panelera,Julio,0.5
Mogotes,Platano,Julio,0.62
Mogotes,Cana panelera,Julio,0.68
Mogotes,Cana panelera,Julio,0.5
Mogotes,Yuca,Septiembre,1.27
Mogotes,Yuca,Septiembre,1.17
Mogotes,Cana panelera,Julio,0.5
Mogotes,Cana panelera,Julio,0.5
Mogotes,Cana panelera,Julio,0.5
Mogotes,Cana panelera,Julio,0.5
Mogotes,Cana panelera,Julio,0.7
Mogotes,Cana panelera,Julio,0.65
Mogotes,Yuca,Marzo,1.3
Mogotes,Frijol,Mayo,0.01
Mogotes,Platano,Julio,0.62
Mogotes,Cana panelera,Junio,0.5
Mogotes,Cana panelera,Junio,0.68
Mogotes,Cana panelera,Julio,0.5
Mogotes,Yuca,Septiembre,1.29
Mogotes,Cana panelera,Julio,0.5
Mogotes,Cana panelera,Julio,0.5
Mogotes,Cana panelera,Julio,0.5
Mogotes,Cana panelera,Julio,0.62
Mogotes,Cana panelera,Junio,0.5
Mogotes,Cana panelera,Junio,0.5
Mogotes,Cana panelera,Junio,0.5
Mogotes,Yuca,Septiembre,1.33
Mogotes,Cana panelera,Julio,0.62
Mogotes,Platano,Junio,0.62
Mogotes,Cana panelera,Junio,0.5
Mogotes,Cana panelera,Junio,0.5
Mogotes,Cana panelera,Junio,0.5
Mogotes,Platano,Junio,0.62
Mogotes,Cana panelera,Junio,0.7
Mogotes,Cana panelera,Junio,0.5
Mogotes,Frijol,Mayo,0.01
Mogotes,Yuca,Marzo,1.29
Mogotes,Yuca,Marzo,1.38
Mogotes,Yuca,Marzo,1.39
Mogotes,Yuca,Marzo,1.34
Mogotes,Yuca,Marzo,1.43
Mogotes,Yuca,Marzo,1.16
Mogotes,Yuca,Marzo,1.26
Mogotes,Yuca,Marzo,1.3
Mogotes,Platano,Agosto,0.62
Mogotes,Platano,Julio,0.62
Mogotes,Cana panelera,Julio,0.5
Mogotes,Cana panelera,Junio,0.5
Mogotes,Yuca,Marzo,1.33
Mogotes,Maiz Amarillo,Diciembre,0.33
Mogotes,Cana panelera,Julio,0.74
Mogotes,Frijol,Mayo,0.01
Mogotes,Yuca,Marzo,1.29
Mogotes,Platano,Julio,0.62
Mogotes,Platano,Julio,0.62
Mogotes,Cana panelera,Julio,0.5
Mogotes,Cana panelera,Junio,0.5
Mogotes,Cana panelera,Junio,0.5
Mogotes,Cana panelera,Junio,0.5
Mogotes,Cana panelera,Junio,0.5
Mogotes,Cana panelera,Junio,0.63
Mogotes,Cana panelera,Junio,0.5
Mogotes,Yuca,Febrero,1.41
Mogotes,Yuca,Febrero,1.33
Mogotes,Cana panelera,Agosto,0.5
Mogotes,Cana panelera,Julio,0.5
Mogotes,Cana panelera,Julio,0.5
Mogotes,Cana panelera,Julio,0.5
Mogotes,Lulo,Septiembre,0.19
Mogotes,Lulo,Septiembre,0.17
Mogotes,Tomate,Mayo,2.1
Mogotes,Platano,Julio,0.62
Mogotes,Cana panelera,Julio,0.5
Mogotes,Cana panelera,Julio,0.5
Mogotes,Cana panelera,Julio,0.72
Mogotes,Yuca,Septiembre,1.32
Mogotes,Cana panelera,Julio,0.5
Mogotes,Cana panelera,Julio,0.5
Mogotes,Frijol,Mayo,0.01
Mogotes,Cana panelera,Julio,0.5
Mogotes,Cana panelera,Junio,0.5
Mogotes,Cana panelera,Junio,0.5
Mogotes,Cana panelera,Julio,0.5
Mogotes,Cana panelera,Julio,0.5
Mogotes,Platano,Julio,0.62
Mogotes,Cana panelera,Julio,0.5
Mogotes,Cana panelera,Julio,0.5
Mogotes,Platano,Julio,0.62
Mogotes,Cana panelera,Julio,0.5
Mogotes,Yuca,Septiembre,1.26
Mogotes,Yuca,Septiembre,1.32
Mogotes,Yuca,Septiembre,1.35
Mogotes,Frijol,Mayo,0.01
Mogotes,Maiz Amarillo,Mayo,0.34
Mogotes,Cana panelera,Junio,0.5
Mogotes,Cana panelera,Julio,0.5
Mogotes,Cana panelera,Julio,0.5
Mogotes,Cana panelera,Julio,0.5
Mogotes,Cana panelera,Julio,0.5
Mogotes,Frijol,Mayo,0.01
Mogotes,Cana panelera,Junio,0.5
Mogotes,Cana panelera,Junio,0.5
Mogotes,Cana panelera,Julio,0.62
Mogotes,Cana panelera,Julio,0.5
Mogotes,Cana panelera,Julio,0.5
Mogotes,Cana panelera,Julio,0.5
Mogotes,Yuca,Septiembre,1.28
Mogotes,Cana panelera,Junio,0.61
Mogotes,Yuca,Marzo,1.22
Mogotes,Cana panelera,Junio,0.69
Mogotes,Cana panelera,Junio,0.5
Mogotes,Yuca,Octubre,1.43
Mogotes,Yuca,Septiembre,1.29
Mogotes,Yuca,Febrero,1.36
Mogotes,Cana panelera,Junio,0.5
Mogotes,Cana panelera,Junio,0.71
Mogotes,Yuca,Febrero,1.26
Mogotes,Cana panelera,Junio,0.5
Mogotes,Cana panelera,Junio,0.5
Mogotes,Cana panelera,Junio,0.5
Mogotes,Platano,Junio,0.62
Mogotes,Cana panelera,Junio,0.65
Mogotes,Cana panelera,Junio,0.5
Mogotes,Platano,Junio,0.62
Mogotes,Cana panelera,Junio,0.5
Mogotes,Cana panelera,Junio,0.69
Mogotes,Cana panelera,Julio,0.5
Mogotes,Platano,Julio,0.62
Mogotes,Cana panelera,Julio,0.5
Mogotes,Cana panelera,Junio,0.5
Mogotes,Cana panelera,Julio,0.5
Mogotes,Cana panelera,Julio,0.5
Mogotes,Cana panelera,Julio,0.5
Mogotes,Cana panelera,Julio,0.5
Mogotes,Yuca,Marzo,1.33
Mogotes,Yuca,Marzo,1.38
Mogotes,Yuca,Marzo,1.31
Mogotes,Cana panelera,Junio,0.5
Mogotes,Cana panelera,Junio,0.7
Mogotes,Cana panelera,Agosto,0.5
Mogotes,Cana panelera,Julio,0.5
Mogotes,Pina,Agosto,2.3
Mogotes,Cana panelera,Junio,0.5
Mogotes,Cana panelera,Junio,0.64
Mogotes,Cana panelera,Junio,0.5
Mogotes,Platano,Junio,0.62
Mogotes,Yuca,Marzo,1.39
Mogotes,Yuca,Marzo,1.26
Mogotes,Yuca,Marzo,1.28
Mogotes,Cana panelera,Junio,0.67
Mogotes,Yuca,Marzo,1.32
Mogotes,Yuca,Marzo,1.32
Mogotes,Yuca,Marzo,1.33
Mogotes,Cana panelera,Julio,0.66
Mogotes,Yuca,Octubre,1.39
Mogotes,Cana panelera,Julio,0.5
Mogotes,Yuca,Marzo,1.32
Mogotes,Yuca,Marzo,1.19
Mogotes,Cana panelera,Junio,0.5
Mogotes,Platano,Julio,0.62
Mogotes,Cana panelera,Julio,0.5
Mogotes,Cana panelera,Julio,0.68
Mogotes,Platano,Julio,0.62
Mogotes,Cana panelera,Julio,0.67
Mogotes,Cana panelera,Julio,0.5
Mogotes,Platano,Junio,0.62
Mogotes,Cana panelera,Junio,0.62
Mogotes,Cana panelera,Junio,0.65
Mogotes,Cana panelera,Julio,0.5
Mogotes,Yuca,Septiembre,1.26
Mogotes,Cana panelera,Julio,0.5
Mogotes,Platano,Julio,0.62
Mogotes,Cana panelera,Julio,0.5
Mogotes,Maiz Amarillo,Diciembre,0.35
Mogotes,Habichuela,Octubre,1.99
Mogotes,Cana panelera,Julio,0.5
Mogotes,Cana panelera,Julio,0.65
Mogotes,Platano,Julio,0.62
Mogotes,Cana panelera,Julio,0.5
Mogotes,Platano,Julio,0.62
Mogotes,Cana panelera,Junio,0.5
Mogotes,Cana panelera,Julio,0.5
Mogotes,Platano,Agosto,0.62
Mogotes,Cana panelera,Julio,0.5
Mogotes,Cana panelera,Agosto,0.6
Mogotes,Cana panelera,Junio,0.5
Mogotes,Cana panelera,Julio,0.5
Mogotes,Yuca,Marzo,1.28
Mogotes,Platano,Junio,0.62
Mogotes,Cana panelera,Junio,0.5
Mogotes,Cana panelera,Julio,0.5
Mogotes,Cana panelera,Julio,0.5
Mogotes,Yuca,Septiembre,1.31
Mogotes,Cana panelera,Julio,0.5
Mogotes,Cana panelera,Julio,0.69
Mogotes,Cana panelera,Junio,0.5
Mogotes,Cana panelera,Junio,0.5
Mogotes,Cana panelera,Junio,0.5
Mogotes,Platano,Julio,0.62
Mogotes,Platano,Junio,0.62
Mogotes,Maiz Amarillo,Diciembre,0.32
Mogotes,Yuca,Marzo,1.31
Mogotes,Cana panelera,Junio,0.5
Mogotes,Cana panelera,Junio,0.5
Mogotes,Cana panelera,Agosto,0.5
Mogotes,Yuca,Septiembre,1.29
Mogotes,Cana panelera,Julio,0.5
Mogotes,Yuca,Marzo,1.2
Mogotes,Platano,Julio,0.62
Mogotes,Cana panelera,Junio,0.5
Mogotes,Cana panelera,Junio,0.68
Mogotes,Cana panelera,Julio,0.65
Mogotes,Cana panelera,Julio,0.69
Mogotes,Cana panelera,Julio,0.5
Mogotes,Cana panelera,Junio,0.5
Mogotes,Cana panelera,Junio,0.5
Mogotes,Yuca,Marzo,1.32
Mogotes,Yuca,Marzo,1.43
Mogotes,Tomate,Mayo,2.1
Mogotes,Platano,Julio,0.62
Mogotes,Cana panelera,Junio,0.5
Mogotes,Cana panelera,Junio,0.5
Mogotes,Cana panelera,Agosto,0.5
Mogotes,Yuca,Septiembre,1.32
Mogotes,Yuca,Septiembre,1.38
Mogotes,Yuca,Septiembre,1.29
Mogotes,Yuca,Septiembre,1.37
Mogotes,Cana panelera,Julio,0.5
Mogotes,Platano,Julio,0.62
Mogotes,Cana panelera,Julio,0.71
Mogotes,Platano,Junio,0.62
Mogotes,Cana panelera,Junio,0.5
Mogotes,Yuca,Marzo,1.32
Mogotes,Yuca,Marzo,1.35
Mogotes,Yuca,Marzo,1.34
Mogotes,Yuca,Marzo,1.25
Mogotes,Cana panelera,Junio,0.5
Mogotes,Platano,Julio,0.62
Mogotes,Cana panelera,Julio,0.5
Mogotes,Cana panelera,Julio,0.71
Mogotes,Platano,Julio,0.62
Mogotes,Yuca,Septiembre,1.25
Mogotes,Yuca,Septiembre,1.26
Mogotes,Yuca,Septiembre,1.39
Mogotes,Yuca,Septiembre,1.45
Mogotes,Yuca,Septiembre,1.3
Mogotes,Yuca,Septiembre,1.27
Mogotes,Yuca,Septiembre,1.33
Mogotes,Yuca,Septiembre,1.34
Mogotes,Yuca,Septiembre,1.37
Mogotes,Yuca,Septiembre,1.28
Mogotes,Yuca,Septiembre,1.29
Mogotes,Yuca,Septiembre,1.41
Mogotes,Yuca,Septiembre,1.29
Mogotes,Platano,Julio,0.62
Mogotes,Cana panelera,Julio,0.5
Mogotes,Cana panelera,Julio,0.68
Mogotes,Cana panelera,Julio,0.5
Mogotes,Cana panelera,Junio,0.68
Mogotes,Cana panelera,Junio,0.5
Mogotes,Yuca,Marzo,1.22
Mogotes,Cana panelera,Junio,0.5
Mogotes,Yuca,Marzo,1.22
Mogotes,Cana panelera,Junio,0.65
Mogotes,Cana panelera,Julio,0.62
Mogotes,Cana panelera,Julio,0.68
Mogotes,Cana panelera,Julio,0.5
Mogotes,Cana panelera,Agosto,0.5
Mogotes,Cana panelera,Junio,0.5
Mogotes,Platano,Junio,0.62
Mogotes,Yuca,Marzo,1.36
Mogotes,Cana panelera,Julio,0.67
Mogotes,Cana panelera,Julio,0.5
Mogotes,Cana panelera,Julio,0.5
Mogotes,Platano,Junio,0.62
Mogotes,Cana panelera,Junio,0.5
Mogotes,Cana panelera,Junio,0.5
Mogotes,Platano,Julio,0.62
Mogotes,Yuca,Septiembre,1.35
Mogotes,Cana panelera,Julio,0.5
Mogotes,Yuca,Marzo,1.32
Mogotes,Frijol,Mayo,0.01
Mogotes,Cana panelera,Julio,0.5
Mogotes,Cana panelera,Julio,0.66
Mogotes,Platano,Julio,0.62
Mogotes,Cana panelera,Julio,0.62
Mogotes,Yuca,Marzo,1.42
Mogotes,Maiz Amarillo,Mayo,0.37
Mogotes,Frijol,Mayo,0.01
Mogotes,Cana panelera,Junio,0.5
Mogotes,Cana panelera,Junio,0.5
Mogotes,Cana panelera,Julio,0.5
Mogotes,Platano,Julio,0.62
Mogotes,Cana panelera,Julio,0.5
Mogotes,Cana panelera,Julio,0.5
Mogotes,Cana panelera,Julio,0.5
Mogotes,Cana panelera,Julio,0.5
Mogotes,Cana panelera,Julio,0.5
Mogotes,Platano,Junio,0.62
Mogotes,Cana panelera,Junio,0.5
Mogotes,Cana panelera,Junio,0.5
Mogotes,Cana panelera,Agosto,0.5
Mogotes,Platano,Agosto,0.62
Mogotes,Cana panelera,Julio,0.5
Mogotes,Yuca,Septiembre,1.31
Mogotes,Yuca,Septiembre,1.23
Mogotes,Yuca,Septiembre,1.24
Mogotes,Cana panelera,Julio,0.5
Mogotes,Cana panelera,Julio,0.5
Mogotes,Cana panelera,Julio,0.5
Mogotes,Platano,Julio,0.62
Mogotes,Cana panelera,Julio,0.5
Mogotes,Cana panelera,Julio,0.5
Mogotes,Platano,Junio,0.62
Mogotes,Cana panelera,Julio,0.5
Mogotes,Platano,Julio,0.62
Mogotes,Yuca,Marzo,1.3
Mogotes,Platano,Julio,0.62
Mogotes,Cana panelera,Junio,0.7
Mogotes,Cana panelera,Junio,0.5
Mogotes,Yuca,Marzo,1.28
Mogotes,Platano,Julio,0.62
Mogotes,Cana panelera,Julio,0.5
Mogotes,Cana panelera,Julio,0.5
Mogotes,Cana panelera,Julio,0.72
Mogotes,Cana panelera,Julio,0.5
Mogotes,Yuca,Marzo,1.35
Mogotes,Cana panelera,Junio,0.5
Mogotes,Cana panelera,Junio,0.5
Mogotes,Cana panelera,Junio,0.5
Mogotes,Cana panelera,Julio,0.5
Mogotes,Yuca,Marzo,1.38
Mogotes,Cana panelera,Junio,0.5
Mogotes,Cana panelera,Junio,0.5
Mogotes,Cana panelera,Julio,0.5
Mogotes,Platano,Julio,0.62
Mogotes,Platano,Julio,0.62
Mogotes,Cana panelera,Julio,0.5
Mogotes,Cana panelera,Julio,0.5
Mogotes,Cana panelera,Julio,0.5
Mogotes,Maiz Blanco,Mayo,0.32
Mogotes,Cana panelera,Julio,0.5
Mogotes,Yuca,Septiembre,1.32
Mogotes,Yuca,Septiembre,1.33
Mogotes,Cana panelera,Julio,0.66
Mogotes,Yuca,Septiembre,1.23
Mogotes,Cana panelera,Julio,0.5
Mogotes,Cana panelera,Julio,0.5
Mogotes,Cana panelera,Junio,0.5
Mogotes,Cana panelera,Julio,0.5
Mogotes,Cana panelera,Julio,0.5
Mogotes,Yuca,Septiembre,1.34
Mogotes,Yuca,Septiembre,1.28
Mogotes,Yuca,Septiembre,1.29
Mogotes,Yuca,Septiembre,1.32
Mogotes,Cana panelera,Julio,0.5
Mogotes,Cana panelera,Julio,0.5
Mogotes,Maiz Blanco,Mayo,0.33
Mogotes,Cana panelera,Julio,0.5
Mogotes,Cana panelera,Junio,0.5
Mogotes,Cana panelera,Julio,0.5
Mogotes,Cana panelera,Junio,0.5
Mogotes,Cana panelera,Julio,0.68
Mogotes,Cana panelera,Julio,0.5
Mogotes,Yuca,Septiembre,1.27
Mogotes,Cana panelera,Julio,0.66
Mogotes,Cana panelera,Julio,0.5
Mogotes,Cana panelera,Junio,0.5
Mogotes,Cana panelera,Junio,0.5
Mogotes,Yuca,Marzo,1.42
Mogotes,Platano,Junio,0.62
Mogotes,Yuca,Marzo,1.36
Mogotes,Yuca,Marzo,1.41
Mogotes,Yuca,Marzo,1.35
Mogotes,Yuca,Marzo,1.36
Mogotes,Platano,Julio,0.62
Mogotes,Cana panelera,Julio,0.5
Mogotes,Cana panelera,Julio,0.5
Mogotes,Cana panelera,Julio,0.5
Mogotes,Cana panelera,Julio,0.61
Mogotes,Cana panelera,Julio,0.5
Mogotes,Maiz Amarillo,Junio,0.35
Mogotes,Yuca,Septiembre,1.24
Mogotes,Cana panelera,Julio,0.5
Mogotes,Cana panelera,Julio,0.5
Mogotes,Cana panelera,Julio,0.5
Mogotes,Platano,Julio,0.62
Mogotes,Cana panelera,Julio,0.67
Mogotes,Cana panelera,Julio,0.5
Mogotes,Cana panelera,Julio,0.5
Mogotes,Cana panelera,Julio,0.5
Mogotes,Cana panelera,Julio,0.5
Mogotes,Cana panelera,Julio,0.5
Mogotes,Frijol,Mayo,0.01
Mogotes,Platano,Julio,0.62
Mogotes,Cana panelera,Julio,0.5
Mogotes,Cana panelera,Julio,0.5
Mogotes,Platano,Julio,0.62
Mogotes,Cana panelera,Julio,0.5
Mogotes,Cana panelera,Julio,0.5
Mogotes,Cana panelera,Junio,0.66
Mogotes,Cana panelera,Junio,0.5
Mogotes,Yuca,Marzo,1.3
Mogotes,Yuca,Marzo,1.43
Mogotes,Yuca,Marzo,1.3
Mogotes,Yuca,Marzo,1.36
Mogotes,Cana panelera,Julio,0.5
Mogotes,Cana panelera,Agosto,0.5
Mogotes,Yuca,Septiembre,1.29
Mogotes,Frijol,Mayo,0.01
Mogotes,Cana panelera,Julio,0.5
Mogotes,Cana panelera,Junio,0.5
Mogotes,Cana panelera,Junio,0.61
Mogotes,Lulo,Agosto,0.18
Mogotes,Cana panelera,Junio,0.65
Mogotes,Cana panelera,Junio,0.71
Mogotes,Cana panelera,Junio,0.5
Mogotes,Cana panelera,Junio,0.5
Mogotes,Yuca,Marzo,1.4
Mogotes,Yuca,Marzo,1.33
Mogotes,Cana panelera,Junio,0.5
Mogotes,Cana panelera,Julio,0.5
Mogotes,Cana panelera,Julio,0.5
Mogotes,Cana panelera,Junio,0.5
Mogotes,Cana panelera,Junio,0.5
Mogotes,Yuca,Septiembre,1.34
Mogotes,Cana panelera,Julio,0.5
Mogotes,Cana panelera,Julio,0.5
Mogotes,Cana panelera,Julio,0.5
Mogotes,Cana panelera,Julio,0.5
Mogotes,Cana panelera,Julio,0.5
Mogotes,Cana panelera,Julio,0.5
Mogotes,Cana panelera,Junio,0.5
Mogotes,Cana panelera,Julio,0.5
Mogotes,Platano,Junio,0.62
Mogotes,Cana panelera,Junio,0.5
Mogotes,Cana panelera,Junio,0.69
Mogotes,Platano,Junio,0.62
Mogotes,Platano,Julio,0.62
Mogotes,Maiz Amarillo,Mayo,0.3
Mogotes,Yuca,Marzo,1.3
Mogotes,Yuca,Septiembre,1.37
Mogotes,Cana panelera,Julio,0.5
Mogotes,Cana panelera,Julio,0.5
Mogotes,Cana panelera,Julio,0.5
Mogotes,Cana panelera,Junio,0.5
Mogotes,Cana panelera,Julio,0.5
Mogotes,Cana panelera,Junio,0.59
Mogotes,Cana panelera,Junio,0.5
Mogotes,Cana panelera,Junio,0.5
Mogotes,Cana panelera,Junio,0.5
Mogotes,Maiz Blanco,Diciembre,0.34
Mogotes,Cana panelera,Junio,0.5
Mogotes,Platano,Julio,0.62
Mogotes,Cana panelera,Junio,0.5
Mogotes,Yuca,Marzo,1.3
Mogotes,Cana panelera,Julio,0.65
Mogotes,Cana panelera,Julio,0.5
Mogotes,Platano,Julio,0.62
Mogotes,Cana panelera,Julio,0.5
Mogotes,Platano,Julio,0.62
Mogotes,Cana panelera,Julio,0.5
Mogotes,Maiz Amarillo,Mayo,0.31
Mogotes,Yuca,Marzo,1.35
Mogotes,Cana panelera,Julio,0.5
Mogotes,Cana panelera,Julio,0.5
Mogotes,Yuca,Septiembre,1.39
Mogotes,Yuca,Septiembre,1.32
Mogotes,Yuca,Septiembre,1.28
Mogotes,Cana panelera,Julio,0.5
Mogotes,Cana panelera,Julio,0.5
Mogotes,Cana panelera,Julio,0.71
Mogotes,Yuca,Septiembre,1.31
Mogotes,Platano,Julio,0.62
Mogotes,Cana panelera,Julio,0.5
Mogotes,Cana panelera,Julio,0.5
Mogotes,Cana panelera,Julio,0.5
Mogotes,Platano,Julio,0.62
Mogotes,Platano,Julio,0.62
Mogotes,Frijol,Mayo,0.01
Mogotes,Cana panelera,Julio,0.5
Mogotes,Yuca,Septiembre,1.3
Mogotes,Yuca,Septiembre,1.31
Mogotes,Cana panelera,Junio,0.5
Mogotes,Cana panelera,Julio,0.5
Mogotes,Platano,Julio,0.62
Mogotes,Yuca,Septiembre,1.3
Mogotes,Platano,Julio,0.62
Mogotes,Cana panelera,Julio,0.5
Mogotes,Cana panelera,Junio,0.5
Mogotes,Cana panelera,Junio,0.61
Mogotes,Cana panelera,Junio,0.65
Mogotes,Cana panelera,Junio,0.5
Mogotes,Platano,Julio,0.62
Mogotes,Yuca,Marzo,1.3
Mogotes,Platano,Julio,0.62
Mogotes,Cana panelera,Julio,0.5
Mogotes,Yuca,Septiembre,1.43
Mogotes,Lulo,Octubre,0.18
Mogotes,Cana panelera,Julio,0.71
Mogotes,Yuca,Septiembre,1.39
Mogotes,Cana panelera,Julio,0.5
Mogotes,Platano,Junio,0.62
Mogotes,Cana panelera,Junio,0.5
Mogotes,Cana panelera,Junio,0.64
Mogotes,Cana panelera,Junio,0.5
Mogotes,Cana panelera,Junio,0.5
Mogotes,Cana panelera,Julio,0.66
Mogotes,Yuca,Septiembre,1.37
Mogotes,Platano,Julio,0.62
Mogotes,Cana panelera,Julio,0.5
Mogotes,Cana panelera,Junio,0.65
Mogotes,Cana panelera,Julio,0.5
Mogotes,Cana panelera,Julio,0.62
Mogotes,Cana panelera,Julio,0.5
Mogotes,Platano,Julio,0.62
Mogotes,Cana panelera,Julio,0.5
Mogotes,Cana panelera,Julio,0.5
Mogotes,Platano,Junio,0.62
Mogotes,Cana panelera,Julio,0.71
Mogotes,Cana panelera,Julio,0.5
Mogotes,Cana panelera,Julio,0.5
Mogotes,Cana panelera,Julio,0.5
Mogotes,Cana panelera,Julio,0.73
Mogotes,Cana panelera,Junio,0.5
Mogotes,Cana panelera,Junio,0.5
Mogotes,Cana panelera,Julio,0.5
Mogotes,Cana panelera,Julio,0.5
Mogotes,Cana panelera,Julio,0.71
Mogotes,Maiz Amarillo,Mayo,0.3
Mogotes,Frijol,Mayo,0.01
Mogotes,Platano,Julio,0.62
Mogotes,Maiz Amarillo,Mayo,0.32
Mogotes,Yuca,Marzo,1.26
Mogotes,Cana panelera,Junio,0.6
Mogotes,Yuca,Marzo,1.29
Mogotes,Yuca,Marzo,1.37
Mogotes,Cana panelera,Julio,0.5
Mogotes,Cana panelera,Julio,0.63
Mogotes,Platano,Junio,0.62
Mogotes,Cana panelera,Junio,0.5
Mogotes,Maiz Blanco,Mayo,0.33
Mogotes,Platano,Julio,0.62
Mogotes,Cana panelera,Julio,0.5
Mogotes,Cana panelera,Julio,0.5
Mogotes,Yuca,Marzo,1.26
Mogotes,Cana panelera,Julio,0.5
Mogotes,Cana panelera,Junio,0.5
Mogotes,Cana panelera,Julio,0.5
Mogotes,Yuca,Marzo,1.45
Mogotes,Cana panelera,Julio,0.5
Mogotes,Cana panelera,Julio,0.5
Mogotes,Cana panelera,Julio,0.65
Mogotes,Cana panelera,Julio,0.5
Mogotes,Lulo,Agosto,0.18
Mogotes,Mora Andina,Agosto,0.2
Mogotes,Cana panelera,Junio,0.5
Mogotes,Cana panelera,Junio,0.63
Mogotes,Yuca,Marzo,1.37
Mogotes,Cana panelera,Julio,0.5
Mogotes,Cana panelera,Julio,0.5
Mogotes,Cana panelera,Junio,0.5
Mogotes,Cana panelera,Julio,0.5
Mogotes,Lulo,Septiembre,0.18
Mogotes,Yuca,Septiembre,1.31
Mogotes,Platano,Julio,0.62
Mogotes,Cana panelera,Julio,0.5
Mogotes,Cana panelera,Julio,0.5
Mogotes,Cana panelera,Junio,0.64
Mogotes,Cana panelera,Junio,0.69
Mogotes,Cana panelera,Julio,0.5
Mogotes,Cana panelera,Julio,0.5
Mogotes,Yuca,Septiembre,1.3
Mogotes,Lulo,Septiembre,0.18
Mogotes,Maiz Amarillo,Mayo,0.36
Mogotes,Cana panelera,Julio,0.5
Mogotes,Cana panelera,Junio,0.5
Mogotes,Cana panelera,Junio,0.5
Mogotes,Cana panelera,Julio,0.66
Mogotes,Cana panelera,Julio,0.5
Mogotes,Cana panelera,Julio,0.63
Mogotes,Cana panelera,Julio,0.59
Mogotes,Cana panelera,Junio,0.5
Mogotes,Cana panelera,Junio,0.5
Mogotes,Yuca,Marzo,1.41
Mogotes,Platano,Junio,0.62
Mogotes,Cana panelera,Julio,0.5
Mogotes,Cana panelera,Julio,0.5
Mogotes,Yuca,Septiembre,1.33
Mogotes,Yuca,Septiembre,1.27
Mogotes,Yuca,Septiembre,1.38
Mogotes,Yuca,Septiembre,1.35
Mogotes,Yuca,Septiembre,1.35
Mogotes,Yuca,Septiembre,1.37
Mogotes,Yuca,Septiembre,1.4
Mogotes,Yuca,Septiembre,1.29
Mogotes,Yuca,Septiembre,1.33
Mogotes,Cana panelera,Julio,0.5
Mogotes,Cana panelera,Junio,0.5
Mogotes,Cana panelera,Junio,0.5
Mogotes,Cana panelera,Agosto,0.5
Mogotes,Cana panelera,Julio,0.68
Mogotes,Platano,Junio,0.62
Mogotes,Banano,Junio,0.4
Mogotes,Cana panelera,Junio,0.64
Mogotes,Cana panelera,Junio,0.63
Mogotes,Cana panelera,Junio,0.5
Mogotes,Cana panelera,Junio,0.5
Mogotes,Platano,Julio,0.62
Mogotes,Cana panelera,Julio,0.5
Mogotes,Cana panelera,Julio,0.5
Mogotes,Cana panelera,Julio,0.5
Mogotes,Cana panelera,Julio,0.5
Mogotes,Yuca,Septiembre,1.29
Mogotes,Yuca,Septiembre,1.36
Mogotes,Platano,Julio,0.62
Mogotes,Platano,Julio,0.62
Mogotes,Cana panelera,Julio,0.5
Mogotes,Cana panelera,Julio,0.5
Mogotes,Cana panelera,Julio,0.5
Mogotes,Cana panelera,Julio,0.5
Mogotes,Cana panelera,Julio,0.5
Mogotes,Cana panelera,Julio,0.5
Mogotes,Cana panelera,Julio,0.5
Mogotes,Cana panelera,Julio,0.5
Mogotes,Cana panelera,Junio,0.5
Mogotes,Maiz Blanco,Mayo,0.32
Mogotes,Frijol,Mayo,0.01
Mogotes,Cana panelera,Julio,0.5
Mogotes,Yuca,Marzo,1.28
Mogotes,Platano,Julio,0.62
Mogotes,Cana panelera,Julio,0.5
Mogotes,Cana panelera,Julio,0.5
Mogotes,Cana panelera,Julio,0.5
Mogotes,Cana panelera,Julio,0.5
Mogotes,Cana panelera,Agosto,0.5
Mogotes,Yuca,Septiembre,1.4
Mogotes,Cana panelera,Julio,0.5
Mogotes,Yuca,Septiembre,1.34
Mogotes,Platano,Julio,0.62
Mogotes,Maiz Blanco,Mayo,0.35
Mogotes,Cana panelera,Julio,0.5
Mogotes,Cana panelera,Julio,0.5
Mogotes,Cana panelera,Julio,0.5
Mogotes,Yuca,Septiembre,1.33
Mogotes,Platano,Julio,0.62
Mogotes,Cana panelera,Julio,0.5
Mogotes,Platano,Julio,0.62
Mogotes,Platano,Junio,0.62
Mogotes,Lulo,Septiembre,0.19
Mogotes,Cana panelera,Junio,0.5
Mogotes,Yuca,Octubre,1.32
Mogotes,Yuca,Octubre,1.4
Mogotes,Yuca,Octubre,1.43
Mogotes,Yuca,Octubre,1.31
Mogotes,Yuca,Septiembre,1.31
Mogotes,Platano,Julio,0.62
Mogotes,Cana panelera,Julio,0.5
Mogotes,Cana panelera,Junio,0.7
Mogotes,Cana panelera,Junio,0.5
Mogotes,Platano,Julio,0.62
Mogotes,Cana panelera,Julio,0.5
Mogotes,Cana panelera,Julio,0.5
Mogotes,Cana panelera,Julio,0.5
Mogotes,Platano,Julio,0.62
Mogotes,Cana panelera,Julio,0.5
Mogotes,Cana panelera,Junio,0.5
Mogotes,Platano,Julio,0.62
Mogotes,Cana panelera,Julio,0.66
Mogotes,Cana panelera,Julio,0.5
Mogotes,Cana panelera,Julio,0.5
Mogotes,Cana panelera,Julio,0.5
Mogotes,Cana panelera,Junio,0.5
Mogotes,Yuca,Marzo,1.38
Mogotes,Yuca,Marzo,1.21
Mogotes,Yuca,Marzo,1.26
Mogotes,Cana panelera,Julio,0.5
Mogotes,Cana panelera,Julio,0.5
Mogotes,Platano,Julio,0.62
Mogotes,Cana panelera,Julio,0.5
Mogotes,Cana panelera,Junio,0.66
Mogotes,Cana panelera,Julio,0.5
Mogotes,Cana panelera,Julio,0.5
Mogotes,Cana panelera,Julio,0.5
Mogotes,Cana panelera,Agosto,0.5
Mogotes,Cana panelera,Agosto,0.5
Mogotes,Platano,Julio,0.62
Mogotes,Yuca,Marzo,1.49
Mogotes,Yuca,Marzo,1.42
Mogotes,Yuca,Marzo,1.22
Mogotes,Yuca,Marzo,1.28
Mogotes,Yuca,Marzo,1.38
Mogotes,Cana panelera,Julio,0.5
Mogotes,Cana panelera,Julio,0.5
Mogotes,Cana panelera,Julio,0.7
Mogotes,Yuca,Marzo,1.41
Mogotes,Platano,Junio,0.62
Mogotes,Maiz Amarillo,Diciembre,0.31
Mogotes,Yuca,Marzo,1.42
Mogotes,Platano,Junio,0.62
Mogotes,Cana panelera,Julio,0.67
Mogotes,Cana panelera,Julio,0.58
Mogotes,Cana panelera,Junio,0.62
Mogotes,Cana panelera,Junio,0.5
Mogotes,Cana panelera,Junio,0.5
Mogotes,Cana panelera,Junio,0.5
Mogotes,Platano,Julio,0.62
Mogotes,Cana panelera,Julio,0.5
Mogotes,Platano,Junio,0.62
Mogotes,Cana panelera,Julio,0.5
Mogotes,Yuca,Septiembre,1.38
Mogotes,Cana panelera,Julio,0.5
Mogotes,Cana panelera,Junio,0.64
Mogotes,Cana panelera,Junio,0.5
Mogotes,Yuca,Marzo,1.37
Mogotes,Cana panelera,Julio,0.5
Mogotes,Cana panelera,Julio,0.74
Mogotes,Yuca,Marzo,1.31
Mogotes,Yuca,Marzo,1.4
Mogotes,Cana panelera,Julio,0.5
Mogotes,Cana panelera,Junio,0.5
Mogotes,Cana panelera,Julio,0.5
Mogotes,Platano,Junio,0.62
Mogotes,Cana panelera,Julio,0.5
Mogotes,Cana panelera,Julio,0.5
Mogotes,Cana panelera,Junio,0.7
Mogotes,Platano,Julio,0.62
Mogotes,Cana panelera,Junio,0.5
Mogotes,Cana panelera,Junio,0.5
Mogotes,Cana panelera,Julio,0.64
Mogotes,Cana panelera,Julio,0.61
Mogotes,Platano,Julio,0.62
Mogotes,Cana panelera,Julio,0.5
Mogotes,Cana panelera,Julio,0.5
Mogotes,Cana panelera,Junio,0.5
Mogotes,Cana panelera,Junio,0.5
Mogotes,Cana panelera,Julio,0.5
Mogotes,Cana panelera,Junio,0.5
Mogotes,Cana panelera,Junio,0.5
Mogotes,Cana panelera,Julio,0.5
Mogotes,Cana panelera,Junio,0.5
Mogotes,Maiz Blanco,Mayo,0.37
Mogotes,Cana panelera,Junio,0.5
Mogotes,Yuca,Marzo,1.38
Mogotes,Yuca,Marzo,1.34
Mogotes,Yuca,Marzo,1.34
Mogotes,Cana panelera,Julio,0.67
Mogotes,Cana panelera,Julio,0.5
Mogotes,Cana panelera,Agosto,0.5
Mogotes,Yuca,Marzo,1.46
Mogotes,Cana panelera,Julio,0.69
Mogotes,Cana panelera,Julio,0.65
Mogotes,Cana panelera,Julio,0.5
Mogotes,Cana panelera,Junio,0.5
Mogotes,Platano,Julio,0.62
Mogotes,Cana panelera,Junio,0.5
Mogotes,Platano,Julio,0.62
Mogotes,Cana panelera,Julio,0.5
Mogotes,Platano,Julio,0.62
Mogotes,Cana panelera,Julio,0.5
Mogotes,Platano,Junio,0.62
Mogotes,Yuca,Marzo,1.3
Mogotes,Maiz Amarillo,Mayo,0.32
Mogotes,Cana panelera,Julio,0.5
Mogotes,Cana panelera,Julio,0.5
Mogotes,Cana panelera,Julio,0.5
Mogotes,Cana panelera,Julio,0.5
Mogotes,Cana panelera,Julio,0.5
Mogotes,Cana panelera,Julio,0.5
Mogotes,Cana panelera,Junio,0.5
Mogotes,Cana panelera,Junio,0.5
Mogotes,Cana panelera,Julio,0.5
Mogotes,Platano,Julio,0.62
Mogotes,Platano,Junio,0.62
Mogotes,Platano,Julio,0.62
Mogotes,Yuca,Marzo,1.36
Mogotes,Yuca,Marzo,1.31
Mogotes,Yuca,Marzo,1.43
Mogotes,Yuca,Marzo,1.28
Mogotes,Yuca,Marzo,1.37
Mogotes,Platano,Julio,0.62
Mogotes,Cana panelera,Julio,0.5
Mogotes,Frijol,Mayo,0.01
Mogotes,Frijol,Mayo,0.01
Mogotes,Yuca,Septiembre,1.58
Mogotes,Platano,Junio,0.62
Mogotes,Cana panelera,Junio,0.5
Mogotes,Cana panelera,Junio,0.5
Mogotes,Yuca,Marzo,1.38
Mogotes,Cana panelera,Junio,0.69
Mogotes,Cana panelera,Julio,0.5
Mogotes,Platano,Agosto,0.62
Mogotes,Cana panelera,Julio,0.5
Mogotes,Cana panelera,Julio,0.5
Mogotes,Platano,Junio,0.62
Mogotes,Cana panelera,Julio,0.5
Mogotes,Yuca,Septiembre,1.4
Mogotes,Bore,Marzo,0.26
Mogotes,Platano,Julio,0.62
Mogotes,Yuca,Septiembre,1.33
Mogotes,Yuca,Septiembre,1.28
Mogotes,Yuca,Septiembre,1.31
Mogotes,Yuca,Septiembre,1.33
Mogotes,Yuca,Septiembre,1.31
Mogotes,Cana panelera,Julio,0.5
Mogotes,Yuca,Marzo,1.33
Mogotes,Cana panelera,Junio,0.5
Mogotes,Cana panelera,Junio,0.5
Mogotes,Cana panelera,Julio,0.5
Mogotes,Cana panelera,Junio,0.5
Mogotes,Cana panelera,Junio,0.65
Mogotes,Yuca,Marzo,1.32
Mogotes,Yuca,Septiembre,1.44
Mogotes,Cana panelera,Julio,0.5
Mogotes,Yuca,Septiembre,1.29
Mogotes,Cana panelera,Julio,0.5
Mogotes,Cana panelera,Julio,0.5
Mogotes,Cana panelera,Junio,0.7
Mogotes,Maiz Amarillo,Mayo,0.35
Mogotes,Cana panelera,Junio,0.69
Mogotes,Cana panelera,Junio,0.5
Mogotes,Cana panelera,Julio,0.67
Mogotes,Cana panelera,Junio,0.5
Mogotes,Cana panelera,Junio,0.69
Mogotes,Cana panelera,Junio,0.69
Mogotes,Cana panelera,Junio,0.5
Mogotes,Cana panelera,Julio,0.5
Mogotes,Cana panelera,Julio,0.5
Mogotes,Yuca,Septiembre,1.35
Mogotes,Cana panelera,Julio,0.5
Mogotes,Platano,Julio,0.62
Mogotes,Cana panelera,Julio,0.68
Mogotes,Cana panelera,Julio,0.5
Mogotes,Cana panelera,Julio,0.65
Mogotes,Platano,Junio,0.62
Mogotes,Cana panelera,Junio,0.5
Mogotes,Cana panelera,Junio,0.5
Mogotes,Cana panelera,Julio,0.5
Mogotes,Cana panelera,Julio,0.5
Mogotes,Cana panelera,Julio,0.5
Mogotes,Cana panelera,Junio,0.65
Mogotes,Cana panelera,Junio,0.5
Mogotes,Cana panelera,Junio,0.5
Mogotes,Cana panelera,Julio,0.68
Mogotes,Cana panelera,Julio,0.5
Mogotes,Cana panelera,Julio,0.5
Mogotes,Lulo,Septiembre,0.19
Mogotes,Tomate,Mayo,2.1
Mogotes,Cana panelera,Julio,0.5
Mogotes,Cana panelera,Junio,0.5
Mogotes,Cana panelera,Junio,0.5
Mogotes,Cana panelera,Junio,0.5
Mogotes,Cana panelera,Julio,0.66
Mogotes,Cana panelera,Julio,0.5
Mogotes,Cana panelera,Julio,0.5
Mogotes,Cana panelera,Julio,0.5
Mogotes,Cana panelera,Julio,0.5
Mogotes,Cana panelera,Julio,0.5
Mogotes,Yuca,Septiembre,1.26
Mogotes,Yuca,Septiembre,1.42
Mogotes,Yuca,Septiembre,1.32
Mogotes,Yuca,Septiembre,1.44
Mogotes,Cana panelera,Junio,0.5
Mogotes,Cana panelera,Junio,0.5
Mogotes,Cana panelera,Junio,0.5
Mogotes,Platano,Junio,0.62
Mogotes,Cana panelera,Julio,0.5
Mogotes,Cana panelera,Julio,0.5
Mogotes,Cana panelera,Julio,0.5
Mogotes,Cana panelera,Julio,0.5
Mogotes,Cana panelera,Agosto,0.5
Mogotes,Cana panelera,Julio,0.5
Mogotes,Cana panelera,Julio,0.5
Mogotes,Cana panelera,Julio,0.5
Mogotes,Cana panelera,Julio,0.5
Mogotes,Cana panelera,Junio,0.5
Mogotes,Cana panelera,Junio,0.5
Mogotes,Cana panelera,Agosto,0.5
Mogotes,Lulo,Septiembre,0.2
Mogotes,Platano,Julio,0.62
Mogotes,Cana panelera,Julio,0.62
Mogotes,Platano,Julio,0.62
Mogotes,Papaya,Julio,3.01
Mogotes,Cana panelera,Julio,0.5
Mogotes,Cana panelera,Julio,0.5
Mogotes,Cana panelera,Junio,0.5
Mogotes,Cana panelera,Julio,0.5
Mogotes,Cana panelera,Julio,0.5
Mogotes,Cana panelera,Julio,0.5
Mogotes,Cana panelera,Julio,0.5
Mogotes,Platano,Julio,0.62
Mogotes,Cana panelera,Julio,0.64
Mogotes,Yuca,Septiembre,1.42
Mogotes,Cana panelera,Junio,0.5
Mogotes,Yuca,Marzo,1.29
Mogotes,Cana panelera,Julio,0.5
Mogotes,Cana panelera,Julio,0.5
Mogotes,Platano,Julio,0.62
Mogotes,Cana panelera,Julio,0.5
Mogotes,Cana panelera,Julio,0.5
Mogotes,Cana panelera,Julio,0.5
Mogotes,Cana panelera,Julio,0.5
Mogotes,Yuca,Septiembre,1.39
Mogotes,Yuca,Septiembre,1.45
Mogotes,Yuca,Septiembre,1.34
Mogotes,Yuca,Septiembre,1.37
Mogotes,Yuca,Septiembre,1.42
Mogotes,Yuca,Septiembre,1.28
Mogotes,Yuca,Septiembre,1.4
Mogotes,Yuca,Septiembre,1.42
Mogotes,Cana panelera,Julio,0.5
Mogotes,Cana panelera,Julio,0.5
Mogotes,Cana panelera,Julio,0.5
Mogotes,Cana panelera,Junio,0.69
Mogotes,Cana panelera,Junio,0.7
Mogotes,Platano,Julio,0.62
Mogotes,Cana panelera,Julio,0.5
Mogotes,Cana panelera,Agosto,0.62
Mogotes,Cana panelera,Julio,0.5
Mogotes,Yuca,Julio,1.44
Mogotes,Maiz Amarillo,Mayo,0.33
Mogotes,Maiz Amarillo,Mayo,0.34
Mogotes,Maiz Blanco,Junio,0.34
Mogotes,Cana panelera,Junio,0.69
Mogotes,Yuca,Septiembre,1.43
Mogotes,Cana panelera,Julio,0.66
Mogotes,Cana panelera,Julio,0.5
Mogotes,Cana panelera,Julio,0.5
Mogotes,Yuca,Septiembre,1.35
Mogotes,Yuca,Septiembre,1.48
Mogotes,Cana panelera,Julio,0.5
Mogotes,Cana panelera,Julio,0.5
Mogotes,Cana panelera,Julio,0.5
Mogotes,Cana panelera,Junio,0.5
Mogotes,Cana panelera,Junio,0.5
Mogotes,Yuca,Marzo,1.4
Mogotes,Yuca,Marzo,1.23
Mogotes,Yuca,Marzo,1.27
Mogotes,Cana panelera,Julio,0.5
Mogotes,Yuca,Marzo,1.33
Mogotes,Yuca,Marzo,1.27
Mogotes,Yuca,Marzo,1.35
Mogotes,Platano,Julio,0.62
Mogotes,Cana panelera,Julio,0.5
Mogotes,Cana panelera,Julio,0.5
Mogotes,Cana panelera,Julio,0.5
Mogotes,Cana panelera,Julio,0.5
Mogotes,Cana panelera,Agosto,0.5
Mogotes,Platano,Julio,0.62
Mogotes,Cana panelera,Junio,0.5
Mogotes,Cana panelera,Julio,0.68
Mogotes,Cana panelera,Agosto,0.5
Mogotes,Cana panelera,Julio,0.5
Mogotes,Cana panelera,Julio,0.5
Mogotes,Cana panelera,Julio,0.5
Mogotes,Cana panelera,Julio,0.5
Mogotes,Cana panelera,Julio,0.5
Mogotes,Platano,Junio,0.62
Mogotes,Yuca,Septiembre,1.36
Mogotes,Cana panelera,Julio,0.5
Mogotes,Cana panelera,Julio,0.5
Mogotes,Cana panelera,Junio,0.5
Mogotes,Platano,Julio,0.62
Mogotes,Cana panelera,Julio,0.5
Mogotes,Yuca,Septiembre,1.36
Mogotes,Arracacha,Febrero,0.26
Mogotes,Cana panelera,Julio,0.5
Mogotes,Cana panelera,Julio,0.5
Mogotes,Cana panelera,Julio,0.5
Mogotes,Cana panelera,Junio,0.5
Mogotes,Yuca,Marzo,1.47
Mogotes,Cana panelera,Julio,0.5
Mogotes,Cana panelera,Julio,0.64
Mogotes,Yuca,Marzo,1.29
Mogotes,Platano,Julio,0.62
Mogotes,Cana panelera,Julio,0.5
Mogotes,Cana panelera,Julio,0.5
Mogotes,Platano,Julio,0.62
Mogotes,Cana panelera,Julio,0.5
Mogotes,Cana panelera,Julio,0.5
Mogotes,Cana panelera,Julio,0.5
Mogotes,Cana panelera,Julio,0.64
Mogotes,Platano,Julio,0.62
Mogotes,Cana panelera,Julio,0.65
Mogotes,Cana panelera,Julio,0.5
Mogotes,Cana panelera,Junio,0.5
Mogotes,Cana panelera,Julio,0.5
Mogotes,Cana panelera,Julio,0.71
Mogotes,Cana panelera,Junio,0.5
Mogotes,Cana panelera,Junio,0.5
Mogotes,Cana panelera,Junio,0.5
Mogotes,Yuca,Marzo,1.25
Mogotes,Cana panelera,Julio,0.5
Mogotes,Cana panelera,Junio,0.5
Mogotes,Yuca,Marzo,1.19
Mogotes,Platano,Junio,0.62
Mogotes,Platano,Julio,0.62
Mogotes,Cana panelera,Julio,0.5
Mogotes,Cana panelera,Julio,0.5
Mogotes,Cana panelera,Julio,0.5
Mogotes,Cana panelera,Junio,0.5
Mogotes,Maiz Amarillo,Diciembre,0.35
Mogotes,Cana panelera,Julio,0.5
Mogotes,Platano,Junio,0.62
Mogotes,Platano,Julio,0.62
Mogotes,Cana panelera,Junio,0.5
Mogotes,Cana panelera,Junio,0.5
Mogotes,Cana panelera,Julio,0.5
Mogotes,Cana panelera,Junio,0.67
Mogotes,Cana panelera,Junio,0.5
Mogotes,Yuca,Marzo,1.33
Mogotes,Cana panelera,Junio,0.5
Mogotes,Cana panelera,Junio,0.5
Mogotes,Cana panelera,Junio,0.5
Mogotes,Yuca,Marzo,1.35
Mogotes,Cana panelera,Junio,0.64
Mogotes,Cana panelera,Junio,0.5
Mogotes,Cana panelera,Junio,0.73
Mogotes,Yuca,Marzo,1.26
Mogotes,Yuca,Marzo,1.37
Mogotes,Yuca,Marzo,1.37
Mogotes,Yuca,Marzo,1.36
Mogotes,Yuca,Septiembre,1.52
Mogotes,Platano,Julio,0.62
Mogotes,Platano,Julio,0.62
Mogotes,Yuca,Septiembre,1.38
Mogotes,Yuca,Septiembre,1.32
Mogotes,Yuca,Septiembre,1.52
Mogotes,Yuca,Septiembre,1.35
Mogotes,Yuca,Septiembre,1.35
Mogotes,Cana panelera,Julio,0.66
Mogotes,Cana panelera,Julio,0.5
Mogotes,Cana panelera,Julio,0.5
Mogotes,Yuca,Marzo,1.28
Mogotes,Cana panelera,Julio,0.5
Mogotes,Platano,Julio,0.62
Mogotes,Cana panelera,Julio,0.5
Mogotes,Cana panelera,Julio,0.5
Mogotes,Cana panelera,Junio,0.5
Mogotes,Cana panelera,Julio,0.62
Mogotes,Cana panelera,Julio,0.5
Mogotes,Cana panelera,Junio,0.5
Mogotes,Platano,Junio,0.62
Mogotes,Cana panelera,Julio,0.5
Mogotes,Cana panelera,Junio,0.5
Mogotes,Cana panelera,Junio,0.67
Mogotes,Cana panelera,Junio,0.5
Mogotes,Yuca,Septiembre,1.34
Mogotes,Cana panelera,Julio,0.5
Mogotes,Cana panelera,Julio,0.5
Mogotes,Cana panelera,Julio,0.5
Mogotes,Platano,Julio,0.62
Mogotes,Cana panelera,Julio,0.5
Mogotes,Cana panelera,Agosto,0.5
Mogotes,Platano,Julio,0.62
Mogotes,Cana panelera,Julio,0.5
Mogotes,Cana panelera,Julio,0.5
Mogotes,Platano,Julio,0.62
Mogotes,Yuca,Septiembre,1.56
Mogotes,Frijol,Mayo,0.01
Mogotes,Maiz Blanco,Mayo,0.35
Mogotes,Cana panelera,Julio,0.5
Mogotes,Cana panelera,Julio,0.5
Mogotes,Yuca,Septiembre,1.42
Mogotes,Cana panelera,Julio,0.5
Mogotes,Yuca,Septiembre,1.29
Mogotes,Cana panelera,Julio,0.5
Mogotes,Cana panelera,Julio,0.5
Mogotes,Cana panelera,Julio,0.5
Mogotes,Maiz Blanco,Diciembre,0.34
Mogotes,Maiz Amarillo,Diciembre,0.31
Mogotes,Cana panelera,Junio,0.5
Mogotes,Cana panelera,Junio,0.64
Mogotes,Cana panelera,Junio,0.5
Mogotes,Platano,Junio,0.62
Mogotes,Cana panelera,Junio,0.5
Mogotes,Cana panelera,Junio,0.5
Mogotes,Cana panelera,Junio,0.5
Mogotes,Cana panelera,Junio,0.5
Mogotes,Platano,Julio,0.62
Mogotes,Cana panelera,Julio,0.5
Mogotes,Cana panelera,Julio,0.5
Mogotes,Cana panelera,Julio,0.5
Mogotes,Cana panelera,Julio,0.5
Mogotes,Cana panelera,Julio,0.5
Mogotes,Cana panelera,Julio,0.64
Mogotes,Cana panelera,Julio,0.5
Mogotes,Cana panelera,Julio,0.5
Mogotes,Cana panelera,Junio,0.5
Mogotes,Maiz Amarillo,Diciembre,0.36
Mogotes,Yuca,Marzo,1.22
Mogotes,Cana panelera,Junio,0.67
Mogotes,Cana panelera,Junio,0.5
Mogotes,Cana panelera,Junio,0.5
Mogotes,Yuca,Marzo,1.28
Mogotes,Cana panelera,Junio,0.72
Mogotes,Banano,Agosto,0.4
Mogotes,Cana panelera,Agosto,0.5
Mogotes,Cana panelera,Junio,0.5
Mogotes,Cana panelera,Julio,0.5
Mogotes,Cana panelera,Julio,0.5
Mogotes,Platano,Julio,0.62
Mogotes,Platano,Julio,0.62
Mogotes,Cana panelera,Julio,0.5
Mogotes,Yuca,Septiembre,1.27
Mogotes,Cana panelera,Julio,0.5
Mogotes,Cana panelera,Julio,0.5
Mogotes,Cana panelera,Julio,0.5
Mogotes,Platano,Julio,0.62
Mogotes,Cana panelera,Julio,0.7
Mogotes,Cana panelera,Julio,0.5
Mogotes,Cana panelera,Julio,0.5
Mogotes,Cana panelera,Julio,0.5
Mogotes,Mora Andina,Septiembre,0.2
Mogotes,Cana panelera,Julio,0.5
Mogotes,Cana panelera,Julio,0.5
Mogotes,Cana panelera,Julio,0.71
Mogotes,Cana panelera,Julio,0.5
Mogotes,Yuca,Septiembre,1.21
Mogotes,Cana panelera,Julio,0.5
Mogotes,Cana panelera,Julio,0.5
Mogotes,Platano,Julio,0.62
Mogotes,Cana panelera,Julio,0.5
Mogotes,Cana panelera,Junio,0.5
Mogotes,Cana panelera,Junio,0.5
Mogotes,Platano,Julio,0.62
Mogotes,Cana panelera,Julio,0.5
Mogotes,Cana panelera,Junio,0.5
Mogotes,Cana panelera,Julio,0.5
Mogotes,Cana panelera,Julio,0.5
Mogotes,Yuca,Marzo,1.43
Mogotes,Yuca,Marzo,1.29
Mogotes,Cana panelera,Junio,0.5
Mogotes,Cana panelera,Junio,0.5
Mogotes,Cana panelera,Junio,0.5
Mogotes,Cana panelera,Julio,0.5
Mogotes,Cana panelera,Junio,0.5
Mogotes,Cana panelera,Julio,0.5
Mogotes,Cana panelera,Julio,0.5
Mogotes,Cana panelera,Junio,0.5
Mogotes,Cana panelera,Junio,0.71
Mogotes,Cana panelera,Junio,0.62
Mogotes,Cana panelera,Julio,0.69
Mogotes,Cana panelera,Julio,0.5
Mogotes,Cana panelera,Julio,0.5
Mogotes,Cana panelera,Julio,0.5
Mogotes,Cana panelera,Julio,0.5
Mogotes,Cana panelera,Julio,0.66
Mogotes,Cana panelera,Agosto,0.5
Mogotes,Cana panelera,Julio,0.5
Mogotes,Cana panelera,Julio,0.5
Mogotes,Cana panelera,Julio,0.5
Mogotes,Yuca,Septiembre,1.26
Mogotes,Cana panelera,Junio,0.5
Mogotes,Cana panelera,Agosto,0.5
Mogotes,Yuca,Marzo,1.32
Mogotes,Cana panelera,Junio,0.5
Mogotes,Cana panelera,Junio,0.64
Mogotes,Cana panelera,Junio,0.5
Mogotes,Cana panelera,Julio,0.5
Mogotes,Yuca,Septiembre,1.29
Mogotes,Maiz Amarillo,Mayo,0.33
Mogotes,Frijol,Mayo,0.01
Mogotes,Arveja verde,Mayo,0.86
Mogotes,Cana panelera,Julio,0.5
Mogotes,Cana panelera,Julio,0.5
Mogotes,Cana panelera,Junio,0.5
Mogotes,Cana panelera,Junio,0.7
Mogotes,Lulo,Agosto,0.17
Mogotes,Cana panelera,Junio,0.5
Mogotes,Cana panelera,Junio,0.5
Mogotes,Cana panelera,Julio,0.72
Mogotes,Cana panelera,Julio,0.7
Mogotes,Cana panelera,Julio,0.5
Mogotes,Cana panelera,Julio,0.5
Mogotes,Yuca,Marzo,1.38
Mogotes,Yuca,Marzo,1.35
Mogotes,Cana panelera,Julio,0.5
Mogotes,Cana panelera,Agosto,0.5
Mogotes,Cana panelera,Julio,0.5
Mogotes,Yuca,Septiembre,1.2
Mogotes,Cana panelera,Julio,0.5
Mogotes,Cana panelera,Agosto,0.5
Mogotes,Platano,Julio,0.62
Mogotes,Yuca,Septiembre,1.46
Mogotes,Cana panelera,Julio,0.7
Mogotes,Cana panelera,Julio,0.5
Mogotes,Cana panelera,Julio,0.5
Mogotes,Cana panelera,Julio,0.5
Mogotes,Yuca,Septiembre,1.29
Mogotes,Yuca,Septiembre,1.39
Mogotes,Cana panelera,Julio,0.5
Mogotes,Platano,Junio,0.62
Mogotes,Cana panelera,Junio,0.5
Mogotes,Cana panelera,Junio,0.5
Mogotes,Platano,Julio,0.62
Mogotes,Cana panelera,Junio,0.5
Mogotes,Cana panelera,Junio,0.72
Mogotes,Cana panelera,Julio,0.5
Mogotes,Cana panelera,Julio,0.5
Mogotes,Cana panelera,Junio,0.5
Mogotes,Yuca,Marzo,1.34
Mogotes,Cana panelera,Junio,0.5
Mogotes,Cana panelera,Junio,0.5
Mogotes,Cana panelera,Junio,0.63
Mogotes,Cana panelera,Junio,0.65
Mogotes,Frijol,Mayo,0.01
Mogotes,Cana panelera,Julio,0.5
Mogotes,Cana panelera,Julio,0.5
Mogotes,Yuca,Septiembre,1.24
Mogotes,Cana panelera,Junio,0.5
Mogotes,Frijol,Mayo,0.01
Mogotes,Frijol,Mayo,0.01
Mogotes,Cana panelera,Julio,0.5
Mogotes,Cana panelera,Julio,0.5
Mogotes,Cana panelera,Julio,0.5
Mogotes,Curuba,Septiembre,0.11
Mogotes,Mora Andina,Septiembre,0.2
Mogotes,Cebolla larga,Mayo,1.52
Mogotes,Cana panelera,Julio,0.5
Mogotes,Yuca,Septiembre,1.35
Mogotes,Cana panelera,Julio,0.68
Mogotes,Maiz Blanco,Diciembre,0.34
Mogotes,Cana panelera,Junio,0.5
Mogotes,Maiz Blanco,Mayo,0.32
Mogotes,Lulo,Septiembre,0.19
Mogotes,Mora Andina,Septiembre,0.2
Mogotes,Cana panelera,Julio,0.63
Mogotes,Cana panelera,Julio,0.5
Mogotes,Cana panelera,Julio,0.5
Mogotes,Cana panelera,Julio,0.5
Mogotes,Platano,Julio,0.62
Mogotes,Cana panelera,Julio,0.5
Mogotes,Cana panelera,Julio,0.5
Mogotes,Yuca,Septiembre,1.31
Mogotes,Platano,Julio,0.62
Mogotes,Cana panelera,Julio,0.5
Mogotes,Cana panelera,Julio,0.5
Mogotes,Cana panelera,Junio,0.5
Mogotes,Cana panelera,Junio,0.5
Mogotes,Cana panelera,Junio,0.5
Mogotes,Cana panelera,Julio,0.5
Mogotes,Platano,Julio,0.62
Mogotes,Cana panelera,Julio,0.5
Mogotes,Lulo,Septiembre,0.18
Mogotes,Cana panelera,Julio,0.5
Mogotes,Cana panelera,Julio,0.5
Mogotes,Cana panelera,Julio,0.5
Mogotes,Cana panelera,Junio,0.5
Mogotes,Yuca,Septiembre,1.39
Mogotes,Cana panelera,Julio,0.5
Mogotes,Platano,Julio,0.62
Mogotes,Cana panelera,Junio,0.5
Mogotes,Cana panelera,Junio,0.5
Mogotes,Cana panelera,Junio,0.5
Mogotes,Yuca,Marzo,1.38
Mogotes,Yuca,Marzo,1.37
Mogotes,Yuca,Septiembre,1.22
Mogotes,Cana panelera,Julio,0.5
Mogotes,Cana panelera,Junio,0.5
Mogotes,Platano,Julio,0.62
Mogotes,Cana panelera,Julio,0.5
Mogotes,Cana panelera,Julio,0.5
Mogotes,Platano,Julio,0.62
Mogotes,Cana panelera,Junio,0.67
Mogotes,Cana panelera,Julio,0.5
Mogotes,Platano,Julio,0.62
Mogotes,Yuca,Marzo,1.3
Mogotes,Cana panelera,Julio,0.5
Mogotes,Cana panelera,Julio,0.5
Mogotes,Cana panelera,Junio,0.5
Mogotes,Cana panelera,Julio,0.5
Mogotes,Cana panelera,Julio,0.5
Mogotes,Cana panelera,Julio,0.5
Mogotes,Yuca,Septiembre,1.4
Mogotes,Cana panelera,Julio,0.5
Mogotes,Cana panelera,Julio,0.6
Mogotes,Cana panelera,Agosto,0.5
Mogotes,Cana panelera,Julio,0.5
Mogotes,Cana panelera,Julio,0.5
Mogotes,Frijol,Mayo,0.01
Mogotes,Cana panelera,Agosto,0.5
Mogotes,Cana panelera,Julio,0.5
Mogotes,Maiz Amarillo,Diciembre,0.32
Mogotes,Cebolla cabezona,Septiembre,1.49
Mogotes,Repollo,Octubre,2.19
Mogotes,Cana panelera,Junio,0.5
Mogotes,Cana panelera,Julio,0.69
Mogotes,Cana panelera,Julio,0.5
Mogotes,Yuca,Marzo,1.42
Mogotes,Cana panelera,Julio,0.5
Mogotes,Cana panelera,Julio,0.5
Mogotes,Platano,Julio,0.62
Mogotes,Maiz Blanco,Mayo,0.34
Mogotes,Cana panelera,Julio,0.5
Mogotes,Yuca,Marzo,1.43
Mogotes,Maiz Amarillo,Mayo,0.32
Mogotes,Platano,Junio,0.62
Mogotes,Cana panelera,Julio,0.5
Mogotes,Cana panelera,Julio,0.5
Mogotes,Maiz Blanco,Diciembre,0.36
Mogotes,Cana panelera,Junio,0.69
Mogotes,Platano,Junio,0.62
Mogotes,Cana panelera,Agosto,0.5
Mogotes,Cana panelera,Julio,0.5
Mogotes,Platano,Julio,0.62
Mogotes,Cana panelera,Junio,0.5
Mogotes,Platano,Junio,0.62
Mogotes,Cana panelera,Junio,0.5
Mogotes,Platano,Junio,0.62
Mogotes,Yuca,Septiembre,1.34
Mogotes,Platano,Julio,0.62
Mogotes,Cana panelera,Julio,0.5
Mogotes,Platano,Junio,0.62
Mogotes,Cana panelera,Junio,0.5
Mogotes,Maiz Blanco,Diciembre,0.36
Mogotes,Cana panelera,Julio,0.5
Mogotes,Cana panelera,Julio,0.5
Mogotes,Cana panelera,Julio,0.5
Mogotes,Cana panelera,Julio,0.5
Mogotes,Cana panelera,Julio,0.5
Mogotes,Platano,Junio,0.62
Mogotes,Frijol,Mayo,0.01
Mogotes,Cana panelera,Agosto,0.5
Mogotes,Cana panelera,Junio,0.5
Mogotes,Cana panelera,Julio,0.5
Mogotes,Lulo,Octubre,0.18
Mogotes,Cana panelera,Julio,0.65
Mogotes,Cana panelera,Junio,0.5
Mogotes,Cana panelera,Junio,0.5
Mogotes,Platano,Julio,0.62
Mogotes,Cana panelera,Julio,0.5
Mogotes,Yuca,Marzo,1.31
Mogotes,Mora Andina,Septiembre,0.2
Mogotes,Cana panelera,Julio,0.5
Mogotes,Cana panelera,Junio,0.5
Mogotes,Cana panelera,Julio,0.5
Mogotes,Platano,Julio,0.62
Mogotes,Cana panelera,Julio,0.71
Mogotes,Cana panelera,Julio,0.5
Mogotes,Cana panelera,Julio,0.68
Mogotes,Cana panelera,Junio,0.5
Mogotes,Cana panelera,Julio,0.5
Mogotes,Yuca,Septiembre,1.18
Mogotes,Platano,Julio,0.62
Mogotes,Cana panelera,Julio,0.5
Mogotes,Cana panelera,Julio,0.5
Mogotes,Cana panelera,Julio,0.5
Mogotes,Cana panelera,Julio,0.7
Mogotes,Platano,Julio,0.62
Mogotes,Cana panelera,Julio,0.5
Mogotes,Cana panelera,Julio,0.5
Mogotes,Cana panelera,Julio,0.5
Mogotes,Cana panelera,Julio,0.5
Mogotes,Cana panelera,Julio,0.5
Mogotes,Cana panelera,Julio,0.5
Mogotes,Cana panelera,Agosto,0.5
Mogotes,Cana panelera,Julio,0.66
Mogotes,Cana panelera,Julio,0.5
Mogotes,Cana panelera,Julio,0.5
Mogotes,Cana panelera,Julio,0.67
Mogotes,Yuca,Marzo,1.32
Mogotes,Platano,Junio,0.62
Mogotes,Maiz Amarillo,Diciembre,0.32
Mogotes,Cana panelera,Junio,0.5
Mogotes,Cana panelera,Julio,0.5
Mogotes,Cana panelera,Julio,0.65
Mogotes,Cana panelera,Julio,0.5
Mogotes,Platano,Julio,0.62
Mogotes,Yuca,Septiembre,1.42
Mogotes,Yuca,Septiembre,1.29
Mogotes,Platano,Junio,0.62
Mogotes,Cana panelera,Junio,0.63
Mogotes,Cana panelera,Julio,0.66
Mogotes,Cana panelera,Julio,0.5
Mogotes,Cana panelera,Julio,0.5
Mogotes,Cana panelera,Julio,0.64
Mogotes,Cana panelera,Julio,0.5
Mogotes,Cana panelera,Julio,0.5
Mogotes,Cana panelera,Julio,0.5
Mogotes,Yuca,Septiembre,1.28
Mogotes,Platano,Julio,0.62
Mogotes,Cana panelera,Julio,0.5
Mogotes,Platano,Julio,0.62
Mogotes,Cana panelera,Julio,0.5
Mogotes,Cana panelera,Julio,0.5
Mogotes,Yuca,Septiembre,1.37
Mogotes,Platano,Julio,0.62
Mogotes,Cana panelera,Julio,0.5
Mogotes,Yuca,Septiembre,1.31
Mogotes,Cana panelera,Julio,0.5
Mogotes,Cana panelera,Julio,0.5
Mogotes,Platano,Junio,0.62
Mogotes,Yuca,Marzo,1.36
Mogotes,Maiz Amarillo,Diciembre,0.32
Mogotes,Yuca,Septiembre,1.35
Mogotes,Yuca,Septiembre,1.44
Mogotes,Yuca,Septiembre,1.31
Mogotes,Yuca,Septiembre,1.29
Mogotes,Yuca,Septiembre,1.33
Mogotes,Yuca,Septiembre,1.38
Mogotes,Yuca,Septiembre,1.37
Mogotes,Yuca,Septiembre,1.16
Mogotes,Yuca,Septiembre,1.37
Mogotes,Yuca,Septiembre,1.29
Mogotes,Yuca,Septiembre,1.28
Mogotes,Yuca,Septiembre,1.49
Mogotes,Yuca,Septiembre,1.28
Mogotes,Yuca,Septiembre,1.37
Mogotes,Yuca,Septiembre,1.35
Mogotes,Cana panelera,Julio,0.5
Mogotes,Yuca,Marzo,1.23
Mogotes,Maiz Amarillo,Mayo,0.33
Mogotes,Cana panelera,Junio,0.5
Mogotes,Cana panelera,Julio,0.5
Mogotes,Yuca,Marzo,1.35
Mogotes,Platano,Junio,0.62
Mogotes,Yuca,Marzo,1.22
Mogotes,Yuca,Marzo,1.22
Mogotes,Cana panelera,Junio,0.5
Mogotes,Cana panelera,Julio,0.6
Mogotes,Cana panelera,Julio,0.5
Mogotes,Cana panelera,Julio,0.5
Mogotes,Yuca,Marzo,1.34
Mogotes,Platano,Junio,0.62
Mogotes,Cana panelera,Julio,0.5
Mogotes,Yuca,Septiembre,1.32
Mogotes,Cana panelera,Julio,0.5
Mogotes,Platano,Junio,0.62
Mogotes,Yuca,Marzo,1.37
Mogotes,Platano,Julio,0.62
Mogotes,Yuca,Septiembre,1.26
Mogotes,Cana panelera,Julio,0.5
Mogotes,Cana panelera,Julio,0.5
Mogotes,Platano,Julio,0.62
Mogotes,Cana panelera,Julio,0.5
Mogotes,Cana panelera,Julio,0.5
Mogotes,Cana panelera,Agosto,0.5
Mogotes,Cana panelera,Agosto,0.5
Mogotes,Yuca,Septiembre,1.48
Mogotes,Cana panelera,Julio,0.5
Mogotes,Cana panelera,Julio,0.5
Mogotes,Cana panelera,Julio,0.5
Mogotes,Cana panelera,Julio,0.5
Mogotes,Cana panelera,Julio,0.5
Mogotes,Cana panelera,Julio,0.5
Mogotes,Cana panelera,Julio,0.5
Mogotes,Platano,Julio,0.62
Mogotes,Platano,Julio,0.62
Mogotes,Cana panelera,Julio,0.5
Mogotes,Platano,Julio,0.62
Mogotes,Cana panelera,Julio,0.5
Mogotes,Cana panelera,Julio,0.66
Mogotes,Yuca,Septiembre,1.37
Mogotes,Platano,Julio,0.62
Mogotes,Cana panelera,Julio,0.5
Mogotes,Cana panelera,Julio,0.5
Mogotes,Cana panelera,Julio,0.5
Mogotes,Cana panelera,Julio,0.64
Mogotes,Cana panelera,Junio,0.5
Mogotes,Platano,Junio,0.62
Mogotes,Platano,Julio,0.62
Mogotes,Yuca,Septiembre,1.29
Mogotes,Cana panelera,Julio,0.5
Mogotes,Yuca,Septiembre,1.3
Mogotes,Platano,Julio,0.62
Mogotes,Cana panelera,Agosto,0.68
Mogotes,Cana panelera,Julio,0.65
Mogotes,Cana panelera,Julio,0.5
Mogotes,Platano,Julio,0.62
Mogotes,Cana panelera,Julio,0.5
Mogotes,Platano,Julio,0.62
Mogotes,Cana panelera,Julio,0.5
Mogotes,Platano,Julio,0.62
Mogotes,Maiz Amarillo,Mayo,0.31
Mogotes,Cana panelera,Julio,0.5
Mogotes,Platano,Junio,0.62
Mogotes,Cana panelera,Junio,0.68
Mogotes,Cana panelera,Junio,0.5
Mogotes,Platano,Julio,0.62
Mogotes,Cana panelera,Julio,0.5
Mogotes,Cana panelera,Julio,0.5
Mogotes,Platano,Julio,0.62
Mogotes,Cana panelera,Julio,0.5
Mogotes,Cana panelera,Julio,0.5
Mogotes,Cana panelera,Agosto,0.63
Mogotes,Cana panelera,Julio,0.5
Mogotes,Cana panelera,Julio,0.5
Mogotes,Cana panelera,Julio,0.5
Mogotes,Cana panelera,Julio,0.7
Mogotes,Yuca,Septiembre,1.28
Mogotes,Cana panelera,Julio,0.5
Mogotes,Yuca,Septiembre,1.26
Mogotes,Platano,Julio,0.62
Mogotes,Cana panelera,Julio,0.5
Mogotes,Cana panelera,Agosto,0.5
Mogotes,Lulo,Septiembre,0.18
Mogotes,Cana panelera,Julio,0.5
Mogotes,Cana panelera,Julio,0.5
Mogotes,Cana panelera,Julio,0.5
Mogotes,Tomate,Mayo,2.1
Mogotes,Platano,Julio,0.62
Mogotes,Cana panelera,Julio,0.5
Mogotes,Cana panelera,Agosto,0.5
Mogotes,Cana panelera,Julio,0.5
Mogotes,Cana panelera,Junio,0.5
Mogotes,Cana panelera,Julio,0.63
Mogotes,Cana panelera,Julio,0.5
Mogotes,Cana panelera,Julio,0.5
Mogotes,Cana panelera,Agosto,0.64
Mogotes,Yuca,Septiembre,1.29
Mogotes,Platano,Julio,0.62
Mogotes,Cana panelera,Julio,0.5
Mogotes,Cana panelera,Julio,0.5
Mogotes,Cana panelera,Julio,0.67
Mogotes,Cana panelera,Julio,0.5
Mogotes,Cana panelera,Julio,0.5
Mogotes,Cana panelera,Julio,0.5
Mogotes,Cana panelera,Agosto,0.5
Mogotes,Cana panelera,Julio,0.5
Mogotes,Platano,Julio,0.62
Mogotes,Cana panelera,Julio,0.5
Mogotes,Cana panelera,Julio,0.5
Mogotes,Maiz Amarillo,Junio,0.34
Mogotes,Frijol,Junio,2.14
Mogotes,Maiz Amarillo,Junio,0.3
Mogotes,Cana panelera,Julio,0.64
Mogotes,Cana panelera,Julio,0.5
Mogotes,Cana panelera,Julio,0.5
Mogotes,Cana panelera,Julio,0.5
Mogotes,Cana panelera,Julio,0.5
Mogotes,Cana panelera,Julio,0.5
Mogotes,Cana panelera,Julio,0.5
Mogotes,Cana panelera,Julio,0.5
Mogotes,Cana panelera,Julio,0.5
Mogotes,Cana panelera,Julio,0.68
Mogotes,Cana panelera,Julio,0.5
Mogotes,Cana panelera,Julio,0.5
Mogotes,Platano,Julio,0.62
Mogotes,Cana panelera,Julio,0.5
Mogotes,Cana panelera,Julio,0.5
Mogotes,Cana panelera,Julio,0.5
Mogotes,Cana panelera,Julio,0.5
Mogotes,Cana panelera,Agosto,0.5
Mogotes,Cana panelera,Julio,0.5
Mogotes,Cana panelera,Julio,0.5
Mogotes,Cana panelera,Agosto,0.5
Mogotes,Bore,Marzo,0.26
Mogotes,Platano,Julio,0.62
Mogotes,Cana panelera,Julio,0.5
Mogotes,Cana panelera,Julio,0.68
Mogotes,Cana panelera,Julio,0.5
Mogotes,Cana panelera,Julio,0.5
Mogotes,Yuca,Septiembre,1.4
Mogotes,Yuca,Septiembre,1.33
Mogotes,Cana panelera,Julio,0.5
Mogotes,Cana panelera,Agosto,0.69
Mogotes,Cana panelera,Julio,0.5
Mogotes,Yuca,Septiembre,1.28
Mogotes,Cana panelera,Julio,0.5
Mogotes,Cana panelera,Agosto,0.5
Mogotes,Cana panelera,Julio,0.5
Mogotes,Cana panelera,Julio,0.5
Mogotes,Cana panelera,Julio,0.66
Mogotes,Cana panelera,Julio,0.66
Mogotes,Cana panelera,Julio,0.59
Mogotes,Cana panelera,Julio,0.5
Mogotes,Cana panelera,Agosto,0.5
Mogotes,Platano,Julio,0.62
Mogotes,Cana panelera,Julio,0.5
Mogotes,Cana panelera,Agosto,0.5
Mogotes,Yuca,Octubre,1.34
Mogotes,Cana panelera,Agosto,0.65
Mogotes,Cana panelera,Julio,0.7
Mogotes,Cana panelera,Agosto,0.5
Mogotes,Cana panelera,Agosto,0.65
Mogotes,Cana panelera,Julio,0.5
Mogotes,Platano,Julio,0.62
Mogotes,Cana panelera,Julio,0.5
Mogotes,Cana panelera,Julio,0.59
Mogotes,Yuca,Septiembre,1.39
Mogotes,Cana panelera,Julio,0.5
Mogotes,Platano,Julio,0.62
Mogotes,Platano,Julio,0.62
Mogotes,Cana panelera,Julio,0.5
Mogotes,Yuca,Septiembre,1.41
Mogotes,Yuca,Septiembre,1.44
Mogotes,Yuca,Septiembre,1.42
Mogotes,Cana panelera,Julio,0.5
Mogotes,Cana panelera,Julio,0.5
Mogotes,Cana panelera,Julio,0.5
Mogotes,Cana panelera,Julio,0.5
Mogotes,Platano,Julio,0.62
Mogotes,Cana panelera,Julio,0.5
Mogotes,Cana panelera,Julio,0.64
Mogotes,Cana panelera,Julio,0.68
Mogotes,Platano,Julio,0.62
Mogotes,Cana panelera,Julio,0.6
Mogotes,Cana panelera,Julio,0.5
Mogotes,Cana panelera,Julio,0.5
Mogotes,Platano,Julio,0.62
Mogotes,Lulo,Septiembre,0.18
Mogotes,Cana panelera,Julio,0.5
Mogotes,Cana panelera,Julio,0.5
Mogotes,Cana panelera,Julio,0.5
Mogotes,Cana panelera,Julio,0.5
Mogotes,Cana panelera,Julio,0.5
Mogotes,Platano,Julio,0.62
Mogotes,Cana panelera,Julio,0.5
Mogotes,Platano,Julio,0.62
Mogotes,Frijol,Mayo,0.01
Mogotes,Cana panelera,Julio,0.5
Mogotes,Cana panelera,Julio,0.5
Mogotes,Platano,Julio,0.62
Mogotes,Platano,Julio,0.62
Mogotes,Cana panelera,Julio,0.5
Mogotes,Platano,Julio,0.62
Mogotes,Cana panelera,Julio,0.5
Mogotes,Cana panelera,Julio,0.5
Mogotes,Yuca,Septiembre,1.23
Mogotes,Cana panelera,Julio,0.5
Mogotes,Platano,Julio,0.62
Mogotes,Cana panelera,Julio,0.5
Mogotes,Cana panelera,Julio,0.5
Mogotes,Cana panelera,Julio,0.67
Mogotes,Cana panelera,Julio,0.5
Mogotes,Cana panelera,Julio,0.5
Mogotes,Cana panelera,Julio,0.72
Mogotes,Cana panelera,Julio,0.5
Mogotes,Cana panelera,Julio,0.5
Mogotes,Cana panelera,Julio,0.5
Mogotes,Cana panelera,Julio,0.5
Mogotes,Platano,Julio,0.62
Mogotes,Yuca,Septiembre,1.32
Mogotes,Yuca,Septiembre,1.27
Mogotes,Platano,Julio,0.62
Mogotes,Cana panelera,Julio,0.64
Mogotes,Yuca,Septiembre,1.28
Mogotes,Platano,Julio,0.62
Mogotes,Cana panelera,Julio,0.5
Mogotes,Cana panelera,Julio,0.5
Mogotes,Cana panelera,Julio,0.64
Mogotes,Cana panelera,Julio,0.5
Mogotes,Cana panelera,Julio,0.5
Mogotes,Cana panelera,Julio,0.5
Mogotes,Cana panelera,Julio,0.5
Mogotes,Platano,Julio,0.62
Mogotes,Cana panelera,Julio,0.5
Mogotes,Cana panelera,Julio,0.5
Mogotes,Cana panelera,Julio,0.5
Mogotes,Cana panelera,Julio,0.5
Mogotes,Cana panelera,Julio,0.5
Mogotes,Platano,Julio,0.62
Mogotes,Cana panelera,Julio,0.5
Mogotes,Cana panelera,Julio,0.5
Mogotes,Cana panelera,Julio,0.5
Mogotes,Cana panelera,Julio,0.5
Mogotes,Cana panelera,Julio,0.5
Mogotes,Cana panelera,Julio,0.5
Mogotes,Cana panelera,Julio,0.63
Mogotes,Platano,Julio,0.62
Mogotes,Cana panelera,Julio,0.69
Mogotes,Cana panelera,Julio,0.5
Mogotes,Cana panelera,Julio,0.5
Mogotes,Cana panelera,Julio,0.5
Mogotes,Platano,Julio,0.62
Mogotes,Cana panelera,Julio,0.5
Mogotes,Cana panelera,Julio,0.5
Mogotes,Tomate,Mayo,2.1
Mogotes,Yuca,Septiembre,1.25
Mogotes,Cana panelera,Julio,0.65
Mogotes,Cana panelera,Julio,0.5
Mogotes,Cana panelera,Julio,0.62
Mogotes,Cana panelera,Julio,0.5
Mogotes,Yuca,Septiembre,1.31
Mogotes,Platano,Julio,0.62
Mogotes,Cana panelera,Julio,0.5
Mogotes,Cana panelera,Julio,0.5
Mogotes,Cana panelera,Julio,0.64
Mogotes,Platano,Julio,0.62
Mogotes,Cana panelera,Julio,0.65
Mogotes,Cana panelera,Julio,0.66
Mogotes,Cana panelera,Julio,0.5
Mogotes,Platano,Julio,0.62
Mogotes,Cana panelera,Julio,0.5
Mogotes,Yuca,Septiembre,1.3
Mogotes,Cana panelera,Julio,0.7
Mogotes,Cana panelera,Julio,0.5
Mogotes,Cana panelera,Julio,0.67
Mogotes,Platano,Julio,0.62
Mogotes,Cana panelera,Julio,0.5
Mogotes,Cana panelera,Julio,0.5
Mogotes,Cana panelera,Julio,0.5
Mogotes,Yuca,Septiembre,1.48
Mogotes,Platano,Julio,0.62
Mogotes,Cana panelera,Julio,0.5
Mogotes,Cana panelera,Julio,0.5
Mogotes,Yuca,Septiembre,1.35
Mogotes,Platano,Julio,0.62
Mogotes,Cana panelera,Julio,0.5
Mogotes,Platano,Julio,0.62
Mogotes,Cana panelera,Julio,0.5
Mogotes,Yuca,Septiembre,1.33
Mogotes,Platano,Julio,0.62
Mogotes,Cana panelera,Julio,0.5
Mogotes,Cana panelera,Julio,0.5
Mogotes,Cana panelera,Agosto,0.5
Mogotes,Cana panelera,Agosto,0.68
Mogotes,Cana panelera,Agosto,0.5
Mogotes,Cana panelera,Agosto,0.5
Mogotes,Cana panelera,Agosto,0.5
Mogotes,Cana panelera,Agosto,0.5
Mogotes,Yuca,Septiembre,1.4
Mogotes,Platano,Julio,0.62
Mogotes,Cana panelera,Julio,0.67
Mogotes,Lulo,Septiembre,0.18
Mogotes,Lulo,Septiembre,0.18
Mogotes,Platano,Julio,0.62
Mogotes,Cana panelera,Junio,0.5
Mogotes,Cana panelera,Junio,0.69
Mogotes,Cana panelera,Junio,0.67
Mogotes,Platano,Junio,0.62
Mogotes,Yuca,Febrero,1.3
Mogotes,Platano,Julio,0.62
Mogotes,Yuca,Septiembre,1.37
Mogotes,Cana panelera,Julio,0.5
Mogotes,Cana panelera,Julio,0.5
Mogotes,Frijol,Mayo,0.01
Mogotes,Frijol,Mayo,0.01
Mogotes,Frijol,Mayo,0.01
Mogotes,Frijol,Mayo,0.01
Mogotes,Frijol,Mayo,0.01
Mogotes,Frijol,Mayo,0.01
Mogotes,Frijol,Mayo,0.01
Mogotes,Frijol,Mayo,0.01
Mogotes,Frijol,Mayo,0.01
Mogotes,Frijol,Mayo,0.01
Mogotes,Frijol,Mayo,0.01
Mogotes,Frijol,Mayo,0.01
Mogotes,Frijol,Mayo,0.01
Mogotes,Frijol,Mayo,0.01
Mogotes,Frijol,Mayo,0.01
Mogotes,Frijol,Mayo,0.01
Mogotes,Frijol,Mayo,0.01
Mogotes,Frijol,Mayo,0.01
Mogotes,Avena Forrajera,Febrero,0.02
Mogotes,Avena Forrajera,Febrero,0.02
Mogotes,Cana fistula,Abril,0.47
Mogotes,Cana fistula,Abril,0.43
Mogotes,Cana fistula,Abril,0.42
Mogotes,Cana fistula,Abril,0.45
Mogotes,Cana fistula,Abril,0.46
Mogotes,Platano,Julio,0.62
Mogotes,Cana panelera,Julio,0.67
Mogotes,Cana panelera,Junio,0.5
Mogotes,Cana panelera,Junio,0.72
Ocamonte,Cana panelera,Julio,0.5
Ocamonte,Cana panelera,Julio,0.5
Ocamonte,Maiz Blanco,Mayo,0.37
Ocamonte,Cana panelera,Junio,0.5
Ocamonte,Cana panelera,Junio,0.5
Ocamonte,Yuca,Marzo,1.34
Ocamonte,Cana panelera,Agosto,0.5
Ocamonte,Cana panelera,Agosto,0.5
Ocamonte,Pina,Octubre,2.27
Ocamonte,Cana panelera,Junio,0.68
Ocamonte,Yuca,Septiembre,1.35
Ocamonte,Maiz Amarillo,Mayo,0.3
Ocamonte,Cana panelera,Julio,0.5
Ocamonte,Cana panelera,Julio,0.5
Ocamonte,Cana panelera,Julio,0.5
Ocamonte,Cana panelera,Julio,0.5
Ocamonte,Cana panelera,Julio,0.62
Ocamonte,Cana panelera,Julio,0.5
Ocamonte,Cana panelera,Julio,0.64
Ocamonte,Yuca,Marzo,1.29
Ocamonte,Yuca,Marzo,1.34
Ocamonte,Cana panelera,Julio,0.5
Ocamonte,Cana panelera,Julio,0.66
Ocamonte,Cana panelera,Julio,0.5
Ocamonte,Cana panelera,Julio,0.62
Ocamonte,Cana panelera,Julio,0.5
Ocamonte,Cana panelera,Julio,0.5
Ocamonte,Cana panelera,Julio,0.66
Ocamonte,Cana panelera,Julio,0.5
Ocamonte,Cana panelera,Julio,0.66
Ocamonte,Cana panelera,Mayo,0.5
Ocamonte,Cana panelera,Julio,0.62
Ocamonte,Cana panelera,Julio,0.5
Ocamonte,Cana panelera,Julio,0.5
Ocamonte,Cana panelera,Julio,0.67
Ocamonte,Cana panelera,Julio,0.67
Ocamonte,Pina,Septiembre,2.27
Ocamonte,Maiz Amarillo,Mayo,0.35
Ocamonte,Pina,Octubre,2.27
Ocamonte,Cana panelera,Julio,0.5
Ocamonte,Yuca,Octubre,1.47
Ocamonte,Cana panelera,Julio,0.5
Ocamonte,Cana panelera,Julio,0.5
Ocamonte,Cana panelera,Junio,0.66
Ocamonte,Yuca,Marzo,1.34
Ocamonte,Cana panelera,Mayo,0.5
Ocamonte,Yuca,Febrero,1.37
Ocamonte,Cana panelera,Mayo,0.5
Ocamonte,Cana panelera,Mayo,0.5
Ocamonte,Cana panelera,Mayo,0.5
Ocamonte,Yuca,Octubre,1.32
Ocamonte,Yuca,Octubre,1.43
Ocamonte,Cana panelera,Agosto,0.5
Ocamonte,Cana panelera,Agosto,0.5
Ocamonte,Cana panelera,Agosto,0.5
Ocamonte,Yuca,Octubre,1.17
Ocamonte,Pina,Octubre,2.27
Ocamonte,Cana panelera,Julio,0.67
Ocamonte,Cana panelera,Julio,0.5
Ocamonte,Yuca,Octubre,1.34
Ocamonte,Cana panelera,Agosto,0.5
Ocamonte,Cana panelera,Agosto,0.5
Ocamonte,Cana panelera,Agosto,0.61
Ocamonte,Cana panelera,Agosto,0.5
Ocamonte,Cana panelera,Agosto,0.5
Ocamonte,Cana panelera,Agosto,0.5
Ocamonte,Pina,Septiembre,2.27
Ocamonte,Maiz Amarillo,Mayo,0.35
Ocamonte,Cana panelera,Julio,0.69
Ocamonte,Cana panelera,Julio,0.5
Ocamonte,Yuca,Septiembre,1.35
Ocamonte,Cana panelera,Julio,0.68
Ocamonte,Cana panelera,Julio,0.5
Ocamonte,Cana panelera,Julio,0.66
Ocamonte,Cana panelera,Agosto,0.5
Ocamonte,Cana panelera,Agosto,0.5
Ocamonte,Cana panelera,Agosto,0.72
Ocamonte,Cana panelera,Junio,0.5
Ocamonte,Cana panelera,Agosto,0.5
Ocamonte,Cana panelera,Junio,0.5
Ocamonte,Cana panelera,Junio,0.5
Ocamonte,Cana panelera,Mayo,0.5
Ocamonte,Cana panelera,Julio,0.5
Ocamonte,Cana panelera,Junio,0.5
Ocamonte,Cana panelera,Junio,0.5
Ocamonte,Pina,Octubre,2.27
Ocamonte,Cana panelera,Julio,0.5
Ocamonte,Maiz Amarillo,Mayo,0.31
Ocamonte,Cana panelera,Mayo,0.5
Ocamonte,Yuca,Febrero,1.3
Ocamonte,Yuca,Febrero,1.29
Ocamonte,Cana panelera,Agosto,0.5
Ocamonte,Cana panelera,Junio,0.66
Ocamonte,Cana panelera,Mayo,0.68
Ocamonte,Maiz Amarillo,Mayo,0.33
Ocamonte,Yuca,Octubre,1.33
Ocamonte,Maiz Amarillo,Mayo,0.33
Ocamonte,Maiz Amarillo,Mayo,0.28
Ocamonte,Cana panelera,Julio,0.5
Ocamonte,Cana panelera,Julio,0.5
Ocamonte,Cana panelera,Julio,0.5
Ocamonte,Cana panelera,Julio,0.5
Ocamonte,Cana panelera,Julio,0.5
Ocamonte,Cana panelera,Julio,0.5
Ocamonte,Cana panelera,Julio,0.69
Ocamonte,Cana panelera,Julio,0.5
Ocamonte,Cana panelera,Julio,0.5
Ocamonte,Cana panelera,Julio,0.5
Ocamonte,Cana panelera,Julio,0.5
Ocamonte,Cana panelera,Mayo,0.5
Ocamonte,Cana panelera,Agosto,0.5
Ocamonte,Cana panelera,Agosto,0.5
Ocamonte,Cana panelera,Agosto,0.5
Ocamonte,Cana panelera,Agosto,0.5
Ocamonte,Cana panelera,Agosto,0.5
Ocamonte,Cana panelera,Agosto,0.5
Ocamonte,Yuca,Septiembre,1.39
Ocamonte,Maiz Amarillo,Mayo,0.32
Ocamonte,Cana panelera,Junio,0.5
Ocamonte,Cana panelera,Junio,0.5
Ocamonte,Cana panelera,Julio,0.5
Ocamonte,Cana panelera,Julio,0.5
Ocamonte,Cana panelera,Julio,0.68
Ocamonte,Cana panelera,Julio,0.5
Ocamonte,Cana panelera,Julio,0.5
Ocamonte,Cana panelera,Julio,0.73
Ocamonte,Cana panelera,Julio,0.5
Ocamonte,Cana panelera,Julio,0.5
Ocamonte,Cana panelera,Julio,0.63
Ocamonte,Maiz Amarillo,Mayo,0.31
Ocamonte,Maiz Amarillo,Mayo,0.33
Ocamonte,Cana panelera,Junio,0.5
Ocamonte,Yuca,Marzo,1.4
Ocamonte,Cana panelera,Julio,0.5
Ocamonte,Cana panelera,Julio,0.5
Ocamonte,Cana panelera,Julio,0.5
Ocamonte,Cana panelera,Julio,0.5
Ocamonte,Cana panelera,Julio,0.5
Ocamonte,Cana panelera,Julio,0.5
Ocamonte,Cana panelera,Julio,0.5
Ocamonte,Cana panelera,Julio,0.5
Ocamonte,Cana panelera,Julio,0.5
Ocamonte,Cana panelera,Julio,0.5
Ocamonte,Cana panelera,Julio,0.5
Ocamonte,Cana panelera,Julio,0.5
Ocamonte,Yuca,Septiembre,1.31
Ocamonte,Yuca,Septiembre,1.44
Ocamonte,Pina,Septiembre,2.27
Ocamonte,Cana panelera,Junio,0.72
Ocamonte,Cana panelera,Julio,0.5
Ocamonte,Cana panelera,Julio,0.7
Ocamonte,Cana panelera,Junio,0.7
Ocamonte,Cana panelera,Julio,0.59
Ocamonte,Cana panelera,Julio,0.5
Ocamonte,Cana panelera,Julio,0.62
Ocamonte,Cana panelera,Mayo,0.5
Ocamonte,Cana panelera,Mayo,0.5
Ocamonte,Maiz Amarillo,Mayo,0.31
Ocamonte,Cana panelera,Julio,0.5
Ocamonte,Yuca,Septiembre,1.26
Ocamonte,Cana panelera,Julio,0.5
Ocamonte,Cana panelera,Julio,0.5
Ocamonte,Maiz Amarillo,Mayo,0.3
Ocamonte,Cana panelera,Julio,0.5
Ocamonte,Cana panelera,Julio,0.5
Ocamonte,Cana panelera,Julio,0.5
Ocamonte,Cana panelera,Julio,0.5
Ocamonte,Cana panelera,Julio,0.5
Ocamonte,Cana panelera,Julio,0.5
Ocamonte,Cana panelera,Junio,0.67
Ocamonte,Cana panelera,Agosto,0.5
Ocamonte,Cana panelera,Agosto,0.5
Ocamonte,Maiz Amarillo,Mayo,0.3
Ocamonte,Cana panelera,Agosto,0.5
Ocamonte,Cana panelera,Agosto,0.5
Ocamonte,Yuca,Septiembre,1.4
Ocamonte,Pina,Septiembre,2.27
Ocamonte,Yuca,Septiembre,1.34
Ocamonte,Cana panelera,Julio,0.5
Ocamonte,Cana panelera,Julio,0.63
Ocamonte,Cana panelera,Junio,0.6
Ocamonte,Cana panelera,Julio,0.5
Ocamonte,Maiz Amarillo,Mayo,0.32
Ocamonte,Yuca,Septiembre,1.38
Ocamonte,Cana panelera,Julio,0.5
Ocamonte,Pina,Octubre,2.27
Ocamonte,Maiz Amarillo,Mayo,0.31
Ocamonte,Cana panelera,Julio,0.5
Ocamonte,Cana panelera,Junio,0.5
Ocamonte,Cana panelera,Agosto,0.63
Ocamonte,Cana panelera,Agosto,0.65
Ocamonte,Cana panelera,Agosto,0.5
Ocamonte,Maiz Amarillo,Mayo,0.31
Ocamonte,Yuca,Septiembre,1.33
Ocamonte,Cana panelera,Julio,0.5
Ocamonte,Yuca,Septiembre,1.32
Ocamonte,Yuca,Septiembre,1.44
Ocamonte,Cana panelera,Julio,0.5
Ocamonte,Cana panelera,Julio,0.5
Ocamonte,Cana panelera,Julio,0.5
Ocamonte,Cana panelera,Mayo,0.5
Ocamonte,Cana panelera,Julio,0.5
Ocamonte,Maiz Amarillo,Mayo,0.32
Ocamonte,Cana panelera,Julio,0.5
Ocamonte,Cana panelera,Agosto,0.5
Ocamonte,Cana panelera,Junio,0.5
Ocamonte,Cana panelera,Junio,0.5
Ocamonte,Yuca,Marzo,1.38
Ocamonte,Cana panelera,Julio,0.5
Ocamonte,Cana panelera,Julio,0.63
Ocamonte,Cana panelera,Agosto,0.66
Ocamonte,Cana panelera,Agosto,0.5
Ocamonte,Maiz Amarillo,Mayo,0.32
Ocamonte,Maiz Amarillo,Mayo,0.33
Ocamonte,Yuca,Septiembre,1.36
Ocamonte,Cana panelera,Julio,0.5
Ocamonte,Cana panelera,Junio,0.5
Ocamonte,Cana panelera,Julio,0.5
Ocamonte,Cana panelera,Julio,0.67
Ocamonte,Cana panelera,Julio,0.5
Ocamonte,Pina,Octubre,2.27
Ocamonte,Cana panelera,Julio,0.5
Ocamonte,Cana panelera,Julio,0.65
Ocamonte,Cana panelera,Julio,0.5
Ocamonte,Cana panelera,Julio,0.5
Ocamonte,Cana panelera,Julio,0.69
Ocamonte,Cana panelera,Julio,0.5
Ocamonte,Cana panelera,Julio,0.5
Ocamonte,Yuca,Septiembre,1.34
Ocamonte,Cana panelera,Julio,0.5
Ocamonte,Cana panelera,Julio,0.5
Ocamonte,Cana panelera,Julio,0.5
Ocamonte,Cana panelera,Julio,0.5
Ocamonte,Cana panelera,Julio,0.5
Ocamonte,Pina,Octubre,2.27
Ocamonte,Pina,Octubre,2.27
Ocamonte,Maiz Amarillo,Mayo,0.32
Ocamonte,Cana panelera,Agosto,0.5
Ocamonte,Cana panelera,Julio,0.5
Ocamonte,Cana panelera,Julio,0.5
Ocamonte,Cana panelera,Julio,0.5
Ocamonte,Cana panelera,Julio,0.72
Ocamonte,Cana panelera,Julio,0.62
Ocamonte,Cana panelera,Julio,0.5
Ocamonte,Cana panelera,Julio,0.5
Ocamonte,Cana panelera,Julio,0.5
Ocamonte,Cana panelera,Julio,0.5
Ocamonte,Cana panelera,Julio,0.5
Ocamonte,Cana panelera,Julio,0.5
Ocamonte,Cana panelera,Julio,0.5
Ocamonte,Cana panelera,Julio,0.5
Ocamonte,Cana panelera,Julio,0.5
Ocamonte,Cana panelera,Agosto,0.64
Ocamonte,Cana panelera,Agosto,0.7
Ocamonte,Cana panelera,Agosto,0.5
Ocamonte,Cana panelera,Julio,0.5
Ocamonte,Maiz Amarillo,Mayo,0.31
Ocamonte,Cana panelera,Mayo,0.5
Ocamonte,Cana panelera,Mayo,0.67
Ocamonte,Cana panelera,Julio,0.65
Ocamonte,Cana panelera,Julio,0.5
Ocamonte,Cana panelera,Julio,0.5
Ocamonte,Yuca,Septiembre,1.35
Ocamonte,Cana panelera,Julio,0.5
Ocamonte,Cana panelera,Julio,0.5
Ocamonte,Maiz Amarillo,Mayo,0.31
Ocamonte,Pina,Octubre,2.27
Ocamonte,Cana panelera,Agosto,0.5
Ocamonte,Cana panelera,Julio,0.5
Ocamonte,Cana panelera,Julio,0.5
Ocamonte,Cana panelera,Julio,0.5
Ocamonte,Cana panelera,Julio,0.5
Ocamonte,Cana panelera,Julio,0.64
Ocamonte,Yuca,Octubre,1.45
Ocamonte,Cana panelera,Agosto,0.5
Ocamonte,Cana panelera,Agosto,0.5
Ocamonte,Cana panelera,Julio,0.66
Ocamonte,Cana panelera,Julio,0.5
Ocamonte,Cana panelera,Julio,0.67
Ocamonte,Cana panelera,Julio,0.66
Ocamonte,Cana panelera,Julio,0.69
Ocamonte,Yuca,Octubre,1.39
Ocamonte,Cana panelera,Junio,0.5
Ocamonte,Cana panelera,Julio,0.63
Ocamonte,Cana panelera,Junio,0.5
Ocamonte,Yuca,Octubre,1.48
Ocamonte,Cana panelera,Agosto,0.5
Ocamonte,Cana panelera,Agosto,0.7
Ocamonte,Yuca,Noviembre,2.18
Ocamonte,Maiz Blanco,Mayo,0.33
Ocamonte,Cana panelera,Julio,0.5
Ocamonte,Cana panelera,Julio,0.5
Ocamonte,Cana panelera,Julio,0.5
Ocamonte,Cana panelera,Julio,0.65
Ocamonte,Yuca,Marzo,1.36
Ocamonte,Cana panelera,Julio,0.5
Ocamonte,Cana panelera,Agosto,0.5
Ocamonte,Cana panelera,Agosto,0.5
Ocamonte,Maiz Amarillo,Mayo,0.34
Ocamonte,Platano,Junio,0.64
Ocamonte,Yuca,Marzo,1.37
Ocamonte,Cana panelera,Junio,0.5
Ocamonte,Cana panelera,Junio,0.5
Ocamonte,Cana panelera,Julio,0.5
Ocamonte,Cana panelera,Julio,0.5
Ocamonte,Cana panelera,Julio,0.68
Ocamonte,Yuca,Febrero,1.24
Ocamonte,Cana panelera,Julio,0.5
Ocamonte,Cana panelera,Julio,0.66
Ocamonte,Cana panelera,Agosto,0.65
Ocamonte,Pina,Octubre,2.27
Ocamonte,Cana panelera,Julio,0.64
Ocamonte,Cana panelera,Julio,0.61
Ocamonte,Cana panelera,Junio,0.5
Ocamonte,Cana panelera,Julio,0.5
Ocamonte,Cana panelera,Junio,0.5
Ocamonte,Cana panelera,Julio,0.5
Ocamonte,Cana panelera,Julio,0.5
Ocamonte,Yuca,Marzo,1.29
Ocamonte,Cana panelera,Junio,0.5
Ocamonte,Cana panelera,Julio,0.5
Ocamonte,Cana panelera,Julio,0.69
Ocamonte,Cana panelera,Julio,0.5
Ocamonte,Cana panelera,Julio,0.5
Ocamonte,Cana panelera,Julio,0.5
Ocamonte,Cana panelera,Julio,0.5
Ocamonte,Cana panelera,Julio,0.5
Ocamonte,Cana panelera,Julio,0.59
Ocamonte,Cana panelera,Julio,0.5
Ocamonte,Cana panelera,Julio,0.5
Ocamonte,Cana panelera,Julio,0.5
Ocamonte,Cana panelera,Julio,0.5
Ocamonte,Cana panelera,Julio,0.5
Ocamonte,Cana panelera,Julio,0.5
Ocamonte,Maiz Amarillo,Mayo,0.32
Ocamonte,Cana panelera,Julio,0.5
Ocamonte,Maiz Amarillo,Mayo,0.32
Ocamonte,Cana panelera,Agosto,0.5
Ocamonte,Maiz Amarillo,Mayo,0.32
Ocamonte,Maiz Amarillo,Mayo,0.3
Ocamonte,Cana panelera,Agosto,0.62
Ocamonte,Cana panelera,Agosto,0.5
Ocamonte,Yuca,Septiembre,1.49
Ocamonte,Yuca,Septiembre,1.41
Ocamonte,Yuca,Octubre,1.39
Ocamonte,Yuca,Octubre,1.24
Ocamonte,Cana panelera,Agosto,0.5
Ocamonte,Cana panelera,Agosto,0.5
Ocamonte,Cana panelera,Agosto,0.5
Ocamonte,Cana panelera,Junio,0.5
Ocamonte,Maiz Amarillo,Mayo,0.31
Ocamonte,Cana panelera,Junio,0.69
Ocamonte,Cana panelera,Julio,0.5
Ocamonte,Cana panelera,Julio,0.5
Ocamonte,Cana panelera,Julio,0.71
Ocamonte,Cana panelera,Junio,0.5
Ocamonte,Yuca,Marzo,1.28
Ocamonte,Cana panelera,Julio,0.5
Ocamonte,Cana panelera,Julio,0.5
Ocamonte,Yuca,Septiembre,1.34
Ocamonte,Yuca,Septiembre,1.27
Ocamonte,Yuca,Septiembre,1.3
Ocamonte,Yuca,Septiembre,1.27
Ocamonte,Yuca,Septiembre,1.26
Ocamonte,Yuca,Septiembre,1.33
Ocamonte,Yuca,Septiembre,1.27
Ocamonte,Cana panelera,Julio,0.5
Ocamonte,Cana panelera,Julio,0.5
Ocamonte,Maiz Amarillo,Mayo,0.29
Ocamonte,Cana panelera,Agosto,0.5
Ocamonte,Cana panelera,Agosto,0.5
Ocamonte,Maiz Amarillo,Mayo,0.3
Ocamonte,Cana panelera,Julio,0.5
Ocamonte,Maiz Amarillo,Mayo,0.32
Ocamonte,Yuca,Septiembre,1.39
Ocamonte,Cana panelera,Junio,0.66
Ocamonte,Cana panelera,Julio,0.5
Ocamonte,Yuca,Septiembre,1.38
Ocamonte,Cana panelera,Julio,0.65
Ocamonte,Cana panelera,Mayo,0.5
Ocamonte,Cana panelera,Julio,0.63
Ocamonte,Cana panelera,Julio,0.5
Ocamonte,Cana panelera,Julio,0.5
Ocamonte,Cana panelera,Julio,0.5
Ocamonte,Cana panelera,Julio,0.5
Ocamonte,Maiz Amarillo,Mayo,0.31
Ocamonte,Yuca,Octubre,1.34
Ocamonte,Cana panelera,Julio,0.5
Ocamonte,Maiz Amarillo,Mayo,0.36
Ocamonte,Cana panelera,Junio,0.5
Ocamonte,Cana panelera,Junio,0.5
Ocamonte,Cana panelera,Junio,0.7
Ocamonte,Cana panelera,Junio,0.5
Ocamonte,Cana panelera,Junio,0.5
Ocamonte,Cana panelera,Junio,0.5
Ocamonte,Cana panelera,Julio,0.5
Ocamonte,Cana panelera,Agosto,0.68
Ocamonte,Cana panelera,Agosto,0.5
Ocamonte,Cana panelera,Agosto,0.5
Ocamonte,Yuca,Octubre,1.29
Ocamonte,Maiz Amarillo,Junio,0.33
Ocamonte,Cana panelera,Junio,0.5
Ocamonte,Cana panelera,Junio,0.66
Ocamonte,Cana panelera,Julio,0.5
Ocamonte,Cana panelera,Julio,0.66
Ocamonte,Cana panelera,Julio,0.5
Ocamonte,Maiz Amarillo,Mayo,0.33
Ocamonte,Maiz Amarillo,Mayo,0.31
Ocamonte,Maiz Amarillo,Mayo,0.3
Ocamonte,Maiz Amarillo,Mayo,0.33
Ocamonte,Maiz Amarillo,Mayo,0.32
Ocamonte,Maiz Amarillo,Mayo,0.29
Ocamonte,Maiz Amarillo,Mayo,0.29
Ocamonte,Maiz Amarillo,Mayo,0.32
Ocamonte,Cana panelera,Junio,0.5
Ocamonte,Maiz Amarillo,Mayo,0.33
Ocamonte,Cana panelera,Julio,0.5
Ocamonte,Cana panelera,Julio,0.61
Ocamonte,Yuca,Septiembre,1.3
Ocamonte,Cana panelera,Julio,0.5
Ocamonte,Cana panelera,Julio,0.5
Ocamonte,Cana panelera,Julio,0.5
Ocamonte,Cana panelera,Julio,0.5
Ocamonte,Yuca,Septiembre,1.28
Ocamonte,Yuca,Septiembre,1.3
Ocamonte,Cana panelera,Julio,0.5
Ocamonte,Cana panelera,Julio,0.5
Ocamonte,Cana panelera,Agosto,0.5
Ocamonte,Cana panelera,Julio,0.5
Ocamonte,Maiz Amarillo,Mayo,0.36
Ocamonte,Cana panelera,Junio,0.64
Ocamonte,Cana panelera,Junio,0.5
Ocamonte,Cana panelera,Junio,0.5
Ocamonte,Cana panelera,Julio,0.5
Ocamonte,Yuca,Octubre,1.44
Ocamonte,Cana panelera,Junio,0.5
Ocamonte,Cana panelera,Junio,0.5
Ocamonte,Cana panelera,Junio,0.5
Ocamonte,Cana panelera,Julio,0.5
Ocamonte,Cana panelera,Julio,0.5
Ocamonte,Maiz Amarillo,Mayo,0.32
Ocamonte,Cana panelera,Julio,0.5
Ocamonte,Cana panelera,Julio,0.5
Ocamonte,Cana panelera,Julio,0.5
Ocamonte,Maiz Amarillo,Mayo,0.32
Ocamonte,Cana panelera,Julio,0.63
Ocamonte,Cana panelera,Julio,0.65
Ocamonte,Cana panelera,Julio,0.69
Ocamonte,Cana panelera,Julio,0.5
Ocamonte,Platano,Agosto,0.64
Ocamonte,Yuca,Septiembre,1.36
Ocamonte,Maiz Amarillo,Mayo,0.33
Ocamonte,Maiz Amarillo,Mayo,0.31
Ocamonte,Cana panelera,Julio,0.5
Ocamonte,Cana panelera,Julio,0.5
Ocamonte,Cana panelera,Julio,0.62
Ocamonte,Cana panelera,Julio,0.68
Ocamonte,Cana panelera,Agosto,0.5
Ocamonte,Cana panelera,Agosto,0.5
Ocamonte,Yuca,Febrero,1.36
Ocamonte,Maiz Amarillo,Mayo,0.34
Ocamonte,Cana panelera,Julio,0.5
Ocamonte,Cana panelera,Julio,0.5
Ocamonte,Cana panelera,Julio,0.5
Ocamonte,Cana panelera,Julio,0.5
Ocamonte,Cana panelera,Julio,0.5
Ocamonte,Maiz Amarillo,Mayo,0.32
Ocamonte,Cana panelera,Julio,0.5
Ocamonte,Yuca,Septiembre,1.32
Ocamonte,Cana panelera,Mayo,0.5
Ocamonte,Cana panelera,Mayo,0.5
Ocamonte,Yuca,Septiembre,1.22
Ocamonte,Maiz Amarillo,Mayo,0.33
Ocamonte,Pina,Octubre,2.27
Ocamonte,Cana panelera,Julio,0.5
Ocamonte,Cana panelera,Agosto,0.66
Ocamonte,Cana panelera,Agosto,0.5
Ocamonte,Yuca,Septiembre,1.35
Ocamonte,Cana panelera,Agosto,0.5
Ocamonte,Cana panelera,Agosto,0.5
Ocamonte,Maiz Amarillo,Mayo,0.28
Ocamonte,Maiz Amarillo,Mayo,0.32
Ocamonte,Cana panelera,Julio,0.5
Ocamonte,Cana panelera,Julio,0.5
Ocamonte,Cana panelera,Junio,0.5
Ocamonte,Cana panelera,Junio,0.5
Ocamonte,Cana panelera,Julio,0.5
Ocamonte,Cana panelera,Julio,0.5
Ocamonte,Cana panelera,Julio,0.5
Ocamonte,Cana panelera,Julio,0.5
Ocamonte,Cana panelera,Julio,0.5
Ocamonte,Cana panelera,Julio,0.5
Ocamonte,Cana panelera,Julio,0.5
Ocamonte,Cana panelera,Julio,0.5
Ocamonte,Cana panelera,Julio,0.5
Ocamonte,Cana panelera,Julio,0.5
Ocamonte,Cana panelera,Julio,0.5
Ocamonte,Cana panelera,Julio,0.63
Ocamonte,Cana panelera,Julio,0.5
Ocamonte,Cana panelera,Julio,0.5
Ocamonte,Cana panelera,Julio,0.5
Ocamonte,Cana panelera,Julio,0.5
Ocamonte,Yuca,Septiembre,1.32
Ocamonte,Cana panelera,Julio,0.5
Ocamonte,Cana panelera,Julio,0.5
Ocamonte,Cana panelera,Julio,0.5
Ocamonte,Cana panelera,Julio,0.5
Ocamonte,Maiz Amarillo,Mayo,0.3
Ocamonte,Maiz Amarillo,Mayo,0.32
Ocamonte,Cana panelera,Julio,0.5
Ocamonte,Cana panelera,Junio,0.5
Ocamonte,Yuca,Marzo,1.27
Ocamonte,Yuca,Marzo,1.19
Ocamonte,Maiz Amarillo,Mayo,0.31
Ocamonte,Maiz Amarillo,Mayo,0.35
Ocamonte,Cana panelera,Julio,0.5
Ocamonte,Cana panelera,Agosto,0.5
Ocamonte,Cana panelera,Agosto,0.5
Ocamonte,Cana panelera,Agosto,0.67
Ocamonte,Cana panelera,Agosto,0.5
Ocamonte,Cana panelera,Agosto,0.5
Ocamonte,Yuca,Octubre,1.19
Ocamonte,Yuca,Octubre,1.36
Ocamonte,Cana panelera,Julio,0.5
Ocamonte,Maiz Amarillo,Mayo,0.33
Ocamonte,Cana panelera,Julio,0.5
Ocamonte,Maiz Amarillo,Mayo,0.33
Ocamonte,Cana panelera,Julio,0.5
Ocamonte,Cana panelera,Julio,0.5
Ocamonte,Maiz Amarillo,Mayo,0.31
Ocamonte,Cana panelera,Junio,0.5
Ocamonte,Maiz Amarillo,Mayo,0.32
Ocamonte,Maiz Amarillo,Mayo,0.35
Ocamonte,Maiz Amarillo,Mayo,0.33
Ocamonte,Cana panelera,Julio,0.5
Ocamonte,Cana panelera,Julio,0.5
Ocamonte,Cana panelera,Agosto,0.5
Ocamonte,Cana panelera,Julio,0.5
Ocamonte,Cana panelera,Julio,0.5
Ocamonte,Cana panelera,Julio,0.5
Ocamonte,Cana panelera,Julio,0.5
Ocamonte,Cana panelera,Julio,0.5
Ocamonte,Cana panelera,Julio,0.5
Ocamonte,Cana panelera,Julio,0.75
Ocamonte,Cana panelera,Julio,0.5
Ocamonte,Cana panelera,Julio,0.5
Ocamonte,Cana panelera,Julio,0.5
Ocamonte,Cana panelera,Julio,0.5
Ocamonte,Cana panelera,Julio,0.5
Ocamonte,Cana panelera,Julio,0.5
Ocamonte,Cana panelera,Junio,0.5
Ocamonte,Cana panelera,Julio,0.5
Ocamonte,Cana panelera,Julio,0.5
Ocamonte,Yuca,Septiembre,1.31
Ocamonte,Maiz Amarillo,Mayo,0.31
Ocamonte,Cana panelera,Julio,0.5
Ocamonte,Cana panelera,Julio,0.5
Ocamonte,Maiz Amarillo,Mayo,0.32
Ocamonte,Yuca,Octubre,1.27
Ocamonte,Yuca,Febrero,1.37
Ocamonte,Pina,Octubre,2.27
Ocamonte,Yuca,Octubre,1.36
Ocamonte,Yuca,Febrero,1.34
Ocamonte,Cana panelera,Junio,0.7
Ocamonte,Cana panelera,Junio,0.67
Ocamonte,Cana panelera,Junio,0.67
Ocamonte,Cana panelera,Junio,0.5
Ocamonte,Cana panelera,Junio,0.5
Ocamonte,Cana panelera,Junio,0.5
Ocamonte,Cana panelera,Julio,0.5
Ocamonte,Cana panelera,Julio,0.5
Ocamonte,Cana panelera,Julio,0.64
Ocamonte,Cana panelera,Julio,0.5
Ocamonte,Cana panelera,Julio,0.5
Ocamonte,Yuca,Septiembre,1.32
Ocamonte,Cana panelera,Julio,0.5
Ocamonte,Platano,Julio,0.64
Ocamonte,Cana panelera,Agosto,0.68
Ocamonte,Cana panelera,Agosto,0.59
Ocamonte,Cana panelera,Agosto,0.5
Ocamonte,Maiz Amarillo,Mayo,0.34
Ocamonte,Cana panelera,Julio,0.5
Ocamonte,Cana panelera,Julio,0.5
Ocamonte,Cana panelera,Julio,0.5
Ocamonte,Yuca,Septiembre,1.42
Ocamonte,Cana panelera,Agosto,0.5
Ocamonte,Cana panelera,Agosto,0.5
Ocamonte,Yuca,Septiembre,1.22
Ocamonte,Yuca,Septiembre,1.36
Ocamonte,Cana panelera,Mayo,0.5
Ocamonte,Maiz Amarillo,Mayo,0.34
Ocamonte,Cana panelera,Julio,0.5
Ocamonte,Cana panelera,Julio,0.64
Ocamonte,Platano,Julio,0.64
Ocamonte,Cana panelera,Agosto,0.5
Ocamonte,Cana panelera,Agosto,0.5
Ocamonte,Cana panelera,Julio,0.5
Ocamonte,Cana panelera,Agosto,0.5
Ocamonte,Cana panelera,Agosto,0.5
Ocamonte,Cana panelera,Agosto,0.5
Ocamonte,Cana panelera,Julio,0.72
Ocamonte,Cana panelera,Julio,0.5
Ocamonte,Cana panelera,Julio,0.5
Ocamonte,Cana panelera,Julio,0.5
Ocamonte,Cana panelera,Julio,0.5
Ocamonte,Cana panelera,Julio,0.5
Ocamonte,Cana panelera,Julio,0.66
Ocamonte,Maiz Amarillo,Mayo,0.31
Ocamonte,Maiz Amarillo,Mayo,0.34
Ocamonte,Maiz Blanco,Mayo,0.33
Ocamonte,Cana panelera,Julio,0.68
Ocamonte,Cana panelera,Mayo,0.5
Ocamonte,Cana panelera,Julio,0.5
Ocamonte,Maiz Amarillo,Mayo,0.36
Ocamonte,Cana panelera,Julio,0.5
Ocamonte,Yuca,Septiembre,1.42
Ocamonte,Yuca,Septiembre,1.34
Ocamonte,Yuca,Octubre,1.27
Ocamonte,Yuca,Septiembre,1.49
Ocamonte,Maiz Blanco,Mayo,0.35
Ocamonte,Maiz Amarillo,Mayo,0.32
Ocamonte,Cana panelera,Julio,0.5
Ocamonte,Cana panelera,Agosto,0.67
Ocamonte,Yuca,Septiembre,1.33
Ocamonte,Maiz Blanco,Mayo,0.35
Ocamonte,Cana panelera,Julio,0.5
Ocamonte,Cana panelera,Julio,0.5
Ocamonte,Maiz Amarillo,Mayo,0.33
Ocamonte,Yuca,Septiembre,1.32
Ocamonte,Maiz Blanco,Mayo,0.31
Ocamonte,Maiz Amarillo,Mayo,0.32
Ocamonte,Cana panelera,Julio,0.5
Ocamonte,Cana panelera,Julio,0.5
Ocamonte,Cana panelera,Julio,0.5
Ocamonte,Cana panelera,Julio,0.5
Ocamonte,Platano,Julio,0.64
Ocamonte,Maiz Blanco,Mayo,0.33
Ocamonte,Cana panelera,Julio,0.5
Ocamonte,Maiz Blanco,Mayo,0.34
Ocamonte,Maiz Blanco,Mayo,0.33
Ocamonte,Yuca,Octubre,1.34
Ocamonte,Cana panelera,Julio,0.5
Ocamonte,Maiz Blanco,Mayo,0.29
Ocamonte,Cana panelera,Agosto,0.61
Ocamonte,Cana panelera,Agosto,0.5
Ocamonte,Cana panelera,Agosto,0.5
Ocamonte,Cana panelera,Julio,0.5
Ocamonte,Cana panelera,Julio,0.66
Ocamonte,Cana panelera,Julio,0.7
Ocamonte,Cana panelera,Julio,0.5
Ocamonte,Cana panelera,Julio,0.5
Ocamonte,Cana panelera,Julio,0.5
Ocamonte,Maiz Blanco,Mayo,0.36
Ocamonte,Maiz Amarillo,Mayo,0.32
Ocamonte,Cana panelera,Julio,0.65
Ocamonte,Cana panelera,Julio,0.5
Ocamonte,Cana panelera,Julio,0.64
Ocamonte,Cana panelera,Julio,0.5
Ocamonte,Yuca,Septiembre,1.27
Ocamonte,Yuca,Febrero,1.35
Ocamonte,Yuca,Octubre,1.26
Ocamonte,Maiz Blanco,Mayo,0.34
Ocamonte,Maiz Amarillo,Mayo,0.34
Ocamonte,Cana panelera,Julio,0.59
Ocamonte,Cana panelera,Julio,0.5
Ocamonte,Yuca,Septiembre,1.25
Ocamonte,Cana panelera,Julio,0.5
Ocamonte,Cana panelera,Junio,0.5
Ocamonte,Yuca,Marzo,1.4
Ocamonte,Maiz Blanco,Mayo,0.34
Ocamonte,Cana panelera,Julio,0.5
Ocamonte,Cana panelera,Julio,0.5
Ocamonte,Cana panelera,Julio,0.5
Ocamonte,Maiz Amarillo,Mayo,0.34
Ocamonte,Maiz Blanco,Mayo,0.32
Ocamonte,Cana panelera,Julio,0.69
Ocamonte,Cana panelera,Julio,0.5
Ocamonte,Cana panelera,Julio,0.5
Ocamonte,Cana panelera,Julio,0.5
Ocamonte,Cana panelera,Julio,0.5
Ocamonte,Maiz Amarillo,Mayo,0.34
Ocamonte,Cana panelera,Julio,0.66
Ocamonte,Cana panelera,Julio,0.68
Ocamonte,Cana panelera,Julio,0.5
Ocamonte,Maiz Blanco,Mayo,0.39
Ocamonte,Maiz Amarillo,Mayo,0.33
Ocamonte,Cana panelera,Julio,0.5
Ocamonte,Cana panelera,Julio,0.5
Ocamonte,Cana panelera,Junio,0.5
Ocamonte,Cana panelera,Junio,0.5
Ocamonte,Cana panelera,Julio,0.5
Ocamonte,Yuca,Marzo,1.36
Ocamonte,Cana panelera,Junio,0.5
Ocamonte,Yuca,Septiembre,1.28
Ocamonte,Yuca,Septiembre,1.39
Ocamonte,Cana panelera,Julio,0.5
Ocamonte,Cana panelera,Julio,0.5
Ocamonte,Cana panelera,Julio,0.66
Ocamonte,Yuca,Febrero,1.34
Ocamonte,Cana panelera,Agosto,0.5
Ocamonte,Cana panelera,Julio,0.5
Ocamonte,Cana panelera,Junio,0.5
Ocamonte,Maiz Blanco,Mayo,0.34
Ocamonte,Cana panelera,Julio,0.63
Ocamonte,Cana panelera,Junio,0.5
Ocamonte,Yuca,Marzo,1.32
Ocamonte,Yuca,Febrero,1.34
Ocamonte,Cana panelera,Junio,0.5
Ocamonte,Maiz Blanco,Mayo,0.37
Ocamonte,Maiz Blanco,Mayo,0.34
Ocamonte,Cana panelera,Julio,0.68
Ocamonte,Cana panelera,Julio,0.5
Ocamonte,Cana panelera,Julio,0.5
Ocamonte,Cana panelera,Julio,0.5
Ocamonte,Cana panelera,Julio,0.5
Ocamonte,Yuca,Octubre,1.35
Ocamonte,Cana panelera,Julio,0.65
Ocamonte,Cana panelera,Julio,0.5
Ocamonte,Cana panelera,Julio,0.69
Ocamonte,Cana panelera,Julio,0.5
Ocamonte,Cana panelera,Agosto,0.5
Ocamonte,Cana panelera,Agosto,0.5
Ocamonte,Maiz Blanco,Mayo,0.33
Ocamonte,Cana panelera,Junio,0.68
Ocamonte,Maiz Blanco,Mayo,0.35
Ocamonte,Pina,Septiembre,2.27
Ocamonte,Yuca,Marzo,1.31
Ocamonte,Yuca,Marzo,1.28
Ocamonte,Cana panelera,Julio,0.5
Ocamonte,Cana panelera,Julio,0.5
Ocamonte,Maiz Blanco,Mayo,0.34
Ocamonte,Cana panelera,Julio,0.5
Ocamonte,Yuca,Septiembre,1.32
Ocamonte,Platano,Agosto,0.64
Ocamonte,Pina,Septiembre,2.27
Ocamonte,Maiz Blanco,Mayo,0.37
Ocamonte,Maiz Blanco,Mayo,0.33
Ocamonte,Yuca,Septiembre,1.35
Ocamonte,Cana panelera,Junio,0.5
Ocamonte,Cana panelera,Junio,0.67
Ocamonte,Cana panelera,Agosto,0.5
Ocamonte,Cana panelera,Agosto,0.5
Ocamonte,Maiz Blanco,Mayo,0.32
Ocamonte,Lulo,Noviembre,0.18
Ocamonte,Cana panelera,Julio,0.66
Ocamonte,Cana panelera,Julio,0.5
Ocamonte,Yuca,Septiembre,1.35
Ocamonte,Cana panelera,Julio,0.71
Ocamonte,Pina,Septiembre,2.27
Ocamonte,Cana panelera,Julio,0.66
Ocamonte,Cana panelera,Julio,0.5
Ocamonte,Cana panelera,Julio,0.5
Ocamonte,Cana panelera,Julio,0.5
Ocamonte,Cana panelera,Julio,0.5
Ocamonte,Cana panelera,Julio,0.66
Ocamonte,Cana panelera,Julio,0.5
Ocamonte,Cana panelera,Julio,0.68
Ocamonte,Cana panelera,Julio,0.69
Ocamonte,Cana panelera,Julio,0.5
Ocamonte,Cana panelera,Julio,0.5
Ocamonte,Cana panelera,Julio,0.69
Ocamonte,Cana panelera,Julio,0.73
Ocamonte,Cana panelera,Julio,0.5
Ocamonte,Cana panelera,Julio,0.5
Ocamonte,Cana panelera,Julio,0.5
Ocamonte,Cana panelera,Julio,0.5
Ocamonte,Maiz Blanco,Mayo,0.32
Ocamonte,Maiz Blanco,Mayo,0.37
Ocamonte,Cana panelera,Junio,0.5
Ocamonte,Cana panelera,Julio,0.5
Ocamonte,Cana panelera,Julio,0.68
Ocamonte,Maiz Blanco,Mayo,0.36
Ocamonte,Cana panelera,Julio,0.5
Ocamonte,Cana panelera,Julio,0.5
Ocamonte,Cana panelera,Julio,0.66
Ocamonte,Cana panelera,Junio,0.5
Ocamonte,Yuca,Marzo,1.31
Ocamonte,Yuca,Marzo,1.34
Ocamonte,Cana panelera,Julio,0.5
Ocamonte,Cana panelera,Julio,0.5
Ocamonte,Cana panelera,Julio,0.5
Ocamonte,Lulo,Septiembre,0.17
Ocamonte,Pina,Septiembre,2.27
Ocamonte,Cana panelera,Junio,0.5
Ocamonte,Yuca,Febrero,1.19
Ocamonte,Maiz Blanco,Mayo,0.33
Ocamonte,Cana panelera,Julio,0.67
Ocamonte,Cana panelera,Junio,0.5
Ocamonte,Maiz Blanco,Mayo,0.32
Ocamonte,Cana panelera,Julio,0.64
Ocamonte,Cana panelera,Julio,0.5
Ocamonte,Cana panelera,Julio,0.5
Ocamonte,Cana panelera,Julio,0.5
Ocamonte,Cana panelera,Julio,0.5
Ocamonte,Yuca,Octubre,1.35
Ocamonte,Cana panelera,Julio,0.5
Ocamonte,Cana panelera,Julio,0.65
Ocamonte,Cana panelera,Junio,0.5
Ocamonte,Cana panelera,Junio,0.5
Ocamonte,Cana panelera,Mayo,0.5
Ocamonte,Cana panelera,Agosto,0.68
Ocamonte,Cana panelera,Agosto,0.67
Ocamonte,Yuca,Octubre,1.31
Ocamonte,Cana panelera,Julio,0.5
Ocamonte,Cana panelera,Julio,0.5
Ocamonte,Cana panelera,Julio,0.5
Ocamonte,Cana panelera,Julio,0.5
Ocamonte,Cana panelera,Julio,0.68
Ocamonte,Cana panelera,Julio,0.5
Ocamonte,Cana panelera,Junio,0.5
Ocamonte,Pina,Septiembre,2.27
Ocamonte,Maiz Blanco,Mayo,0.36
Ocamonte,Cana panelera,Julio,0.5
Ocamonte,Cana panelera,Julio,0.5
Ocamonte,Cana panelera,Julio,0.5
Ocamonte,Cana panelera,Julio,0.5
Ocamonte,Cana panelera,Julio,0.5
Ocamonte,Maiz Amarillo,Mayo,0.31
Ocamonte,Maiz Blanco,Mayo,0.35
Ocamonte,Cana panelera,Julio,0.5
Ocamonte,Platano,Julio,0.64
Ocamonte,Tomate,Mayo,2.1
Ocamonte,Maiz Amarillo,Mayo,0.34
Ocamonte,Cana panelera,Julio,0.5
Ocamonte,Maiz Blanco,Mayo,0.32
Ocamonte,Cana panelera,Julio,0.5
Ocamonte,Cana panelera,Julio,0.5
Ocamonte,Cana panelera,Julio,0.69
Ocamonte,Cana panelera,Julio,0.65
Ocamonte,Cana panelera,Julio,0.5
Ocamonte,Maiz Blanco,Mayo,0.37
Ocamonte,Maiz Blanco,Mayo,0.36
Ocamonte,Cana panelera,Julio,0.5
Ocamonte,Cana panelera,Agosto,0.5
Ocamonte,Cana panelera,Julio,0.5
Ocamonte,Cana panelera,Julio,0.65
Ocamonte,Maiz Blanco,Mayo,0.34
Ocamonte,Cana panelera,Junio,0.63
Ocamonte,Cana panelera,Junio,0.5
Ocamonte,Cana panelera,Julio,0.5
Ocamonte,Cana panelera,Julio,0.5
Ocamonte,Cana panelera,Julio,0.5
Ocamonte,Cana panelera,Julio,0.7
Ocamonte,Maiz Blanco,Mayo,0.35
Ocamonte,Cana panelera,Julio,0.5
Ocamonte,Cana panelera,Julio,0.5
Ocamonte,Cana panelera,Julio,0.5
Ocamonte,Cana panelera,Julio,0.64
Ocamonte,Cana panelera,Julio,0.5
Ocamonte,Cana panelera,Junio,0.5
Ocamonte,Cana panelera,Julio,0.5
Ocamonte,Cana panelera,Julio,0.5
Ocamonte,Cana panelera,Julio,0.5
Ocamonte,Cana panelera,Julio,0.5
Ocamonte,Cana panelera,Junio,0.5
Ocamonte,Cana panelera,Julio,0.66
Ocamonte,Cana panelera,Julio,0.5
Ocamonte,Cana panelera,Julio,0.5
Ocamonte,Cana panelera,Julio,0.5
Ocamonte,Cana panelera,Julio,0.5
Ocamonte,Cana panelera,Junio,0.5
Ocamonte,Cana panelera,Junio,0.64
Ocamonte,Cana panelera,Junio,0.5
Ocamonte,Cana panelera,Junio,0.5
Ocamonte,Cana panelera,Junio,0.5
Ocamonte,Cana panelera,Junio,0.5
Ocamonte,Cana panelera,Junio,0.63
Ocamonte,Cana panelera,Julio,0.5
Ocamonte,Maiz Amarillo,Mayo,0.3
Ocamonte,Yuca,Septiembre,1.24
Ocamonte,Cana panelera,Julio,0.69
Ocamonte,Cana panelera,Agosto,0.5
Ocamonte,Cana panelera,Agosto,0.5
Ocamonte,Maiz Amarillo,Diciembre,0.33
Ocamonte,Cana panelera,Junio,0.64
Ocamonte,Yuca,Marzo,1.37
Ocamonte,Yuca,Marzo,1.31
Ocamonte,Cana panelera,Julio,0.5
Ocamonte,Cana panelera,Julio,0.5
Ocamonte,Cana panelera,Julio,0.66
Ocamonte,Cana panelera,Julio,0.5
Ocamonte,Cana panelera,Julio,0.5
Ocamonte,Cana panelera,Julio,0.5
Ocamonte,Cana panelera,Julio,0.5
Ocamonte,Cana panelera,Julio,0.66
Ocamonte,Cana panelera,Julio,0.66
Ocamonte,Yuca,Septiembre,1.41
Ocamonte,Cana panelera,Julio,0.5
Ocamonte,Cana panelera,Julio,0.5
Ocamonte,Cana panelera,Julio,0.5
Ocamonte,Cana panelera,Julio,0.5
Ocamonte,Cana panelera,Julio,0.5
Ocamonte,Cana panelera,Julio,0.5
Ocamonte,Cana panelera,Junio,0.5
Ocamonte,Yuca,Marzo,1.32
Ocamonte,Cana panelera,Julio,0.5
Ocamonte,Cana panelera,Julio,0.5
Ocamonte,Yuca,Septiembre,1.42
Ocamonte,Yuca,Septiembre,1.17
Ocamonte,Cana panelera,Julio,0.63
Ocamonte,Cana panelera,Julio,0.5
Ocamonte,Cana panelera,Julio,0.5
Ocamonte,Cana panelera,Julio,0.74
Ocamonte,Cana panelera,Julio,0.5
Ocamonte,Cana panelera,Julio,0.5
Ocamonte,Cana panelera,Julio,0.5
Ocamonte,Cana panelera,Julio,0.5
Ocamonte,Cana panelera,Julio,0.5
Ocamonte,Cana panelera,Julio,0.66
Ocamonte,Cana panelera,Julio,0.5
Ocamonte,Cana panelera,Julio,0.74
Ocamonte,Cana panelera,Julio,0.5
Ocamonte,Cana panelera,Julio,0.5
Ocamonte,Cana panelera,Agosto,0.5
Ocamonte,Yuca,Marzo,1.32
Ocamonte,Cana panelera,Agosto,0.5
Ocamonte,Cana panelera,Agosto,0.5
Ocamonte,Cana panelera,Agosto,0.5
Ocamonte,Cana panelera,Agosto,0.5
Ocamonte,Cana panelera,Agosto,0.67
Ocamonte,Cana panelera,Agosto,0.5
Ocamonte,Cana panelera,Julio,0.63
Ocamonte,Cana panelera,Julio,0.5
Ocamonte,Cana panelera,Julio,0.5
Ocamonte,Cana panelera,Julio,0.5
Ocamonte,Cana panelera,Julio,0.63
Ocamonte,Cana panelera,Junio,0.65
Ocamonte,Cana panelera,Junio,0.5
Ocamonte,Cana panelera,Agosto,0.5
Ocamonte,Cana panelera,Agosto,0.5
Ocamonte,Cana panelera,Agosto,0.63
Ocamonte,Cana panelera,Agosto,0.5
Ocamonte,Cana panelera,Agosto,0.5
Ocamonte,Cana panelera,Agosto,0.5
Ocamonte,Cana panelera,Agosto,0.5
Ocamonte,Cana panelera,Agosto,0.5
Ocamonte,Cana panelera,Julio,0.5
Ocamonte,Yuca,Marzo,1.38
Ocamonte,Cana panelera,Junio,0.5
Ocamonte,Cana panelera,Junio,0.5
Ocamonte,Cana panelera,Julio,0.5
Ocamonte,Cana panelera,Agosto,0.5
Ocamonte,Cana panelera,Agosto,0.5
Ocamonte,Cana panelera,Agosto,0.5
Ocamonte,Cana panelera,Agosto,0.5
Ocamonte,Cana panelera,Agosto,0.5
Ocamonte,Cana panelera,Agosto,0.5
Ocamonte,Cana panelera,Agosto,0.5
Ocamonte,Cana panelera,Agosto,0.5
Ocamonte,Cana panelera,Agosto,0.5
Ocamonte,Cana panelera,Agosto,0.5
Ocamonte,Cana panelera,Agosto,0.5
Ocamonte,Cana panelera,Agosto,0.5
Ocamonte,Cana panelera,Agosto,0.5
Ocamonte,Yuca,Septiembre,1.39
Ocamonte,Cana panelera,Julio,0.5
Ocamonte,Yuca,Octubre,1.39
Ocamonte,Cana panelera,Julio,0.5
Ocamonte,Cana panelera,Junio,0.5
Ocamonte,Cana panelera,Julio,0.7
Ocamonte,Cana panelera,Junio,0.5
Ocamonte,Cana panelera,Julio,0.5
Ocamonte,Cana panelera,Julio,0.5
Ocamonte,Cana panelera,Julio,0.6
Ocamonte,Cana panelera,Julio,0.5
Ocamonte,Cana panelera,Julio,0.5
Ocamonte,Cana panelera,Julio,0.5
Ocamonte,Yuca,Marzo,1.28
Ocamonte,Cana panelera,Agosto,0.5
Ocamonte,Cana panelera,Agosto,0.5
Ocamonte,Cana panelera,Julio,0.5
Ocamonte,Cana panelera,Julio,0.5
Ocamonte,Yuca,Septiembre,1.39
Ocamonte,Maiz Amarillo,Mayo,0.3
Ocamonte,Cana panelera,Julio,0.5
Ocamonte,Cana panelera,Agosto,0.5
Ocamonte,Cana panelera,Julio,0.67
Ocamonte,Cana panelera,Julio,0.5
Ocamonte,Cana panelera,Julio,0.5
Ocamonte,Cana panelera,Julio,0.5
Ocamonte,Cana panelera,Julio,0.66
Ocamonte,Cana panelera,Julio,0.68
Ocamonte,Cana panelera,Junio,0.63
Ocamonte,Cana panelera,Junio,0.5
Ocamonte,Cana panelera,Junio,0.5
Ocamonte,Cana panelera,Junio,0.5
Ocamonte,Cana panelera,Junio,0.5
Ocamonte,Cana panelera,Julio,0.6
Ocamonte,Cana panelera,Julio,0.5
Ocamonte,Cana panelera,Julio,0.5
Ocamonte,Cana panelera,Junio,0.66
Ocamonte,Cana panelera,Junio,0.5
Ocamonte,Cana panelera,Julio,0.5
Ocamonte,Cana panelera,Julio,0.67
Ocamonte,Cana panelera,Julio,0.5
Ocamonte,Cana panelera,Julio,0.5
Ocamonte,Cana panelera,Julio,0.5
Ocamonte,Cana panelera,Julio,0.5
Ocamonte,Cana panelera,Julio,0.5
Ocamonte,Cana panelera,Julio,0.5
Ocamonte,Cana panelera,Julio,0.5
Ocamonte,Cana panelera,Julio,0.5
Ocamonte,Cana panelera,Julio,0.5
Ocamonte,Cana panelera,Julio,0.5
Ocamonte,Cana panelera,Julio,0.5
Ocamonte,Cana panelera,Julio,0.5
Ocamonte,Cana panelera,Julio,0.5
Ocamonte,Cana panelera,Julio,0.5
Ocamonte,Cana panelera,Julio,0.5
Ocamonte,Cana panelera,Julio,0.5
Ocamonte,Cana panelera,Julio,0.5
Ocamonte,Yuca,Septiembre,1.34
Ocamonte,Cana panelera,Julio,0.5
Ocamonte,Cana panelera,Julio,0.5
Ocamonte,Cana panelera,Julio,0.65
Ocamonte,Cana panelera,Julio,0.5
Ocamonte,Cana panelera,Julio,0.62
Ocamonte,Cana panelera,Julio,0.5
Ocamonte,Cana panelera,Julio,0.5
Ocamonte,Cana panelera,Julio,0.64
Ocamonte,Cana panelera,Junio,0.5
Ocamonte,Cana panelera,Julio,0.5
Ocamonte,Cana panelera,Agosto,0.5
Ocamonte,Cana panelera,Julio,0.5
Ocamonte,Cana panelera,Julio,0.7
Ocamonte,Cana panelera,Julio,0.5
Ocamonte,Cana panelera,Julio,0.71
Ocamonte,Cana panelera,Agosto,0.5
Ocamonte,Yuca,Septiembre,1.28
Ocamonte,Cana panelera,Julio,0.5
Ocamonte,Cana panelera,Julio,0.67
Ocamonte,Cana panelera,Agosto,0.5
Ocamonte,Cana panelera,Agosto,0.5
Ocamonte,Cana panelera,Julio,0.5
Ocamonte,Cana panelera,Julio,0.5
Ocamonte,Cana panelera,Agosto,0.5
Ocamonte,Cana panelera,Julio,0.5
Ocamonte,Cana panelera,Julio,0.5
Ocamonte,Cana panelera,Junio,0.5
Ocamonte,Cana panelera,Junio,0.69
Ocamonte,Cana panelera,Agosto,0.5
Ocamonte,Cana panelera,Agosto,0.5
Ocamonte,Cana panelera,Julio,0.5
Ocamonte,Cana panelera,Julio,0.5
Ocamonte,Cana panelera,Julio,0.5
Ocamonte,Platano,Julio,0.64
Ocamonte,Cana panelera,Julio,0.5
Ocamonte,Cana panelera,Julio,0.5
Ocamonte,Cana panelera,Julio,0.5
Ocamonte,Cana panelera,Julio,0.5
Ocamonte,Cana panelera,Agosto,0.5
Ocamonte,Cana panelera,Agosto,0.5
Ocamonte,Cana panelera,Agosto,0.5
Ocamonte,Tomate,Marzo,2.1
Ocamonte,Yuca,Septiembre,1.42
Ocamonte,Yuca,Septiembre,1.34
Ocamonte,Cana panelera,Julio,0.67
Ocamonte,Cana panelera,Julio,0.5
Ocamonte,Cana panelera,Julio,0.5
Ocamonte,Cana panelera,Julio,0.5
Ocamonte,Cana panelera,Julio,0.5
Ocamonte,Cana panelera,Julio,0.5
Ocamonte,Cana panelera,Julio,0.5
Ocamonte,Cana panelera,Julio,0.5
Ocamonte,Cana panelera,Julio,0.5
Ocamonte,Cana panelera,Julio,0.5
Ocamonte,Cana panelera,Julio,0.5
Ocamonte,Cana panelera,Julio,0.5
Ocamonte,Cana panelera,Julio,0.5
Ocamonte,Cana panelera,Julio,0.69
Ocamonte,Cana panelera,Julio,0.5
Ocamonte,Cana panelera,Julio,0.5
Ocamonte,Cana panelera,Julio,0.5
Ocamonte,Cana panelera,Julio,0.5
Ocamonte,Cana panelera,Julio,0.5
Ocamonte,Cana panelera,Julio,0.5
Ocamonte,Cana panelera,Julio,0.5
Ocamonte,Maiz Blanco,Mayo,0.3
Ocamonte,Cana panelera,Julio,0.64
Ocamonte,Cana panelera,Julio,0.5
Ocamonte,Cana panelera,Julio,0.5
Ocamonte,Cana panelera,Julio,0.68
Ocamonte,Cana panelera,Julio,0.5
Ocamonte,Cana panelera,Julio,0.7
Ocamonte,Cana panelera,Julio,0.64
Ocamonte,Cana panelera,Julio,0.5
Ocamonte,Cana panelera,Julio,0.5
Ocamonte,Cana panelera,Julio,0.5
Ocamonte,Cana panelera,Julio,0.5
Ocamonte,Cana panelera,Julio,0.5
Ocamonte,Cana panelera,Julio,0.5
Ocamonte,Cana panelera,Julio,0.5
Ocamonte,Cana panelera,Julio,0.5
Ocamonte,Cana panelera,Julio,0.5
Ocamonte,Cana panelera,Julio,0.5
Ocamonte,Cana panelera,Julio,0.5
Ocamonte,Maiz Blanco,Mayo,0.33
Ocamonte,Cana panelera,Julio,0.5
Ocamonte,Yuca,Septiembre,1.32
Ocamonte,Platano,Julio,0.64
Ocamonte,Cana panelera,Julio,0.5
Ocamonte,Cana panelera,Julio,0.66
Ocamonte,Cana panelera,Julio,0.63
Ocamonte,Cana panelera,Julio,0.5
Ocamonte,Cana panelera,Julio,0.5
Ocamonte,Cana panelera,Julio,0.5
Ocamonte,Cana panelera,Julio,0.5
Ocamonte,Cana panelera,Julio,0.5
Ocamonte,Cana panelera,Julio,0.5
Ocamonte,Cana panelera,Julio,0.5
Ocamonte,Cana panelera,Julio,0.64
Ocamonte,Cana panelera,Julio,0.5
Ocamonte,Cana panelera,Julio,0.5
Ocamonte,Cana panelera,Julio,0.5
Ocamonte,Cana panelera,Julio,0.5
Ocamonte,Cana panelera,Julio,0.5
Ocamonte,Cana panelera,Julio,0.5
Ocamonte,Habichuela,Octubre,2.03
Ocamonte,Cana panelera,Julio,0.7
Ocamonte,Cana panelera,Julio,0.5
Ocamonte,Cana panelera,Julio,0.5
Ocamonte,Cana panelera,Julio,0.5
Ocamonte,Cana panelera,Julio,0.5
Ocamonte,Cana panelera,Julio,0.5
Ocamonte,Cana panelera,Julio,0.5
Ocamonte,Cana panelera,Julio,0.5
Ocamonte,Cana panelera,Julio,0.5
Ocamonte,Cana panelera,Julio,0.5
Ocamonte,Cana panelera,Julio,0.5
Ocamonte,Cana panelera,Julio,0.62
Ocamonte,Cana panelera,Julio,0.5
Ocamonte,Cana panelera,Julio,0.5
Ocamonte,Cana panelera,Julio,0.66
Ocamonte,Cana panelera,Julio,0.65
Ocamonte,Cana panelera,Julio,0.5
Ocamonte,Cana panelera,Julio,0.5
Ocamonte,Cana panelera,Julio,0.5
Ocamonte,Cana panelera,Julio,0.67
Ocamonte,Cana panelera,Julio,0.5
Ocamonte,Cana panelera,Julio,0.65
Ocamonte,Cana panelera,Julio,0.5
Ocamonte,Cana panelera,Julio,0.5
Ocamonte,Cana panelera,Julio,0.5
Ocamonte,Cana panelera,Julio,0.5
Ocamonte,Cana panelera,Julio,0.72
Ocamonte,Cana panelera,Julio,0.5
Ocamonte,Cana panelera,Julio,0.65
Ocamonte,Cana panelera,Julio,0.5
Ocamonte,Cana panelera,Julio,0.71
Ocamonte,Cana panelera,Julio,0.64
Ocamonte,Cana panelera,Julio,0.5
Ocamonte,Cana panelera,Julio,0.5
Ocamonte,Cana panelera,Julio,0.5
Ocamonte,Cana panelera,Julio,0.5
Ocamonte,Cana panelera,Julio,0.5
Ocamonte,Cana panelera,Julio,0.65
Ocamonte,Cana panelera,Julio,0.5
Ocamonte,Cana panelera,Julio,0.5
Ocamonte,Cana panelera,Julio,0.5
Ocamonte,Cana panelera,Julio,0.64
Ocamonte,Cana panelera,Julio,0.5
Ocamonte,Cana panelera,Julio,0.6
Ocamonte,Cana panelera,Julio,0.5
Ocamonte,Cana panelera,Julio,0.5
Ocamonte,Cana panelera,Julio,0.69
Ocamonte,Cana panelera,Julio,0.5
Ocamonte,Yuca,Septiembre,1.44
Ocamonte,Cana panelera,Julio,0.5
Ocamonte,Cana panelera,Julio,0.5
Ocamonte,Cana panelera,Julio,0.5
Ocamonte,Cana panelera,Julio,0.5
Ocamonte,Cana panelera,Julio,0.5
Ocamonte,Yuca,Septiembre,1.43
Ocamonte,Cana panelera,Julio,0.5
Ocamonte,Cana panelera,Julio,0.5
Ocamonte,Cana panelera,Julio,0.5
Ocamonte,Cana panelera,Julio,0.5
Ocamonte,Yuca,Septiembre,1.41
Ocamonte,Cana panelera,Julio,0.5
Ocamonte,Cana panelera,Julio,0.5
Ocamonte,Cana panelera,Julio,0.5
Ocamonte,Cana panelera,Julio,0.5
Ocamonte,Cana panelera,Julio,0.5
Ocamonte,Cana panelera,Julio,0.5
Ocamonte,Cana panelera,Julio,0.5
Ocamonte,Cana panelera,Julio,0.68
Ocamonte,Cana panelera,Julio,0.5
Ocamonte,Cana panelera,Julio,0.5
Ocamonte,Cana panelera,Julio,0.5
Ocamonte,Cana panelera,Julio,0.5
Ocamonte,Cana panelera,Julio,0.5
Ocamonte,Cana panelera,Julio,0.5
Ocamonte,Cana panelera,Julio,0.5
Ocamonte,Yuca,Septiembre,1.28
Ocamonte,Cana panelera,Julio,0.5
Ocamonte,Cana panelera,Julio,0.5
Ocamonte,Cana panelera,Julio,0.5
Ocamonte,Cana panelera,Julio,0.5
Ocamonte,Cana panelera,Julio,0.5
Ocamonte,Cana panelera,Julio,0.5
Ocamonte,Cana panelera,Julio,0.5
Ocamonte,Cana panelera,Julio,0.5
Ocamonte,Cana panelera,Julio,0.5
Ocamonte,Cana panelera,Julio,0.5
Ocamonte,Cana panelera,Julio,0.5
Ocamonte,Cana panelera,Julio,0.5
Ocamonte,Cana panelera,Julio,0.5
Ocamonte,Cana panelera,Julio,0.5
Ocamonte,Cana panelera,Julio,0.5
Ocamonte,Yuca,Septiembre,1.27
Ocamonte,Cana panelera,Julio,0.5
Ocamonte,Cana panelera,Julio,0.5
Ocamonte,Cana panelera,Julio,0.7
Ocamonte,Cana panelera,Julio,0.5
Ocamonte,Platano,Julio,0.64
Ocamonte,Cana panelera,Julio,0.5
Ocamonte,Yuca,Septiembre,1.31
Ocamonte,Avena Forrajera,Febrero,0.02
Ocamonte,Avena Forrajera,Febrero,0.02
Ocamonte,Avena Forrajera,Febrero,0.02
Ocamonte,Avena Forrajera,Febrero,0.02
Ocamonte,Avena Forrajera,Febrero,0.02
Ocamonte,Avena Forrajera,Febrero,0.02
Ocamonte,Avena Forrajera,Febrero,0.02
Ocamonte,Avena Forrajera,Febrero,0.02
Ocamonte,Avena Forrajera,Febrero,0.02
Ocamonte,Avena Forrajera,Febrero,0.02
Ocamonte,Avena Forrajera,Febrero,0.02
Ocamonte,Avena Forrajera,Febrero,0.02
Ocamonte,Avena Forrajera,Febrero,0.02
Ocamonte,Avena Forrajera,Febrero,0.02
Ocamonte,Avena Forrajera,Febrero,0.02
Ocamonte,Avena Forrajera,Febrero,0.02
Ocamonte,Avena Forrajera,Febrero,0.02
Ocamonte,Avena Forrajera,Febrero,0.02
Ocamonte,Avena Forrajera,Febrero,0.02
Ocamonte,Avena Forrajera,Febrero,0.02
Ocamonte,Avena Forrajera,Febrero,0.02
Ocamonte,Avena Forrajera,Febrero,0.02
Ocamonte,Avena Forrajera,Febrero,0.01
Ocamonte,Avena Forrajera,Febrero,0.02
Ocamonte,Avena Forrajera,Febrero,0.02
Ocamonte,Avena Forrajera,Febrero,0.02
Ocamonte,Avena Forrajera,Febrero,0.02
Ocamonte,Avena Forrajera,Febrero,0.02
Ocamonte,Avena Forrajera,Febrero,0.02
Ocamonte,Avena Forrajera,Febrero,0.02
Ocamonte,Avena Forrajera,Febrero,0.02
Ocamonte,Avena Forrajera,Febrero,0.02
Ocamonte,Avena Forrajera,Febrero,0.02
Ocamonte,Avena Forrajera,Febrero,0.02
Ocamonte,Avena Forrajera,Febrero,0.02
Ocamonte,Avena Forrajera,Febrero,0.02
Ocamonte,Avena Forrajera,Febrero,0.02
Ocamonte,Avena Forrajera,Febrero,0.02
Ocamonte,Avena Forrajera,Febrero,0.02
Ocamonte,Avena Forrajera,Febrero,0.02
Ocamonte,Avena Forrajera,Febrero,0.02
Ocamonte,Avena Forrajera,Febrero,0.02
Ocamonte,Avena Forrajera,Febrero,0.02
Ocamonte,Avena Forrajera,Febrero,0.02
Ocamonte,Avena Forrajera,Febrero,0.02
Ocamonte,Avena Forrajera,Febrero,0.02
Ocamonte,Avena Forrajera,Febrero,0.02
Ocamonte,Avena Forrajera,Febrero,0.02
Ocamonte,Avena Forrajera,Febrero,0.02
Ocamonte,Avena Forrajera,Febrero,0.02
Ocamonte,Cana fistula,Abril,0.52
Ocamonte,Cana panelera,Julio,0.5
Ocamonte,Cana panelera,Julio,0.5
Ocamonte,Cana panelera,Julio,0.5
Ocamonte,Cana panelera,Julio,0.5
Ocamonte,Pina,Septiembre,2.27
Ocamonte,Pina,Septiembre,2.27
Ocamonte,Pina,Septiembre,2.27
Ocamonte,Pina,Septiembre,2.27
Ocamonte,Pina,Septiembre,2.27
Ocamonte,Pina,Septiembre,2.27
Ocamonte,Pina,Septiembre,2.27
Ocamonte,Pina,Septiembre,2.27
Ocamonte,Pina,Septiembre,2.27
Ocamonte,Platano,Julio,0.64
Ocamonte,Platano,Julio,0.64
Ocamonte,Pina,Septiembre,2.27
Onzaga,Arveja verde,Septiembre,0.96
Onzaga,Arveja verde,Septiembre,0.96
Onzaga,Yuca,Febrero,1.33
Onzaga,Maiz Amarillo,Diciembre,0.31
Onzaga,Arveja verde,Septiembre,0.89
Onzaga,Maiz Amarillo,Diciembre,0.31
Onzaga,Cana panelera,Mayo,0.65
Onzaga,Ahuyama,Septiembre,2.05
Onzaga,Perejil,Abril,0.26
Onzaga,Perejil,Abril,0.29
Onzaga,Perejil,Octubre,0.28
Onzaga,Pina,Septiembre,2.17
Onzaga,Maiz Amarillo,Mayo,0.33
Onzaga,Perejil,Octubre,0.3
Onzaga,Maiz Blanco,Mayo,0.31
Onzaga,Frijol,Junio,1.97
Onzaga,Maiz Blanco,Mayo,0.37
Onzaga,Cana panelera,Julio,0.5
Onzaga,Platano,Julio,0.6
Onzaga,Cana panelera,Junio,0.5
Onzaga,Yuca,Marzo,1.24
Onzaga,Perejil,Mayo,0.28
Onzaga,Maiz Amarillo,Mayo,0.33
Onzaga,Yuca,Marzo,1.41
Onzaga,Perejil,Mayo,0.28
Onzaga,Cana panelera,Julio,0.63
Onzaga,Yuca,Febrero,1.41
Onzaga,Maiz Amarillo,Diciembre,0.33
Onzaga,Maiz Amarillo,Diciembre,0.31
Onzaga,Cana panelera,Mayo,0.5
Onzaga,Perejil,Abril,0.3
Onzaga,Cana panelera,Julio,0.5
Onzaga,Cana panelera,Julio,0.5
Onzaga,Perejil,Mayo,0.27
Onzaga,Perejil,Mayo,0.25
Onzaga,Perejil,Mayo,0.27
Onzaga,Perejil,Mayo,0.29
Onzaga,Perejil,Mayo,0.29
Onzaga,Perejil,Mayo,0.29
Onzaga,Yuca,Marzo,1.28
Onzaga,Cana panelera,Junio,0.64
Onzaga,Arveja verde,Mayo,0.91
Onzaga,Yuca,Septiembre,1.34
Onzaga,Cana panelera,Julio,0.5
Onzaga,Yuca,Febrero,1.39
Onzaga,Maiz Amarillo,Diciembre,0.32
Onzaga,Cana panelera,Mayo,0.5
Onzaga,Cana panelera,Agosto,0.5
Onzaga,Cana panelera,Julio,0.5
Onzaga,Perejil,Mayo,0.28
Onzaga,Yuca,Marzo,1.34
Onzaga,Yuca,Marzo,1.3
Onzaga,Cana panelera,Mayo,0.5
Onzaga,Cana panelera,Mayo,0.5
Onzaga,Cana panelera,Julio,0.5
Onzaga,Maiz Amarillo,Mayo,0.32
Onzaga,Perejil,Mayo,0.26
Onzaga,Perejil,Mayo,0.27
Onzaga,Cana panelera,Julio,0.5
Onzaga,Perejil,Mayo,0.28
Onzaga,Perejil,Mayo,0.3
Onzaga,Perejil,Mayo,0.27
Onzaga,Perejil,Mayo,0.3
Onzaga,Perejil,Mayo,0.26
Onzaga,Cana panelera,Agosto,0.5
Onzaga,Papas,Septiembre,1.33
Onzaga,Maiz Amarillo,Diciembre,0.32
Onzaga,Cana panelera,Mayo,0.72
Onzaga,Maiz Amarillo,Mayo,0.33
Onzaga,Perejil,Mayo,0.27
Onzaga,Arveja verde,Septiembre,0.91
Onzaga,Cana panelera,Mayo,0.63
Onzaga,Trigo en grano,Febrero,0.21
Onzaga,Trigo en grano,Febrero,0.21
Onzaga,Trigo en grano,Febrero,0.21
Onzaga,Cana panelera,Agosto,0.5
Onzaga,Cana panelera,Julio,0.5
Onzaga,Perejil,Mayo,0.27
Onzaga,Perejil,Mayo,0.29
Onzaga,Perejil,Mayo,0.29
Onzaga,Perejil,Mayo,0.29
Onzaga,Perejil,Mayo,0.28
Onzaga,Maiz Amarillo,Diciembre,0.31
Onzaga,Cana panelera,Mayo,0.63
Onzaga,Yuca,Febrero,1.33
Onzaga,Yuca,Febrero,1.34
Onzaga,Yuca,Febrero,1.36
Onzaga,Yuca,Febrero,1.38
Onzaga,Yuca,Febrero,1.34
Onzaga,Perejil,Abril,0.29
Onzaga,Perejil,Abril,0.27
Onzaga,Perejil,Abril,0.27
Onzaga,Platano,Julio,0.6
Onzaga,Perejil,Mayo,0.29
Onzaga,Cana panelera,Julio,0.5
Onzaga,Platano,Julio,0.6
Onzaga,Perejil,Mayo,0.28
Onzaga,Yuca,Marzo,1.34
Onzaga,Yuca,Marzo,1.31
Onzaga,Maiz Blanco,Diciembre,0.34
Onzaga,Perejil,Octubre,0.28
Onzaga,Maiz Amarillo,Diciembre,0.33
Onzaga,Cana panelera,Mayo,0.5
Onzaga,Perejil,Abril,0.3
Onzaga,Perejil,Mayo,0.28
Onzaga,Cana panelera,Julio,0.5
Onzaga,Maiz Amarillo,Mayo,0.31
Onzaga,Perejil,Octubre,0.29
Onzaga,Maiz Amarillo,Mayo,0.32
Onzaga,Perejil,Mayo,0.27
Onzaga,Maiz Amarillo,Diciembre,0.3
Onzaga,Perejil,Octubre,0.27
Onzaga,Maiz Amarillo,Mayo,0.35
Onzaga,Perejil,Mayo,0.28
Onzaga,Cana panelera,Julio,0.5
Onzaga,Cana panelera,Julio,0.5
Onzaga,Perejil,Mayo,0.28
Onzaga,Cana panelera,Mayo,0.5
Onzaga,Maiz Amarillo,Mayo,0.32
Onzaga,Frijol,Mayo,0.01
Onzaga,Maiz Amarillo,Mayo,0.32
Onzaga,Frijol,Mayo,0.01
Onzaga,Perejil,Mayo,0.3
Onzaga,Perejil,Mayo,0.27
Onzaga,Yuca,Marzo,1.42
Onzaga,Platano,Julio,0.6
Onzaga,Cana panelera,Julio,0.5
Onzaga,Perejil,Mayo,0.25
Onzaga,Cana panelera,Julio,0.5
Onzaga,Perejil,Mayo,0.28
Onzaga,Perejil,Mayo,0.26
Onzaga,Cana panelera,Julio,0.5
Onzaga,Cana panelera,Julio,0.5
Onzaga,Maiz Amarillo,Mayo,0.3
Onzaga,Perejil,Mayo,0.27
Onzaga,Perejil,Mayo,0.3
Onzaga,Yuca,Marzo,1.28
Onzaga,Perejil,Octubre,0.27
Onzaga,Yuca,Septiembre,1.38
Onzaga,Yuca,Septiembre,1.37
Onzaga,Perejil,Mayo,0.27
Onzaga,Yuca,Marzo,1.3
Onzaga,Yuca,Marzo,1.28
Onzaga,Maiz Amarillo,Diciembre,0.31
Onzaga,Yuca,Febrero,1.25
Onzaga,Perejil,Abril,0.28
Onzaga,Cana panelera,Julio,0.5
Onzaga,Maiz Amarillo,Mayo,0.33
Onzaga,Maiz Amarillo,Mayo,0.31
Onzaga,Perejil,Mayo,0.24
Onzaga,Perejil,Mayo,0.31
Onzaga,Yuca,Marzo,1.33
Onzaga,Perejil,Mayo,0.27
Onzaga,Cana panelera,Julio,0.5
Onzaga,Maiz Amarillo,Diciembre,0.33
Onzaga,Maiz Amarillo,Diciembre,0.32
Onzaga,Maiz Amarillo,Diciembre,0.31
Onzaga,Cana panelera,Mayo,0.5
Onzaga,Perejil,Abril,0.29
Onzaga,Maiz Amarillo,Mayo,0.33
Onzaga,Maiz Amarillo,Mayo,0.33
Onzaga,Platano,Mayo,0.6
Onzaga,Cana panelera,Mayo,0.5
Onzaga,Cana panelera,Mayo,0.5
Onzaga,Cana panelera,Julio,0.5
Onzaga,Yuca,Marzo,1.38
Onzaga,Yuca,Marzo,1.27
Onzaga,Perejil,Mayo,0.29
Onzaga,Perejil,Mayo,0.27
Onzaga,Perejil,Mayo,0.28
Onzaga,Perejil,Mayo,0.26
Onzaga,Perejil,Mayo,0.29
Onzaga,Perejil,Mayo,0.28
Onzaga,Cana panelera,Julio,0.5
Onzaga,Maiz Amarillo,Octubre,0.3
Onzaga,Maiz Amarillo,Octubre,0.28
Onzaga,Cana panelera,Julio,0.5
Onzaga,Maiz Amarillo,Mayo,0.32
Onzaga,Maiz Amarillo,Mayo,0.32
Onzaga,Perejil,Mayo,0.27
Onzaga,Perejil,Mayo,0.28
Onzaga,Perejil,Mayo,0.28
Onzaga,Cana panelera,Julio,0.5
Onzaga,Papas,Julio,1.35
Onzaga,Papas,Enero,1.34
Onzaga,Maiz Amarillo,Noviembre,0.34
Onzaga,Maiz Amarillo,Noviembre,0.33
Onzaga,Cana panelera,Junio,0.67
Onzaga,Perejil,Mayo,0.27
Onzaga,Platano,Junio,0.6
Onzaga,Cana panelera,Julio,0.5
Onzaga,Perejil,Mayo,0.26
Onzaga,Yuca,Marzo,1.37
Onzaga,Yuca,Marzo,1.36
Onzaga,Cana panelera,Mayo,0.5
Onzaga,Yuca,Febrero,1.27
Onzaga,Maiz Amarillo,Diciembre,0.32
Onzaga,Perejil,Abril,0.28
Onzaga,Maiz Amarillo,Diciembre,0.31
Onzaga,Cana panelera,Mayo,0.69
Onzaga,Maiz Amarillo,Diciembre,0.31
Onzaga,Perejil,Abril,0.28
Onzaga,Perejil,Abril,0.27
Onzaga,Cana panelera,Mayo,0.5
Onzaga,Yuca,Febrero,1.37
Onzaga,Maiz Amarillo,Diciembre,0.33
Onzaga,Perejil,Abril,0.3
Onzaga,Maiz Amarillo,Diciembre,0.35
Onzaga,Cana panelera,Mayo,0.5
Onzaga,Maiz Amarillo,Diciembre,0.34
Onzaga,Perejil,Abril,0.26
Onzaga,Perejil,Abril,0.26
Onzaga,Yuca,Febrero,1.39
Onzaga,Maiz Amarillo,Diciembre,0.31
Onzaga,Yuca,Febrero,1.34
Onzaga,Perejil,Abril,0.28
Onzaga,Yuca,Febrero,1.26
Onzaga,Cana panelera,Mayo,0.5
Onzaga,Maiz Amarillo,Diciembre,0.33
Onzaga,Yuca,Febrero,1.27
Onzaga,Perejil,Abril,0.29
Onzaga,Maiz Amarillo,Mayo,0.33
Onzaga,Perejil,Mayo,0.26
Onzaga,Cana panelera,Junio,0.62
Onzaga,Maiz Amarillo,Diciembre,0.31
Onzaga,Cana panelera,Junio,0.5
Onzaga,Maiz Amarillo,Mayo,0.32
Onzaga,Perejil,Mayo,0.25
Onzaga,Perejil,Mayo,0.28
Onzaga,Maiz Amarillo,Diciembre,0.33
Onzaga,Perejil,Abril,0.29
Onzaga,Frijol,Mayo,0.01
Onzaga,Perejil,Mayo,0.3
Onzaga,Perejil,Mayo,0.29
Onzaga,Perejil,Mayo,0.27
Onzaga,Perejil,Mayo,0.28
Onzaga,Perejil,Mayo,0.28
Onzaga,Maiz Amarillo,Diciembre,0.32
Onzaga,Cana panelera,Mayo,0.5
Onzaga,Perejil,Abril,0.26
Onzaga,Cana panelera,Julio,0.5
Onzaga,Cana panelera,Julio,0.5
Onzaga,Perejil,Abril,0.31
Onzaga,Yuca,Febrero,1.32
Onzaga,Yuca,Febrero,1.34
Onzaga,Yuca,Febrero,1.25
Onzaga,Yuca,Febrero,1.29
Onzaga,Cana panelera,Julio,0.5
Onzaga,Yuca,Febrero,1.49
Onzaga,Yuca,Febrero,1.19
Onzaga,Cana panelera,Julio,0.5
Onzaga,Perejil,Mayo,0.27
Onzaga,Yuca,Marzo,1.32
Onzaga,Yuca,Marzo,1.24
Onzaga,Platano,Junio,0.6
Onzaga,Maiz Amarillo,Mayo,0.31
Onzaga,Perejil,Mayo,0.28
Onzaga,Platano,Julio,0.6
Onzaga,Yuca,Marzo,1.27
Onzaga,Cana panelera,Julio,0.5
Onzaga,Perejil,Mayo,0.27
Onzaga,Frijol,Mayo,2.1
Onzaga,Maiz Amarillo,Noviembre,0.29
Onzaga,Maiz Amarillo,Noviembre,0.33
Onzaga,Platano,Junio,0.6
Onzaga,Maiz Amarillo,Diciembre,0.31
Onzaga,Perejil,Abril,0.28
Onzaga,Yuca,Marzo,1.37
Onzaga,Cana panelera,Julio,0.5
Onzaga,Cana panelera,Julio,0.5
Onzaga,Perejil,Mayo,0.27
Onzaga,Maiz Amarillo,Diciembre,0.32
Onzaga,Perejil,Octubre,0.27
Onzaga,Perejil,Octubre,0.26
Onzaga,Perejil,Octubre,0.28
Onzaga,Perejil,Octubre,0.26
Onzaga,Perejil,Octubre,0.28
Onzaga,Cana panelera,Julio,0.5
Onzaga,Cana panelera,Julio,0.5
Onzaga,Cana panelera,Julio,0.5
Onzaga,Platano,Julio,0.6
Onzaga,Cana panelera,Julio,0.5
Onzaga,Platano,Julio,0.6
Onzaga,Yuca,Marzo,1.38
Onzaga,Perejil,Mayo,0.29
Onzaga,Maiz Amarillo,Diciembre,0.33
Onzaga,Maiz Amarillo,Diciembre,0.32
Onzaga,Yuca,Marzo,1.4
Onzaga,Yuca,Marzo,1.32
Onzaga,Perejil,Octubre,0.26
Onzaga,Perejil,Octubre,0.32
Onzaga,Perejil,Octubre,0.26
Onzaga,Cana panelera,Junio,0.5
Onzaga,Maiz Amarillo,Diciembre,0.33
Onzaga,Maiz Amarillo,Diciembre,0.33
Onzaga,Yuca,Marzo,1.19
Onzaga,Perejil,Octubre,0.27
Onzaga,Cana panelera,Junio,0.5
Onzaga,Cana panelera,Junio,0.66
Onzaga,Cana panelera,Junio,0.5
Onzaga,Cana panelera,Julio,0.5
Onzaga,Yuca,Marzo,1.27
Onzaga,Yuca,Marzo,1.4
Onzaga,Perejil,Mayo,0.28
Onzaga,Cebolla cabezona,Mayo,1.35
Onzaga,Cebolla cabezona,Mayo,1.35
Onzaga,Cebolla cabezona,Mayo,1.35
Onzaga,Cana panelera,Mayo,0.5
Onzaga,Yuca,Febrero,1.32
Onzaga,Yuca,Febrero,1.35
Onzaga,Maiz Amarillo,Diciembre,0.32
Onzaga,Arveja verde,Septiembre,0.92
Onzaga,Yuca,Febrero,1.28
Onzaga,Cana panelera,Julio,0.5
Onzaga,Perejil,Mayo,0.3
Onzaga,Yuca,Marzo,1.31
Onzaga,Yuca,Marzo,1.42
Onzaga,Yuca,Marzo,1.31
Onzaga,Yuca,Marzo,1.28
Onzaga,Cana panelera,Mayo,0.5
Onzaga,Yuca,Febrero,1.4
Onzaga,Yuca,Febrero,1.37
Onzaga,Maiz Amarillo,Diciembre,0.3
Onzaga,Arveja verde,Septiembre,0.93
Onzaga,Yuca,Febrero,1.32
Onzaga,Maiz Amarillo,Junio,0.33
Onzaga,Perejil,Mayo,0.3
Onzaga,Perejil,Mayo,0.29
Onzaga,Maiz Amarillo,Diciembre,0.32
Onzaga,Maiz Amarillo,Diciembre,0.32
Onzaga,Perejil,Octubre,0.31
Onzaga,Frijol,Mayo,0.01
Onzaga,Perejil,Mayo,0.25
Onzaga,Maiz Blanco,Diciembre,0.35
Onzaga,Platano,Junio,0.6
Onzaga,Cana panelera,Junio,0.5
Onzaga,Platano,Junio,0.6
Onzaga,Maiz Amarillo,Diciembre,0.32
Onzaga,Cana panelera,Junio,0.69
Onzaga,Cana panelera,Julio,0.5
Onzaga,Maiz Amarillo,Mayo,0.34
Onzaga,Perejil,Mayo,0.27
Onzaga,Perejil,Mayo,0.29
Onzaga,Yuca,Septiembre,1.33
Onzaga,Yuca,Septiembre,1.38
Onzaga,Yuca,Septiembre,1.27
Onzaga,Cana panelera,Julio,0.63
Onzaga,Cana panelera,Julio,0.5
Onzaga,Maiz Amarillo,Mayo,0.31
Onzaga,Perejil,Mayo,0.31
Onzaga,Perejil,Mayo,0.28
Onzaga,Perejil,Mayo,0.28
Onzaga,Cana panelera,Julio,0.5
Onzaga,Perejil,Mayo,0.27
Onzaga,Yuca,Marzo,1.35
Onzaga,Yuca,Marzo,1.34
Onzaga,Cana panelera,Julio,0.5
Onzaga,Perejil,Mayo,0.27
Onzaga,Perejil,Mayo,0.25
Onzaga,Perejil,Mayo,0.31
Onzaga,Perejil,Mayo,0.28
Onzaga,Maiz Amarillo,Noviembre,0.3
Onzaga,Maiz Amarillo,Noviembre,0.33
Onzaga,Perejil,Octubre,0.3
Onzaga,Trigo en grano,Febrero,0.21
Onzaga,Cebada,Febrero,0.11
Onzaga,Yuca,Marzo,1.34
Onzaga,Cana panelera,Julio,0.5
Onzaga,Perejil,Mayo,0.29
Onzaga,Cana panelera,Mayo,0.5
Onzaga,Maiz Amarillo,Diciembre,0.32
Onzaga,Perejil,Abril,0.27
Onzaga,Cana panelera,Julio,0.5
Onzaga,Perejil,Mayo,0.28
Onzaga,Yuca,Marzo,1.39
Onzaga,Yuca,Marzo,1.35
Onzaga,Yuca,Marzo,1.39
Onzaga,Cana panelera,Junio,0.5
Onzaga,Yuca,Febrero,1.28
Onzaga,Platano,Junio,0.6
Onzaga,Cana panelera,Julio,0.5
Onzaga,Perejil,Mayo,0.26
Onzaga,Arveja verde,Marzo,0.91
Onzaga,Papas,Septiembre,1.42
Onzaga,Papas,Septiembre,1.39
Onzaga,Papas,Septiembre,1.53
Onzaga,Papas,Septiembre,1.56
Onzaga,Papas,Septiembre,1.37
Onzaga,Papas,Septiembre,1.46
Onzaga,Papas,Septiembre,1.42
Onzaga,Papas,Septiembre,1.36
Onzaga,Papas,Septiembre,1.52
Onzaga,Papas,Septiembre,1.45
Onzaga,Papas,Septiembre,1.39
Onzaga,Papas,Septiembre,1.51
Onzaga,Papas,Septiembre,1.49
Onzaga,Papas,Septiembre,1.49
Onzaga,Papas,Septiembre,1.43
Onzaga,Papas,Septiembre,1.42
Onzaga,Papas,Septiembre,1.44
Onzaga,Maiz Amarillo,Mayo,0.32
Onzaga,Perejil,Mayo,0.27
Onzaga,Maiz Amarillo,Mayo,0.32
Onzaga,Perejil,Mayo,0.26
Onzaga,Maiz Amarillo,Mayo,0.33
Onzaga,Perejil,Mayo,0.27
Onzaga,Maiz Amarillo,Diciembre,0.32
Onzaga,Perejil,Octubre,0.27
Onzaga,Cana panelera,Julio,0.5
Onzaga,Perejil,Mayo,0.28
Onzaga,Arveja verde,Septiembre,0.88
Onzaga,Cana panelera,Mayo,0.5
Onzaga,Maiz Amarillo,Diciembre,0.32
Onzaga,Perejil,Abril,0.27
Onzaga,Papas,Agosto,1.55
Onzaga,Papas,Marzo,1.5
Onzaga,Papas,Agosto,1.45
Onzaga,Papas,Marzo,1.42
Onzaga,Cana panelera,Agosto,0.5
Onzaga,Perejil,Mayo,0.26
Onzaga,Yuca,Marzo,1.32
Onzaga,Yuca,Marzo,1.46
Onzaga,Maiz Amarillo,Mayo,0.31
Onzaga,Perejil,Mayo,0.29
Onzaga,Perejil,Mayo,0.28
Onzaga,Cana panelera,Mayo,0.71
Onzaga,Yuca,Febrero,1.33
Onzaga,Yuca,Septiembre,1.32
Onzaga,Yuca,Septiembre,1.28
Onzaga,Yuca,Septiembre,1.33
Onzaga,Yuca,Septiembre,1.43
Onzaga,Yuca,Septiembre,1.27
Onzaga,Yuca,Septiembre,1.27
Onzaga,Yuca,Septiembre,1.31
Onzaga,Yuca,Septiembre,1.37
Onzaga,Yuca,Septiembre,1.43
Onzaga,Yuca,Septiembre,1.36
Onzaga,Yuca,Septiembre,1.49
Onzaga,Yuca,Septiembre,1.3
Onzaga,Yuca,Septiembre,1.34
Onzaga,Yuca,Septiembre,1.37
Onzaga,Yuca,Septiembre,1.38
Onzaga,Yuca,Septiembre,1.23
Onzaga,Yuca,Septiembre,1.18
Onzaga,Yuca,Septiembre,1.33
Onzaga,Yuca,Septiembre,1.4
Onzaga,Yuca,Septiembre,1.41
Onzaga,Yuca,Septiembre,1.45
Onzaga,Cana panelera,Julio,0.5
Onzaga,Perejil,Mayo,0.27
Onzaga,Yuca,Febrero,1.35
Onzaga,Maiz Amarillo,Diciembre,0.34
Onzaga,Cana panelera,Mayo,0.66
Onzaga,Cana panelera,Mayo,0.5
Onzaga,Perejil,Abril,0.28
Onzaga,Yuca,Febrero,1.33
Onzaga,Perejil,Abril,0.25
Onzaga,Cana panelera,Mayo,0.5
Onzaga,Yuca,Febrero,1.36
Onzaga,Maiz Amarillo,Diciembre,0.3
Onzaga,Yuca,Febrero,1.34
Onzaga,Perejil,Abril,0.28
Onzaga,Cana panelera,Julio,0.5
Onzaga,Cana panelera,Mayo,0.63
Onzaga,Yuca,Febrero,1.33
Onzaga,Maiz Amarillo,Diciembre,0.32
Onzaga,Yuca,Febrero,1.33
Onzaga,Perejil,Abril,0.26
Onzaga,Yuca,Marzo,1.37
Onzaga,Perejil,Octubre,0.3
Onzaga,Trigo en grano,Febrero,0.21
Onzaga,Platano,Junio,0.6
Onzaga,Yuca,Marzo,1.48
Onzaga,Yuca,Marzo,1.27
Onzaga,Perejil,Octubre,0.28
Onzaga,Yuca,Marzo,1.24
Onzaga,Perejil,Octubre,0.3
Onzaga,Cana panelera,Julio,0.5
Onzaga,Perejil,Mayo,0.26
Onzaga,Cana panelera,Julio,0.5
Onzaga,Maiz Amarillo,Mayo,0.33
Onzaga,Cana panelera,Julio,0.63
Onzaga,Perejil,Mayo,0.27
Onzaga,Maiz Amarillo,Diciembre,0.31
Onzaga,Perejil,Abril,0.28
Onzaga,Perejil,Abril,0.3
Onzaga,Maiz Amarillo,Diciembre,0.31
Onzaga,Maiz Amarillo,Mayo,0.32
Onzaga,Platano,Julio,0.6
Onzaga,Cana panelera,Julio,0.5
Onzaga,Perejil,Mayo,0.27
Onzaga,Perejil,Mayo,0.28
Onzaga,Cana panelera,Junio,0.71
Onzaga,Arveja verde,Mayo,0.91
Onzaga,Cana panelera,Julio,0.7
Onzaga,Perejil,Mayo,0.26
Onzaga,Maiz Amarillo,Mayo,0.3
Onzaga,Perejil,Mayo,0.28
Onzaga,Yuca,Marzo,1.4
Onzaga,Perejil,Octubre,0.3
Onzaga,Cana panelera,Julio,0.5
Onzaga,Perejil,Mayo,0.31
Onzaga,Perejil,Mayo,0.28
Onzaga,Perejil,Mayo,0.27
Onzaga,Maiz Amarillo,Mayo,0.32
Onzaga,Frijol,Mayo,0.01
Onzaga,Cana panelera,Julio,0.5
Onzaga,Perejil,Mayo,0.29
Onzaga,Perejil,Mayo,0.29
Onzaga,Perejil,Mayo,0.29
Onzaga,Perejil,Mayo,0.27
Onzaga,Perejil,Mayo,0.3
Onzaga,Perejil,Mayo,0.27
Onzaga,Perejil,Mayo,0.27
Onzaga,Perejil,Mayo,0.28
Onzaga,Perejil,Mayo,0.28
Onzaga,Perejil,Mayo,0.3
Onzaga,Perejil,Mayo,0.27
Onzaga,Perejil,Mayo,0.28
Onzaga,Perejil,Mayo,0.29
Onzaga,Perejil,Mayo,0.27
Onzaga,Perejil,Mayo,0.28
Onzaga,Perejil,Mayo,0.25
Onzaga,Perejil,Mayo,0.3
Onzaga,Perejil,Mayo,0.29
Onzaga,Perejil,Mayo,0.26
Onzaga,Perejil,Mayo,0.27
Onzaga,Perejil,Mayo,0.25
Onzaga,Perejil,Mayo,0.28
Onzaga,Maiz Amarillo,Mayo,0.35
Onzaga,Maiz Amarillo,Mayo,0.31
Onzaga,Perejil,Octubre,0.28
Onzaga,Maiz Amarillo,Mayo,0.31
Onzaga,Perejil,Mayo,0.26
Onzaga,Perejil,Mayo,0.29
Onzaga,Cana panelera,Julio,0.5
Onzaga,Perejil,Mayo,0.28
Onzaga,Perejil,Octubre,0.27
Onzaga,Platano,Julio,0.6
Onzaga,Cana panelera,Julio,0.5
Onzaga,Maiz Amarillo,Diciembre,0.31
Onzaga,Papas,Agosto,1.54
Onzaga,Papas,Marzo,1.5
Onzaga,Yuca,Febrero,1.36
Onzaga,Perejil,Abril,0.27
Onzaga,Tomate,Mayo,2.1
Onzaga,Cana panelera,Julio,0.5
Onzaga,Maiz Amarillo,Mayo,0.3
Onzaga,Perejil,Mayo,0.27
Onzaga,Perejil,Mayo,0.31
Onzaga,Cana panelera,Julio,0.5
Onzaga,Cana panelera,Mayo,0.5
Onzaga,Cana panelera,Mayo,0.7
Onzaga,Maiz Amarillo,Mayo,0.3
Onzaga,Perejil,Mayo,0.29
Onzaga,Haba verde,Diciembre,2.22
Onzaga,Maiz Amarillo,Octubre,0.33
Onzaga,Papas,Septiembre,1.36
Onzaga,Papas,Septiembre,1.5
Onzaga,Papas,Septiembre,1.45
Onzaga,Papas,Septiembre,1.44
Onzaga,Papas,Septiembre,1.5
Onzaga,Papas,Septiembre,1.55
Onzaga,Papas,Septiembre,1.53
Onzaga,Papas,Septiembre,1.44
Onzaga,Papas,Septiembre,1.55
Onzaga,Papas,Septiembre,1.42
Onzaga,Papas,Septiembre,1.35
Onzaga,Papas,Septiembre,1.6
Onzaga,Papas,Septiembre,1.49
Onzaga,Papas,Septiembre,1.35
Onzaga,Papas,Septiembre,1.41
Onzaga,Papas,Septiembre,1.63
Onzaga,Papas,Septiembre,1.4
Onzaga,Papas,Septiembre,1.51
Onzaga,Papas,Septiembre,1.34
Onzaga,Papas,Septiembre,1.45
Onzaga,Papas,Septiembre,1.44
Onzaga,Papas,Septiembre,1.41
Onzaga,Papas,Septiembre,1.32
Onzaga,Papas,Septiembre,1.48
Onzaga,Papas,Septiembre,1.52
Onzaga,Papas,Septiembre,1.48
Onzaga,Papas,Septiembre,1.36
Onzaga,Papas,Septiembre,1.5
Onzaga,Papas,Septiembre,1.38
Onzaga,Papas,Septiembre,1.37
Onzaga,Papas,Septiembre,1.34
Onzaga,Papas,Septiembre,1.46
Onzaga,Papas,Septiembre,1.34
Onzaga,Papas,Septiembre,1.52
Onzaga,Papas,Septiembre,1.41
Onzaga,Papas,Septiembre,1.42
Onzaga,Papas,Septiembre,1.55
Onzaga,Papas,Septiembre,1.48
Onzaga,Papas,Septiembre,1.46
Onzaga,Maiz Amarillo,Diciembre,0.34
Onzaga,Perejil,Abril,0.31
Onzaga,Cana panelera,Julio,0.5
Onzaga,Cana panelera,Julio,0.5
Onzaga,Maiz Amarillo,Mayo,0.32
Onzaga,Perejil,Mayo,0.26
Onzaga,Yuca,Marzo,1.31
Onzaga,Yuca,Marzo,1.38
Onzaga,Cana panelera,Mayo,0.5
Onzaga,Cana panelera,Julio,0.5
Onzaga,Cana panelera,Julio,0.73
Onzaga,Platano,Julio,0.6
Onzaga,Maiz Amarillo,Mayo,0.32
Onzaga,Perejil,Octubre,0.29
Onzaga,Maiz Amarillo,Diciembre,0.33
Onzaga,Perejil,Abril,0.27
Onzaga,Cana panelera,Julio,0.5
Onzaga,Cana panelera,Mayo,0.7
Onzaga,Maiz Amarillo,Diciembre,0.33
Onzaga,Perejil,Abril,0.29
Onzaga,Cana panelera,Julio,0.5
Onzaga,Maiz Amarillo,Mayo,0.32
Onzaga,Perejil,Mayo,0.26
Onzaga,Perejil,Mayo,0.27
Onzaga,Perejil,Mayo,0.27
Onzaga,Cana panelera,Julio,0.5
Onzaga,Maiz Amarillo,Diciembre,0.35
Onzaga,Perejil,Abril,0.31
Onzaga,Maiz Amarillo,Mayo,0.34
Onzaga,Yuca,Septiembre,1.37
Onzaga,Perejil,Mayo,0.29
Onzaga,Yuca,Marzo,1.29
Onzaga,Cana panelera,Julio,0.5
Onzaga,Platano,Julio,0.6
Onzaga,Papas,Septiembre,1.31
Onzaga,Papas,Septiembre,1.43
Onzaga,Papas,Septiembre,1.5
Onzaga,Maiz Amarillo,Mayo,0.33
Onzaga,Perejil,Mayo,0.27
Onzaga,Maiz Amarillo,Diciembre,0.32
Onzaga,Perejil,Abril,0.31
Onzaga,Yuca,Febrero,1.46
Onzaga,Papas,Septiembre,1.38
Onzaga,Cana panelera,Julio,0.5
Onzaga,Yuca,Marzo,1.27
Onzaga,Perejil,Octubre,0.27
Onzaga,Maiz Amarillo,Octubre,0.35
Onzaga,Maiz Amarillo,Octubre,0.34
Onzaga,Yuca,Febrero,1.36
Onzaga,Maiz Amarillo,Diciembre,0.31
Onzaga,Maiz Amarillo,Mayo,0.3
Onzaga,Perejil,Octubre,0.29
Onzaga,Yuca,Marzo,1.27
Onzaga,Maiz Amarillo,Diciembre,0.32
Onzaga,Yuca,Febrero,1.53
Onzaga,Platano,Junio,0.6
Onzaga,Yuca,Febrero,1.33
Onzaga,Yuca,Febrero,1.29
Onzaga,Maiz Amarillo,Mayo,0.3
Onzaga,Perejil,Mayo,0.25
Onzaga,Maiz Amarillo,Diciembre,0.33
Onzaga,Yuca,Febrero,1.25
Onzaga,Perejil,Abril,0.29
Onzaga,Perejil,Mayo,0.29
Onzaga,Maiz Amarillo,Mayo,0.33
Onzaga,Maiz Amarillo,Mayo,0.31
Onzaga,Perejil,Octubre,0.28
Onzaga,Maiz Amarillo,Diciembre,0.32
Onzaga,Maiz Amarillo,Diciembre,0.32
Onzaga,Yuca,Febrero,1.29
Onzaga,Perejil,Abril,0.27
Onzaga,Maiz Amarillo,Diciembre,0.32
Onzaga,Maiz Amarillo,Diciembre,0.33
Onzaga,Yuca,Febrero,1.32
Onzaga,Perejil,Abril,0.29
Onzaga,Maiz Amarillo,Diciembre,0.32
Onzaga,Maiz Amarillo,Diciembre,0.31
Onzaga,Cana panelera,Mayo,0.5
Onzaga,Perejil,Abril,0.28
Onzaga,Maiz Amarillo,Diciembre,0.3
Onzaga,Maiz Amarillo,Diciembre,0.3
Onzaga,Cana panelera,Mayo,0.5
Onzaga,Perejil,Abril,0.29
Onzaga,Cana panelera,Julio,0.5
Onzaga,Platano,Julio,0.6
Onzaga,Cana panelera,Agosto,0.5
Onzaga,Yuca,Septiembre,1.37
Onzaga,Yuca,Marzo,1.36
Onzaga,Platano,Julio,0.6
Onzaga,Maiz Amarillo,Noviembre,0.3
Onzaga,Maiz Amarillo,Noviembre,0.34
Onzaga,Platano,Julio,0.6
Onzaga,Cana panelera,Julio,0.5
Onzaga,Maiz Amarillo,Mayo,0.33
Onzaga,Yuca,Marzo,1.28
Onzaga,Cana panelera,Agosto,0.5
Onzaga,Cana panelera,Agosto,0.63
Onzaga,Cana panelera,Julio,0.5
Onzaga,Papas,Septiembre,1.36
Onzaga,Papas,Septiembre,1.4
Onzaga,Papas,Septiembre,1.46
Onzaga,Papas,Septiembre,1.56
Onzaga,Papas,Septiembre,1.38
Onzaga,Papas,Septiembre,1.38
Onzaga,Cana panelera,Julio,0.5
Onzaga,Perejil,Mayo,0.28
Onzaga,Yuca,Marzo,1.38
Onzaga,Yuca,Marzo,1.37
Onzaga,Cana panelera,Julio,0.5
Onzaga,Yuca,Marzo,1.34
Onzaga,Papas,Septiembre,1.42
Onzaga,Papas,Septiembre,1.53
Onzaga,Papas,Septiembre,1.47
Onzaga,Cana panelera,Julio,0.69
Onzaga,Cana panelera,Julio,0.5
Onzaga,Perejil,Mayo,0.28
Onzaga,Papas,Septiembre,1.45
Onzaga,Papas,Septiembre,1.58
Onzaga,Papas,Septiembre,1.52
Onzaga,Papas,Septiembre,1.36
Onzaga,Cana panelera,Julio,0.68
Onzaga,Yuca,Marzo,1.4
Onzaga,Maiz Amarillo,Mayo,0.35
Onzaga,Platano,Julio,0.6
Onzaga,Perejil,Octubre,0.27
Onzaga,Cana panelera,Julio,0.63
Onzaga,Perejil,Mayo,0.29
Onzaga,Yuca,Marzo,1.29
Onzaga,Cana panelera,Junio,0.5
Onzaga,Maiz Amarillo,Mayo,0.31
Onzaga,Perejil,Octubre,0.29
Onzaga,Mora Andina,Septiembre,0.2
Onzaga,Cana panelera,Mayo,0.5
Onzaga,Frijol,Junio,1.97
Onzaga,Maiz Amarillo,Diciembre,0.3
Onzaga,Maiz Amarillo,Diciembre,0.3
Onzaga,Maiz Amarillo,Mayo,0.34
Onzaga,Maiz Amarillo,Mayo,0.33
Onzaga,Perejil,Octubre,0.27
Onzaga,Perejil,Octubre,0.26
Onzaga,Perejil,Mayo,0.26
Onzaga,Cebolla cabezona,Mayo,1.35
Onzaga,Cebolla cabezona,Mayo,1.35
Onzaga,Cana panelera,Julio,0.5
Onzaga,Cana panelera,Julio,0.5
Onzaga,Maiz Amarillo,Mayo,0.31
Onzaga,Perejil,Mayo,0.29
Onzaga,Yuca,Febrero,1.43
Onzaga,Cana panelera,Julio,0.5
Onzaga,Platano,Julio,0.6
Onzaga,Cana panelera,Julio,0.5
Onzaga,Maiz Amarillo,Mayo,0.31
Onzaga,Yuca,Marzo,1.33
Onzaga,Perejil,Mayo,0.27
Onzaga,Maiz Amarillo,Diciembre,0.33
Onzaga,Papas,Septiembre,1.48
Onzaga,Papas,Septiembre,1.41
Onzaga,Papas,Septiembre,1.43
Onzaga,Cana panelera,Julio,0.5
Onzaga,Cana panelera,Julio,0.5
Onzaga,Yuca,Marzo,1.33
Onzaga,Yuca,Marzo,1.28
Onzaga,Perejil,Octubre,0.29
Onzaga,Papas,Septiembre,1.42
Onzaga,Papas,Septiembre,1.43
Onzaga,Yuca,Septiembre,1.26
Onzaga,Cana panelera,Julio,0.5
Onzaga,Cana panelera,Mayo,0.5
Onzaga,Perejil,Octubre,0.3
Onzaga,Cana panelera,Julio,0.65
Onzaga,Papas,Septiembre,1.49
Onzaga,Papas,Septiembre,1.35
Onzaga,Papas,Septiembre,1.57
Onzaga,Papas,Septiembre,1.55
Onzaga,Papas,Septiembre,1.48
Onzaga,Papas,Septiembre,1.31
Onzaga,Papas,Septiembre,1.51
Onzaga,Papas,Septiembre,1.57
Onzaga,Papas,Septiembre,1.46
Onzaga,Papas,Septiembre,1.5
Onzaga,Papas,Septiembre,1.48
Onzaga,Papas,Septiembre,1.49
Onzaga,Cana panelera,Julio,0.5
Onzaga,Maiz Amarillo,Mayo,0.31
Onzaga,Trigo en grano,Febrero,0.21
Onzaga,Perejil,Mayo,0.29
Onzaga,Perejil,Octubre,0.29
Onzaga,Yuca,Febrero,1.26
Onzaga,Platano,Junio,0.6
Onzaga,Cana panelera,Agosto,0.5
Onzaga,Maiz Amarillo,Diciembre,0.33
Onzaga,Maiz Amarillo,Diciembre,0.3
Onzaga,Perejil,Octubre,0.3
Onzaga,Perejil,Octubre,0.28
Onzaga,Perejil,Mayo,0.28
Onzaga,Maiz Amarillo,Mayo,0.31
Onzaga,Frijol,Mayo,0.01
Onzaga,Yuca,Marzo,1.24
Onzaga,Maiz Amarillo,Mayo,0.3
Onzaga,Maiz Amarillo,Mayo,0.3
Onzaga,Perejil,Mayo,0.29
Onzaga,Yuca,Marzo,1.25
Onzaga,Platano,Julio,0.6
Onzaga,Platano,Junio,0.6
Onzaga,Maiz Amarillo,Diciembre,0.32
Onzaga,Perejil,Abril,0.29
Onzaga,Perejil,Abril,0.25
Onzaga,Cana panelera,Julio,0.69
Onzaga,Cana panelera,Julio,0.5
Onzaga,Frijol,Mayo,0.01
Onzaga,Cana panelera,Mayo,0.5
Onzaga,Cana panelera,Mayo,0.5
Onzaga,Yuca,Febrero,1.32
Onzaga,Maiz Amarillo,Mayo,0.32
Onzaga,Maiz Amarillo,Mayo,0.32
Onzaga,Perejil,Mayo,0.26
Onzaga,Papas,Septiembre,1.31
Onzaga,Cana panelera,Julio,0.5
Onzaga,Perejil,Mayo,0.27
Onzaga,Cana panelera,Mayo,0.5
Onzaga,Yuca,Febrero,1.33
Onzaga,Maiz Amarillo,Diciembre,0.31
Onzaga,Perejil,Abril,0.29
Onzaga,Perejil,Abril,0.31
Onzaga,Cana panelera,Mayo,0.5
Onzaga,Perejil,Abril,0.27
Onzaga,Cana panelera,Agosto,0.5
Onzaga,Maiz Amarillo,Mayo,0.3
Onzaga,Yuca,Febrero,1.41
Onzaga,Maiz Amarillo,Diciembre,0.34
Onzaga,Cana panelera,Mayo,0.64
Onzaga,Maiz Amarillo,Diciembre,0.31
Onzaga,Perejil,Abril,0.3
Onzaga,Yuca,Febrero,1.33
Onzaga,Maiz Amarillo,Diciembre,0.33
Onzaga,Cana panelera,Mayo,0.5
Onzaga,Maiz Amarillo,Diciembre,0.33
Onzaga,Perejil,Abril,0.26
Onzaga,Cana panelera,Julio,0.5
Onzaga,Yuca,Marzo,1.23
Onzaga,Perejil,Mayo,0.33
Onzaga,Yuca,Marzo,1.25
Onzaga,Maiz Amarillo,Diciembre,0.29
Onzaga,Perejil,Abril,0.28
Onzaga,Maiz Amarillo,Mayo,0.34
Onzaga,Maiz Amarillo,Mayo,0.31
Onzaga,Perejil,Octubre,0.29
Onzaga,Maiz Amarillo,Mayo,0.33
Onzaga,Frijol,Mayo,0.01
Onzaga,Maiz Amarillo,Diciembre,0.32
Onzaga,Perejil,Abril,0.28
Onzaga,Maiz Amarillo,Diciembre,0.31
Onzaga,Perejil,Mayo,0.28
Onzaga,Papas,Septiembre,1.4
Onzaga,Maiz Amarillo,Mayo,0.34
Onzaga,Cana panelera,Julio,0.68
Onzaga,Perejil,Mayo,0.27
Onzaga,Cana panelera,Julio,0.5
Onzaga,Maiz Amarillo,Mayo,0.32
Onzaga,Cana panelera,Julio,0.5
Onzaga,Yuca,Febrero,1.3
Onzaga,Maiz Amarillo,Mayo,0.33
Onzaga,Perejil,Mayo,0.3
Onzaga,Papas,Septiembre,1.45
Onzaga,Papas,Septiembre,1.49
Onzaga,Papas,Septiembre,1.35
Onzaga,Papas,Septiembre,1.5
Onzaga,Papas,Septiembre,1.38
Onzaga,Papas,Septiembre,1.48
Onzaga,Papas,Septiembre,1.46
Onzaga,Papas,Septiembre,1.53
Onzaga,Papas,Septiembre,1.52
Onzaga,Papas,Septiembre,1.47
Onzaga,Papas,Septiembre,1.37
Onzaga,Papas,Septiembre,1.61
Onzaga,Papas,Septiembre,1.49
Onzaga,Papas,Septiembre,1.52
Onzaga,Papas,Septiembre,1.39
Onzaga,Papas,Septiembre,1.46
Onzaga,Papas,Septiembre,1.32
Onzaga,Papas,Septiembre,1.44
Onzaga,Papas,Septiembre,1.45
Onzaga,Papas,Septiembre,1.38
Onzaga,Cana panelera,Julio,0.5
Onzaga,Cana panelera,Julio,0.67
Onzaga,Perejil,Mayo,0.29
Onzaga,Maiz Amarillo,Diciembre,0.32
Onzaga,Maiz Amarillo,Diciembre,0.32
Onzaga,Perejil,Abril,0.27
Onzaga,Cana panelera,Mayo,0.5
Onzaga,Maiz Amarillo,Diciembre,0.29
Onzaga,Perejil,Abril,0.27
Onzaga,Cana panelera,Julio,0.62
Onzaga,Perejil,Mayo,0.29
Onzaga,Arveja verde,Septiembre,0.88
Onzaga,Maiz Amarillo,Diciembre,0.35
Onzaga,Maiz Amarillo,Diciembre,0.32
Onzaga,Cana panelera,Mayo,0.5
Onzaga,Papas,Septiembre,1.49
Onzaga,Perejil,Octubre,0.28
Onzaga,Maiz Amarillo,Noviembre,0.3
Onzaga,Frijol,Abril,2.05
Onzaga,Frijol,Mayo,2.1
Onzaga,Maiz Blanco,Noviembre,0.34
Onzaga,Maiz Amarillo,Noviembre,0.32
Onzaga,Maiz Blanco,Noviembre,0.36
Onzaga,Maiz Amarillo,Diciembre,0.3
Onzaga,Maiz Amarillo,Diciembre,0.36
Onzaga,Perejil,Abril,0.28
Onzaga,Maiz Amarillo,Diciembre,0.34
Onzaga,Perejil,Abril,0.29
Onzaga,Perejil,Mayo,0.28
Onzaga,Perejil,Octubre,0.26
Onzaga,Cana panelera,Mayo,0.5
Onzaga,Platano,Junio,0.6
Onzaga,Perejil,Octubre,0.31
Onzaga,Maiz Amarillo,Mayo,0.32
Onzaga,Frijol,Mayo,0.01
Onzaga,Perejil,Octubre,0.27
Onzaga,Maiz Amarillo,Mayo,0.34
Onzaga,Perejil,Octubre,0.26
Onzaga,Perejil,Octubre,0.28
Onzaga,Maiz Amarillo,Mayo,0.3
Onzaga,Perejil,Mayo,0.29
Onzaga,Perejil,Mayo,0.27
Onzaga,Perejil,Octubre,0.28
Onzaga,Yuca,Septiembre,1.39
Onzaga,Platano,Julio,0.6
Onzaga,Perejil,Mayo,0.29
Onzaga,Perejil,Mayo,0.28
Onzaga,Perejil,Mayo,0.27
Onzaga,Perejil,Mayo,0.28
Onzaga,Yuca,Marzo,1.29
Onzaga,Maiz Blanco,Diciembre,0.37
Onzaga,Maiz Amarillo,Diciembre,0.3
Onzaga,Perejil,Octubre,0.3
Onzaga,Maiz Amarillo,Mayo,0.32
Onzaga,Frijol,Mayo,0.01
Onzaga,Perejil,Mayo,0.28
Onzaga,Arveja verde,Mayo,0.91
Onzaga,Maiz Amarillo,Diciembre,0.33
Onzaga,Perejil,Octubre,0.29
Onzaga,Perejil,Octubre,0.26
Onzaga,Platano,Junio,0.6
Onzaga,Maiz Amarillo,Diciembre,0.36
Onzaga,Cana panelera,Mayo,0.5
Onzaga,Soja (Soya),Septiembre,0.03
Onzaga,Perejil,Abril,0.27
Onzaga,Yuca,Febrero,1.31
Onzaga,Yuca,Febrero,1.31
Onzaga,Yuca,Febrero,1.37
Onzaga,Cana panelera,Junio,0.5
Onzaga,Soja (Soya),Septiembre,0.03
Onzaga,Maiz Amarillo,Diciembre,0.32
Onzaga,Yuca,Febrero,1.3
Onzaga,Soja (Soya),Septiembre,0.03
Onzaga,Frijol,Mayo,0.01
Onzaga,Maiz Amarillo,Mayo,0.31
Onzaga,Perejil,Mayo,0.25
Onzaga,Maiz Amarillo,Diciembre,0.33
Onzaga,Maiz Amarillo,Diciembre,0.33
Onzaga,Perejil,Octubre,0.28
Onzaga,Perejil,Octubre,0.27
Onzaga,Maiz Amarillo,Mayo,0.33
Onzaga,Perejil,Octubre,0.27
Onzaga,Maiz Amarillo,Diciembre,0.34
Onzaga,Soja (Soya),Septiembre,0.03
Onzaga,Perejil,Abril,0.3
Onzaga,Yuca,Marzo,1.32
Onzaga,Cana panelera,Mayo,0.68
Onzaga,Maiz Amarillo,Diciembre,0.34
Onzaga,Soja (Soya),Septiembre,0.03
Onzaga,Perejil,Abril,0.27
Onzaga,Maiz Amarillo,Noviembre,0.31
Onzaga,Maiz Amarillo,Noviembre,0.34
Onzaga,Yuca,Marzo,1.4
Onzaga,Cana panelera,Junio,0.5
Onzaga,Perejil,Mayo,0.29
Onzaga,Maiz Amarillo,Mayo,0.32
Onzaga,Frijol,Mayo,0.01
Onzaga,Perejil,Octubre,0.28
Onzaga,Cana panelera,Junio,0.5
Onzaga,Arveja verde,Mayo,0.91
Onzaga,Maiz Amarillo,Mayo,0.3
Onzaga,Yuca,Marzo,1.23
Onzaga,Perejil,Octubre,0.3
Onzaga,Cana panelera,Junio,0.5
Onzaga,Maiz Amarillo,Mayo,0.31
Onzaga,Papas,Septiembre,1.47
Onzaga,Papas,Septiembre,1.37
Onzaga,Papas,Septiembre,1.61
Onzaga,Cana panelera,Mayo,0.5
Onzaga,Maiz Amarillo,Diciembre,0.34
Onzaga,Soja (Soya),Septiembre,0.03
Onzaga,Perejil,Abril,0.28
Onzaga,Perejil,Abril,0.3
Onzaga,Maiz Amarillo,Diciembre,0.32
Onzaga,Soja (Soya),Septiembre,0.03
Onzaga,Perejil,Abril,0.29
Onzaga,Yuca,Febrero,1.44
Onzaga,Platano,Junio,0.6
Onzaga,Maiz Amarillo,Diciembre,0.32
Onzaga,Soja (Soya),Septiembre,0.03
Onzaga,Perejil,Octubre,0.28
Onzaga,Maiz Amarillo,Mayo,0.33
Onzaga,Perejil,Mayo,0.25
Onzaga,Perejil,Mayo,0.28
Onzaga,Perejil,Octubre,0.29
Onzaga,Maiz Amarillo,Mayo,0.31
Onzaga,Perejil,Octubre,0.26
Onzaga,Soja (Soya),Septiembre,0.03
Onzaga,Cana panelera,Agosto,0.5
Onzaga,Trigo en grano,Febrero,0.21
Onzaga,Trigo en grano,Febrero,0.21
Onzaga,Maiz Amarillo,Diciembre,0.31
Onzaga,Perejil,Octubre,0.26
Onzaga,Perejil,Octubre,0.29
Onzaga,Perejil,Octubre,0.29
Onzaga,Maiz Amarillo,Mayo,0.32
Onzaga,Perejil,Mayo,0.28
Onzaga,Perejil,Octubre,0.27
Onzaga,Platano,Junio,0.6
Onzaga,Perejil,Octubre,0.27
Onzaga,Maiz Amarillo,Mayo,0.33
Onzaga,Perejil,Octubre,0.32
Onzaga,Cana panelera,Mayo,0.5
Onzaga,Maiz Amarillo,Diciembre,0.3
Onzaga,Perejil,Octubre,0.3
Onzaga,Maiz Amarillo,Mayo,0.32
Onzaga,Maiz Amarillo,Mayo,0.33
Onzaga,Perejil,Octubre,0.27
Onzaga,Perejil,Octubre,0.29
Onzaga,Maiz Amarillo,Mayo,0.29
Onzaga,Perejil,Mayo,0.27
Onzaga,Maiz Amarillo,Mayo,0.32
Onzaga,Maiz Amarillo,Mayo,0.28
Onzaga,Perejil,Mayo,0.28
Onzaga,Perejil,Mayo,0.27
Onzaga,Papas,Septiembre,1.49
Onzaga,Papas,Septiembre,1.28
Onzaga,Papas,Septiembre,1.37
Onzaga,Papas,Septiembre,1.42
Onzaga,Papas,Septiembre,1.42
Onzaga,Papas,Septiembre,1.51
Onzaga,Papas,Septiembre,1.42
Onzaga,Papas,Septiembre,1.47
Onzaga,Papas,Septiembre,1.53
Onzaga,Papas,Septiembre,1.41
Onzaga,Papas,Septiembre,1.31
Onzaga,Papas,Septiembre,1.39
Onzaga,Papas,Septiembre,1.44
Onzaga,Papas,Septiembre,1.42
Onzaga,Papas,Septiembre,1.37
Onzaga,Papas,Septiembre,1.33
Onzaga,Papas,Septiembre,1.56
Onzaga,Papas,Septiembre,1.37
Onzaga,Papas,Septiembre,1.41
Onzaga,Papas,Septiembre,1.51
Onzaga,Papas,Septiembre,1.49
Onzaga,Papas,Septiembre,1.42
Onzaga,Papas,Septiembre,1.44
Onzaga,Papas,Septiembre,1.54
Onzaga,Papas,Septiembre,1.41
Onzaga,Papas,Septiembre,1.32
Onzaga,Papas,Septiembre,1.37
Onzaga,Papas,Septiembre,1.34
Onzaga,Papas,Septiembre,1.48
Onzaga,Papas,Septiembre,1.27
Onzaga,Papas,Septiembre,1.31
Onzaga,Papas,Septiembre,1.47
Onzaga,Papas,Septiembre,1.52
Onzaga,Papas,Septiembre,1.43
Onzaga,Papas,Septiembre,1.45
Onzaga,Papas,Septiembre,1.5
Onzaga,Papas,Septiembre,1.39
Onzaga,Papas,Septiembre,1.42
Onzaga,Papas,Septiembre,1.46
Onzaga,Maiz Amarillo,Mayo,0.32
Onzaga,Maiz Amarillo,Mayo,0.33
Onzaga,Frijol,Junio,1.98
Onzaga,Maiz Amarillo,Mayo,0.34
Onzaga,Maiz Amarillo,Mayo,0.32
Onzaga,Frijol,Junio,2.15
Onzaga,Maiz Amarillo,Mayo,0.33
Onzaga,Maiz Amarillo,Mayo,0.33
Onzaga,Maiz Amarillo,Diciembre,0.32
Onzaga,Soja (Soya),Septiembre,0.03
Onzaga,Perejil,Abril,0.27
Onzaga,Platano,Junio,0.6
Onzaga,Perejil,Octubre,0.27
Onzaga,Cana panelera,Julio,0.5
Onzaga,Perejil,Octubre,0.28
Onzaga,Yuca,Marzo,1.27
Onzaga,Maiz Amarillo,Mayo,0.32
Onzaga,Perejil,Mayo,0.26
Onzaga,Cana panelera,Julio,0.72
Onzaga,Maiz Blanco,Diciembre,0.34
Onzaga,Arveja verde,Septiembre,0.93
Onzaga,Soja (Soya),Septiembre,0.03
Onzaga,Maiz Blanco,Diciembre,0.33
Onzaga,Arveja verde,Septiembre,0.87
Onzaga,Soja (Soya),Septiembre,0.03
Onzaga,Maiz Amarillo,Diciembre,0.32
Onzaga,Soja (Soya),Septiembre,0.03
Onzaga,Perejil,Abril,0.28
Onzaga,Perejil,Abril,0.27
Onzaga,Maiz Amarillo,Diciembre,0.32
Onzaga,Papas,Marzo,1.48
Onzaga,Papas,Agosto,1.55
Onzaga,Papas,Marzo,1.45
Onzaga,Papas,Agosto,1.33
Onzaga,Papas,Marzo,1.5
Onzaga,Papas,Agosto,1.44
Onzaga,Papas,Marzo,1.51
Onzaga,Papas,Agosto,1.41
Onzaga,Soja (Soya),Septiembre,0.03
Onzaga,Soja (Soya),Septiembre,0.03
Onzaga,Perejil,Abril,0.25
Onzaga,Perejil,Abril,0.27
Onzaga,Perejil,Abril,0.28
Onzaga,Cana panelera,Julio,0.5
Onzaga,Arveja verde,Mayo,0.91
Onzaga,Cana panelera,Julio,0.5
Onzaga,Perejil,Octubre,0.29
Onzaga,Arveja verde,Mayo,0.91
Onzaga,Maiz Amarillo,Diciembre,0.32
Onzaga,Perejil,Octubre,0.28
Onzaga,Perejil,Octubre,0.3
Onzaga,Cana panelera,Julio,0.5
Onzaga,Yuca,Marzo,1.26
Onzaga,Perejil,Mayo,0.28
Onzaga,Yuca,Marzo,1.24
Onzaga,Maiz Amarillo,Mayo,0.34
Onzaga,Perejil,Octubre,0.29
Onzaga,Maiz Amarillo,Diciembre,0.31
Onzaga,Yuca,Marzo,1.33
Onzaga,Arveja verde,Mayo,0.91
Onzaga,Papas,Septiembre,1.51
Onzaga,Perejil,Octubre,0.27
Onzaga,Platano,Julio,0.6
Onzaga,Cana panelera,Julio,0.5
Onzaga,Maiz Blanco,Diciembre,0.33
Onzaga,Maiz Amarillo,Diciembre,0.33
Onzaga,Perejil,Abril,0.25
Onzaga,Maiz Amarillo,Mayo,0.32
Onzaga,Perejil,Mayo,0.26
Onzaga,Yuca,Marzo,1.28
Onzaga,Perejil,Mayo,0.29
Onzaga,Cana panelera,Julio,0.5
Onzaga,Perejil,Mayo,0.28
Onzaga,Perejil,Mayo,0.28
Onzaga,Perejil,Mayo,0.27
Onzaga,Maiz Amarillo,Diciembre,0.34
Onzaga,Arveja verde,Septiembre,0.9
Onzaga,Arveja verde,Septiembre,0.88
Onzaga,Ahuyama,Septiembre,2.13
Onzaga,Cebolla cabezona,Septiembre,1.23
Onzaga,Perejil,Octubre,0.26
Onzaga,Papas,Septiembre,1.52
Onzaga,Papas,Septiembre,1.37
Onzaga,Cana panelera,Julio,0.5
Onzaga,Cana panelera,Julio,0.66
Onzaga,Perejil,Mayo,0.29
Onzaga,Perejil,Mayo,0.28
Onzaga,Platano,Julio,0.6
Onzaga,Perejil,Mayo,0.27
Onzaga,Yuca,Febrero,1.26
Onzaga,Maiz Amarillo,Diciembre,0.31
Onzaga,Perejil,Octubre,0.29
Onzaga,Yuca,Febrero,1.38
Onzaga,Maiz Amarillo,Diciembre,0.35
Onzaga,Perejil,Abril,0.29
Onzaga,Cana panelera,Julio,0.5
Onzaga,Cana panelera,Julio,0.5
Onzaga,Maiz Amarillo,Diciembre,0.3
Onzaga,Yuca,Febrero,1.2
Onzaga,Perejil,Abril,0.3
Onzaga,Yuca,Febrero,1.33
Onzaga,Cana panelera,Mayo,0.5
Onzaga,Maiz Amarillo,Noviembre,0.31
Onzaga,Maiz Amarillo,Noviembre,0.33
Onzaga,Ahuyama,Septiembre,2.28
Onzaga,Perejil,Abril,0.27
Onzaga,Cebolla larga,Septiembre,1.43
Onzaga,Maiz Amarillo,Diciembre,0.32
Onzaga,Cana panelera,Junio,0.5
Onzaga,Perejil,Octubre,0.28
Onzaga,Maiz Amarillo,Mayo,0.28
Onzaga,Maiz Amarillo,Mayo,0.33
Onzaga,Perejil,Mayo,0.29
Onzaga,Perejil,Octubre,0.28
Onzaga,Yuca,Febrero,1.38
Onzaga,Yuca,Febrero,1.27
Onzaga,Yuca,Febrero,1.27
Onzaga,Yuca,Febrero,1.45
Onzaga,Yuca,Febrero,1.49
Onzaga,Yuca,Febrero,1.41
Onzaga,Maiz Amarillo,Mayo,0.32
Onzaga,Perejil,Mayo,0.24
Onzaga,Perejil,Mayo,0.28
Onzaga,Perejil,Mayo,0.28
Onzaga,Perejil,Mayo,0.28
Onzaga,Perejil,Mayo,0.28
Onzaga,Perejil,Mayo,0.3
Onzaga,Platano,Junio,0.6
Onzaga,Yuca,Septiembre,1.3
Onzaga,Maiz Amarillo,Mayo,0.3
Onzaga,Perejil,Mayo,0.28
Onzaga,Cana panelera,Julio,0.5
Onzaga,Trigo en grano,Febrero,0.21
Onzaga,Maiz Amarillo,Mayo,0.31
Onzaga,Perejil,Mayo,0.29
Onzaga,Perejil,Mayo,0.31
Onzaga,Yuca,Marzo,1.34
Onzaga,Arveja verde,Septiembre,0.94
Onzaga,Yuca,Marzo,1.36
Onzaga,Arveja verde,Septiembre,1.0
Onzaga,Perejil,Octubre,0.28
Onzaga,Platano,Junio,0.6
Onzaga,Perejil,Octubre,0.28
Onzaga,Cana panelera,Junio,0.5
Onzaga,Perejil,Octubre,0.29
Onzaga,Cana panelera,Julio,0.5
Onzaga,Arveja verde,Mayo,0.91
Onzaga,Tomate,Mayo,2.1
Onzaga,Perejil,Mayo,0.31
Onzaga,Maiz Amarillo,Mayo,0.31
Onzaga,Frijol,Mayo,0.01
Onzaga,Cana panelera,Junio,0.67
Onzaga,Cana panelera,Junio,0.5
Onzaga,Yuca,Febrero,1.37
Onzaga,Cana panelera,Junio,0.5
Onzaga,Trigo en grano,Febrero,0.21
Onzaga,Trigo en grano,Febrero,0.21
Onzaga,Maiz Blanco,Mayo,0.38
Onzaga,Cana panelera,Julio,0.5
Onzaga,Mora Andina,Septiembre,0.2
Onzaga,Platano,Julio,0.6
Onzaga,Arveja verde,Mayo,0.91
Onzaga,Perejil,Mayo,0.27
Onzaga,Yuca,Marzo,1.28
Onzaga,Yuca,Marzo,1.36
Onzaga,Yuca,Marzo,1.36
Onzaga,Arveja verde,Mayo,0.91
Onzaga,Perejil,Mayo,0.26
Onzaga,Maiz Amarillo,Mayo,0.28
Onzaga,Frijol,Mayo,0.01
Onzaga,Arveja verde,Mayo,0.91
Onzaga,Perejil,Mayo,0.26
Onzaga,Cana panelera,Julio,0.5
Onzaga,Maiz Amarillo,Mayo,0.34
Onzaga,Platano,Julio,0.6
Onzaga,Perejil,Mayo,0.29
Onzaga,Perejil,Mayo,0.29
Onzaga,Cana panelera,Julio,0.5
Onzaga,Cana panelera,Junio,0.72
Onzaga,Cana panelera,Junio,0.5
Onzaga,Cana panelera,Junio,0.5
Onzaga,Maiz Amarillo,Mayo,0.36
Onzaga,Yuca,Marzo,1.28
Onzaga,Perejil,Mayo,0.29
Onzaga,Cana panelera,Julio,0.5
Onzaga,Maiz Amarillo,Mayo,0.33
Onzaga,Frijol,Mayo,0.01
Onzaga,Cana panelera,Julio,0.5
Onzaga,Perejil,Mayo,0.28
Onzaga,Cana panelera,Julio,0.65
Onzaga,Perejil,Mayo,0.27
Onzaga,Perejil,Octubre,0.26
Onzaga,Cana panelera,Agosto,0.5
Onzaga,Maiz Amarillo,Diciembre,0.31
Onzaga,Maiz Amarillo,Diciembre,0.33
Onzaga,Perejil,Octubre,0.27
Onzaga,Perejil,Octubre,0.3
Onzaga,Perejil,Octubre,0.28
Onzaga,Maiz Amarillo,Diciembre,0.34
Onzaga,Cana panelera,Junio,0.5
Onzaga,Perejil,Octubre,0.3
Onzaga,Cana panelera,Julio,0.5
Onzaga,Maiz Amarillo,Diciembre,0.34
Onzaga,Cana panelera,Mayo,0.5
Onzaga,Perejil,Octubre,0.31
Onzaga,Cana panelera,Junio,0.5
Onzaga,Perejil,Octubre,0.29
Onzaga,Perejil,Mayo,0.27
Onzaga,Platano,Julio,0.6
Onzaga,Platano,Julio,0.6
Onzaga,Perejil,Mayo,0.29
Onzaga,Perejil,Mayo,0.26
Onzaga,Perejil,Mayo,0.26
Onzaga,Cana panelera,Junio,0.69
Onzaga,Yuca,Marzo,1.33
Onzaga,Platano,Junio,0.6
Onzaga,Perejil,Octubre,0.29
Onzaga,Perejil,Octubre,0.26
Onzaga,Cana panelera,Agosto,0.5
Onzaga,Maiz Amarillo,Diciembre,0.32
Onzaga,Cana panelera,Agosto,0.63
Onzaga,Cana panelera,Agosto,0.5
Onzaga,Yuca,Septiembre,1.19
Onzaga,Yuca,Septiembre,1.26
Onzaga,Maiz Amarillo,Diciembre,0.32
Onzaga,Arveja verde,Septiembre,0.9
Onzaga,Perejil,Octubre,0.27
Onzaga,Cana panelera,Junio,0.63
Onzaga,Maiz Amarillo,Diciembre,0.28
Onzaga,Cana panelera,Agosto,0.5
Onzaga,Perejil,Mayo,0.29
Onzaga,Yuca,Marzo,1.32
Onzaga,Yuca,Marzo,1.41
Onzaga,Yuca,Marzo,1.24
Onzaga,Cana panelera,Julio,0.69
Onzaga,Maiz Amarillo,Diciembre,0.33
Onzaga,Perejil,Octubre,0.28
Onzaga,Perejil,Mayo,0.27
Onzaga,Maiz Amarillo,Diciembre,0.33
Onzaga,Maiz Amarillo,Diciembre,0.33
Onzaga,Perejil,Octubre,0.29
Onzaga,Perejil,Octubre,0.26
Onzaga,Cana panelera,Julio,0.5
Onzaga,Yuca,Marzo,1.46
Onzaga,Maiz Amarillo,Diciembre,0.29
Onzaga,Perejil,Octubre,0.26
Onzaga,Perejil,Octubre,0.26
Onzaga,Cana panelera,Julio,0.5
Onzaga,Perejil,Mayo,0.28
Onzaga,Maiz Amarillo,Diciembre,0.32
Onzaga,Cana panelera,Junio,0.63
Onzaga,Yuca,Marzo,1.4
Onzaga,Perejil,Octubre,0.28
Onzaga,Perejil,Octubre,0.25
Onzaga,Perejil,Octubre,0.28
Onzaga,Perejil,Octubre,0.29
Onzaga,Maiz Amarillo,Diciembre,0.32
Onzaga,Perejil,Octubre,0.26
Onzaga,Maiz Amarillo,Diciembre,0.33
Onzaga,Cana panelera,Junio,0.69
Onzaga,Cana panelera,Junio,0.5
Onzaga,Yuca,Marzo,1.31
Onzaga,Perejil,Octubre,0.28
Onzaga,Mora Andina,Octubre,0.2
Onzaga,Yuca,Marzo,1.41
Onzaga,Cana panelera,Julio,0.72
Onzaga,Perejil,Mayo,0.27
Onzaga,Maiz Amarillo,Diciembre,0.33
Onzaga,Cana panelera,Junio,0.7
Onzaga,Yuca,Marzo,1.28
Onzaga,Perejil,Octubre,0.3
Onzaga,Perejil,Octubre,0.29
Onzaga,Perejil,Octubre,0.28
Onzaga,Cana panelera,Julio,0.5
Onzaga,Perejil,Mayo,0.29
Onzaga,Yuca,Marzo,1.45
Onzaga,Yuca,Marzo,1.21
Onzaga,Maiz Amarillo,Diciembre,0.33
Onzaga,Perejil,Octubre,0.28
Onzaga,Perejil,Octubre,0.26
Onzaga,Yuca,Marzo,1.36
Onzaga,Cana panelera,Mayo,0.5
Onzaga,Platano,Junio,0.6
Onzaga,Maiz Amarillo,Diciembre,0.29
Onzaga,Perejil,Abril,0.26
Onzaga,Perejil,Abril,0.29
Onzaga,Perejil,Abril,0.3
Onzaga,Maiz Blanco,Mayo,0.33
Onzaga,Yuca,Marzo,1.41
Onzaga,Yuca,Febrero,1.32
Onzaga,Cana panelera,Mayo,0.5
Onzaga,Maiz Amarillo,Diciembre,0.31
Onzaga,Perejil,Abril,0.28
Onzaga,Cana panelera,Julio,0.66
Onzaga,Perejil,Mayo,0.28
Onzaga,Maiz Amarillo,Diciembre,0.3
Onzaga,Cana panelera,Junio,0.5
Onzaga,Perejil,Octubre,0.27
Onzaga,Platano,Junio,0.6
Onzaga,Cana panelera,Junio,0.5
Onzaga,Cana panelera,Junio,0.5
Onzaga,Yuca,Marzo,1.3
Onzaga,Cana panelera,Julio,0.5
Onzaga,Maiz Amarillo,Diciembre,0.32
Onzaga,Maiz Amarillo,Diciembre,0.31
Onzaga,Perejil,Abril,0.29
Onzaga,Maiz Amarillo,Diciembre,0.31
Onzaga,Arveja verde,Septiembre,0.96
Onzaga,Perejil,Abril,0.3
Onzaga,Maiz Amarillo,Diciembre,0.3
Onzaga,Maiz Amarillo,Diciembre,0.31
Onzaga,Arveja verde,Septiembre,0.96
Onzaga,Perejil,Abril,0.26
Onzaga,Cana panelera,Junio,0.5
Onzaga,Maiz Amarillo,Diciembre,0.3
Onzaga,Perejil,Octubre,0.27
Onzaga,Cana panelera,Mayo,0.64
Onzaga,Yuca,Febrero,1.26
Onzaga,Maiz Amarillo,Diciembre,0.36
Onzaga,Perejil,Abril,0.26
Onzaga,Platano,Mayo,0.6
Onzaga,Yuca,Marzo,1.37
Onzaga,Perejil,Octubre,0.27
Onzaga,Cana panelera,Julio,0.5
Onzaga,Yuca,Marzo,1.3
Onzaga,Platano,Julio,0.6
Onzaga,Platano,Julio,0.6
Onzaga,Yuca,Marzo,1.33
Onzaga,Cana panelera,Junio,0.63
Onzaga,Arveja verde,Mayo,0.91
Onzaga,Yuca,Septiembre,1.33
Onzaga,Maiz Amarillo,Mayo,0.29
Onzaga,Mora Andina,Septiembre,0.2
Onzaga,Perejil,Mayo,0.27
Onzaga,Cana panelera,Julio,0.5
Onzaga,Perejil,Octubre,0.28
Onzaga,Maiz Amarillo,Mayo,0.35
Onzaga,Yuca,Marzo,1.41
Onzaga,Maiz Amarillo,Mayo,0.32
Onzaga,Yuca,Marzo,1.14
Onzaga,Perejil,Octubre,0.28
Onzaga,Maiz Amarillo,Diciembre,0.3
Onzaga,Maiz Amarillo,Diciembre,0.33
Onzaga,Perejil,Octubre,0.28
Onzaga,Cana panelera,Julio,0.5
Onzaga,Cana panelera,Junio,0.5
Onzaga,Cana panelera,Julio,0.5
Onzaga,Maiz Amarillo,Mayo,0.32
Onzaga,Perejil,Mayo,0.27
Onzaga,Cana panelera,Junio,0.5
Onzaga,Trigo en grano,Febrero,0.21
Onzaga,Arveja verde,Mayo,0.91
Onzaga,Cana panelera,Junio,0.5
Onzaga,Yuca,Marzo,1.29
Onzaga,Frijol,Mayo,0.01
Onzaga,Perejil,Octubre,0.26
Onzaga,Maiz Amarillo,Mayo,0.32
Onzaga,Perejil,Mayo,0.27
Onzaga,Maiz Amarillo,Noviembre,0.34
Onzaga,Maiz Amarillo,Noviembre,0.33
Onzaga,Maiz Amarillo,Diciembre,0.29
Onzaga,Yuca,Marzo,1.34
Onzaga,Perejil,Octubre,0.26
Onzaga,Perejil,Octubre,0.27
Onzaga,Perejil,Octubre,0.29
Onzaga,Cana panelera,Mayo,0.5
Onzaga,Cana panelera,Junio,0.5
Onzaga,Cana panelera,Junio,0.5
Onzaga,Maiz Amarillo,Diciembre,0.32
Onzaga,Perejil,Octubre,0.3
Onzaga,Cana panelera,Junio,0.5
Onzaga,Platano,Junio,0.6
Onzaga,Perejil,Octubre,0.3
Onzaga,Cana panelera,Julio,0.5
Onzaga,Perejil,Octubre,0.28
Onzaga,Maiz Amarillo,Diciembre,0.32
Onzaga,Papas,Septiembre,1.46
Onzaga,Perejil,Octubre,0.28
Onzaga,Perejil,Octubre,0.27
Onzaga,Perejil,Mayo,0.28
Onzaga,Perejil,Mayo,0.27
Onzaga,Frijol,Mayo,0.01
Onzaga,Frijol,Mayo,0.01
Onzaga,Frijol,Mayo,0.01
Onzaga,Frijol,Mayo,0.01
Onzaga,Frijol,Mayo,0.01
Onzaga,Frijol,Mayo,0.01
Onzaga,Cana fistula,Marzo,0.46
Paramo,Yuca,Septiembre,1.3
Paramo,Cana panelera,Julio,0.5
Paramo,Yuca,Marzo,1.31
Paramo,Cana panelera,Junio,0.5
Paramo,Cana panelera,Julio,0.5
Paramo,Cana panelera,Junio,0.5
Paramo,Cana panelera,Julio,0.5
Paramo,Cana panelera,Julio,0.5
Paramo,Cana panelera,Julio,0.69
Paramo,Cana panelera,Julio,0.5
Paramo,Cana panelera,Julio,0.64
Paramo,Cana panelera,Julio,0.5
Paramo,Maiz Amarillo,Mayo,0.35
Paramo,Frijol,Mayo,0.01
Paramo,Tomate,Mayo,2.1
Paramo,Habichuela,Octubre,2.04
Paramo,Arveja verde,Mayo,0.96
Paramo,Cana panelera,Junio,0.5
Paramo,Maiz Amarillo,Diciembre,0.34
Paramo,Cana panelera,Junio,0.5
Paramo,Cana panelera,Junio,0.5
Paramo,Maiz Amarillo,Mayo,0.34
Paramo,Habichuela,Octubre,2.05
Paramo,Cana panelera,Julio,0.5
Paramo,Cana panelera,Julio,0.65
Paramo,Cana panelera,Julio,0.5
Paramo,Cana panelera,Julio,0.7
Paramo,Cana panelera,Julio,0.5
Paramo,Yuca,Septiembre,1.4
Paramo,Platano,Julio,0.62
Paramo,Cana panelera,Mayo,0.66
Paramo,Cana panelera,Junio,0.6
Paramo,Platano,Julio,0.62
Paramo,Cana panelera,Julio,0.5
Paramo,Yuca,Septiembre,1.37
Paramo,Platano,Julio,0.62
Paramo,Cana panelera,Julio,0.5
Paramo,Cana panelera,Mayo,0.5
Paramo,Cana panelera,Junio,0.5
Paramo,Platano,Julio,0.62
Paramo,Cana panelera,Julio,0.5
Paramo,Cana panelera,Julio,0.68
Paramo,Platano,Junio,0.62
Paramo,Cana panelera,Junio,0.5
Paramo,Cana panelera,Junio,0.5
Paramo,Yuca,Marzo,1.38
Paramo,Platano,Junio,0.62
Paramo,Cana panelera,Junio,0.5
Paramo,Yuca,Septiembre,1.3
Paramo,Cana panelera,Julio,0.68
Paramo,Cana panelera,Julio,0.5
Paramo,Cana panelera,Julio,0.5
Paramo,Cana panelera,Julio,0.5
Paramo,Cana panelera,Julio,0.64
Paramo,Cana panelera,Mayo,0.64
Paramo,Cana panelera,Junio,0.5
Paramo,Cana panelera,Julio,0.5
Paramo,Cana panelera,Julio,0.5
Paramo,Cana panelera,Julio,0.5
Paramo,Cana panelera,Junio,0.5
Paramo,Cana panelera,Junio,0.5
Paramo,Cana panelera,Junio,0.5
Paramo,Cana panelera,Julio,0.64
Paramo,Cana panelera,Junio,0.72
Paramo,Cana panelera,Agosto,0.5
Paramo,Cana panelera,Julio,0.68
Paramo,Cana panelera,Julio,0.5
Paramo,Cana panelera,Julio,0.5
Paramo,Cana panelera,Julio,0.5
Paramo,Platano,Julio,0.62
Paramo,Cana panelera,Julio,0.5
Paramo,Cana panelera,Julio,0.5
Paramo,Platano,Junio,0.62
Paramo,Cana panelera,Junio,0.7
Paramo,Cana panelera,Junio,0.5
Paramo,Cana panelera,Mayo,0.5
Paramo,Cana panelera,Junio,0.71
Paramo,Cana panelera,Junio,0.5
Paramo,Cana panelera,Junio,0.5
Paramo,Cana panelera,Junio,0.5
Paramo,Yuca,Marzo,1.38
Paramo,Cana panelera,Junio,0.64
Paramo,Cana panelera,Junio,0.5
Paramo,Cana panelera,Junio,0.67
Paramo,Cana panelera,Julio,0.65
Paramo,Cana panelera,Julio,0.5
Paramo,Yuca,Marzo,1.33
Paramo,Platano,Julio,0.62
Paramo,Habichuela,Octubre,2.26
Paramo,Tomate,Mayo,2.1
Paramo,Cana panelera,Julio,0.5
Paramo,Cana panelera,Julio,0.5
Paramo,Cana panelera,Julio,0.5
Paramo,Cana panelera,Julio,0.5
Paramo,Maiz Amarillo,Diciembre,0.32
Paramo,Cana panelera,Junio,0.5
Paramo,Cana panelera,Junio,0.5
Paramo,Cana panelera,Junio,0.5
Paramo,Cana panelera,Junio,0.5
Paramo,Cana panelera,Julio,0.5
Paramo,Cana panelera,Julio,0.63
Paramo,Cana panelera,Julio,0.5
Paramo,Arveja verde,Mayo,0.96
Paramo,Cana panelera,Julio,0.5
Paramo,Cana panelera,Julio,0.65
Paramo,Cana panelera,Julio,0.61
Paramo,Cana panelera,Junio,0.63
Paramo,Cana panelera,Junio,0.5
Paramo,Cana panelera,Julio,0.5
Paramo,Cana panelera,Junio,0.68
Paramo,Cana panelera,Junio,0.5
Paramo,Platano,Julio,0.62
Paramo,Cana panelera,Julio,0.62
Paramo,Cana panelera,Julio,0.67
Paramo,Cana panelera,Julio,0.5
Paramo,Cana panelera,Agosto,0.63
Paramo,Yuca,Septiembre,1.34
Paramo,Cana panelera,Julio,0.5
Paramo,Cana panelera,Junio,0.5
Paramo,Cana panelera,Julio,0.5
Paramo,Cana panelera,Julio,0.5
Paramo,Yuca,Marzo,1.32
Paramo,Cana panelera,Junio,0.5
Paramo,Platano,Junio,0.62
Paramo,Cana panelera,Junio,0.5
Paramo,Cana panelera,Junio,0.5
Paramo,Cana panelera,Julio,0.5
Paramo,Maiz Amarillo,Mayo,0.31
Paramo,Cana panelera,Julio,0.5
Paramo,Platano,Julio,0.62
Paramo,Cana panelera,Julio,0.64
Paramo,Cana panelera,Junio,0.5
Paramo,Tomate,Mayo,2.1
Paramo,Cana panelera,Julio,0.5
Paramo,Platano,Junio,0.62
Paramo,Cana panelera,Junio,0.65
Paramo,Cana panelera,Junio,0.62
Paramo,Cana panelera,Julio,0.5
Paramo,Cana panelera,Agosto,0.68
Paramo,Cana panelera,Agosto,0.62
Paramo,Cana panelera,Junio,0.5
Paramo,Platano,Junio,0.62
Paramo,Cana panelera,Junio,0.5
Paramo,Cana panelera,Junio,0.5
Paramo,Maiz Amarillo,Mayo,0.32
Paramo,Habichuela,Octubre,2.25
Paramo,Cana panelera,Julio,0.5
Paramo,Cana panelera,Julio,0.73
Paramo,Cana panelera,Julio,0.5
Paramo,Cana panelera,Julio,0.5
Paramo,Yuca,Septiembre,1.37
Paramo,Cana panelera,Junio,0.5
Paramo,Cana panelera,Junio,0.66
Paramo,Cana panelera,Julio,0.5
Paramo,Cana panelera,Junio,0.5
Paramo,Cana panelera,Julio,0.68
Paramo,Cana panelera,Junio,0.5
Paramo,Cana panelera,Julio,0.5
Paramo,Yuca,Febrero,1.35
Paramo,Cana panelera,Junio,0.69
Paramo,Cana panelera,Junio,0.65
Paramo,Cana panelera,Junio,0.5
Paramo,Cana panelera,Junio,0.5
Paramo,Cana panelera,Julio,0.5
Paramo,Cana panelera,Julio,0.5
Paramo,Cana panelera,Agosto,0.67
Paramo,Cana panelera,Julio,0.5
Paramo,Cana panelera,Julio,0.5
Paramo,Platano,Julio,0.62
Paramo,Cana panelera,Junio,0.5
Paramo,Yuca,Marzo,1.22
Paramo,Cana panelera,Julio,0.5
Paramo,Cana panelera,Julio,0.5
Paramo,Cana panelera,Agosto,0.5
Paramo,Cana panelera,Julio,0.5
Paramo,Cana panelera,Julio,0.5
Paramo,Cana panelera,Junio,0.5
Paramo,Habichuela,Octubre,2.19
Paramo,Cana panelera,Junio,0.5
Paramo,Platano,Julio,0.62
Paramo,Maiz Blanco,Mayo,0.35
Paramo,Yuca,Septiembre,1.38
Paramo,Cana panelera,Julio,0.5
Paramo,Cana panelera,Junio,0.5
Paramo,Cana panelera,Julio,0.5
Paramo,Yuca,Febrero,1.4
Paramo,Cana panelera,Junio,0.64
Paramo,Cana panelera,Junio,0.5
Paramo,Platano,Junio,0.62
Paramo,Cana panelera,Junio,0.5
Paramo,Pimenton,Septiembre,2.02
Paramo,Cana panelera,Junio,0.68
Paramo,Platano,Julio,0.62
Paramo,Lulo,Septiembre,0.17
Paramo,Cana panelera,Julio,0.5
Paramo,Cana panelera,Julio,0.5
Paramo,Cana panelera,Junio,0.5
Paramo,Cana panelera,Junio,0.72
Paramo,Platano,Junio,0.62
Paramo,Cana panelera,Junio,0.5
Paramo,Cana panelera,Junio,0.5
Paramo,Cana panelera,Julio,0.5
Paramo,Cana panelera,Julio,0.69
Paramo,Cana panelera,Junio,0.5
Paramo,Cana panelera,Junio,0.5
Paramo,Cana panelera,Junio,0.5
Paramo,Cana panelera,Julio,0.67
Paramo,Cana panelera,Junio,0.5
Paramo,Cana panelera,Junio,0.5
Paramo,Platano,Junio,0.62
Paramo,Cana panelera,Junio,0.5
Paramo,Cana panelera,Junio,0.5
Paramo,Platano,Junio,0.62
Paramo,Maiz Amarillo,Diciembre,0.29
Paramo,Cana panelera,Junio,0.5
Paramo,Cana panelera,Julio,0.69
Paramo,Cana panelera,Agosto,0.5
Paramo,Cana panelera,Julio,0.64
Paramo,Cana panelera,Agosto,0.5
Paramo,Cana panelera,Julio,0.5
Paramo,Platano,Junio,0.62
Paramo,Cana panelera,Junio,0.5
Paramo,Cana panelera,Julio,0.5
Paramo,Cana panelera,Julio,0.5
Paramo,Cana panelera,Julio,0.5
Paramo,Cana panelera,Julio,0.5
Paramo,Yuca,Marzo,1.35
Paramo,Platano,Junio,0.62
Paramo,Cana panelera,Junio,0.5
Paramo,Yuca,Marzo,1.3
Paramo,Cana panelera,Junio,0.5
Paramo,Cana panelera,Junio,0.65
Paramo,Cana panelera,Junio,0.5
Paramo,Platano,Junio,0.62
Paramo,Maiz Amarillo,Diciembre,0.33
Paramo,Yuca,Marzo,1.4
Paramo,Cana panelera,Junio,0.5
Paramo,Cana panelera,Julio,0.5
Paramo,Cana panelera,Julio,0.5
Paramo,Cana panelera,Julio,0.5
Paramo,Maiz Amarillo,Diciembre,0.32
Paramo,Habichuela,Octubre,1.98
Paramo,Cana panelera,Junio,0.5
Paramo,Yuca,Marzo,1.31
Paramo,Cana panelera,Julio,0.5
Paramo,Cana panelera,Julio,0.5
Paramo,Cana panelera,Julio,0.5
Paramo,Cana panelera,Julio,0.5
Paramo,Cana panelera,Julio,0.65
Paramo,Platano,Julio,0.62
Paramo,Cana panelera,Junio,0.5
Paramo,Platano,Junio,0.62
Paramo,Cana panelera,Junio,0.61
Paramo,Platano,Julio,0.62
Paramo,Cana panelera,Julio,0.5
Paramo,Cana panelera,Julio,0.5
Paramo,Cana panelera,Julio,0.5
Paramo,Cana panelera,Agosto,0.5
Paramo,Cana panelera,Junio,0.5
Paramo,Yuca,Marzo,1.4
Paramo,Cana panelera,Junio,0.5
Paramo,Platano,Junio,0.62
Paramo,Cana panelera,Junio,0.5
Paramo,Cana panelera,Junio,0.72
Paramo,Platano,Julio,0.62
Paramo,Cana panelera,Julio,0.69
Paramo,Cana panelera,Julio,0.66
Paramo,Cana panelera,Julio,0.5
Paramo,Cana panelera,Agosto,0.5
Paramo,Cana panelera,Julio,0.5
Paramo,Cana panelera,Julio,0.5
Paramo,Maiz Amarillo,Diciembre,0.33
Paramo,Cana panelera,Junio,0.64
Paramo,Cana panelera,Junio,0.5
Paramo,Cana panelera,Julio,0.5
Paramo,Lulo,Septiembre,0.18
Paramo,Yuca,Marzo,1.27
Paramo,Cana panelera,Julio,0.5
Paramo,Platano,Agosto,0.62
Paramo,Cana panelera,Julio,0.5
Paramo,Platano,Julio,0.62
Paramo,Cana panelera,Julio,0.65
Paramo,Yuca,Marzo,1.3
Paramo,Cana panelera,Junio,0.5
Paramo,Cana panelera,Julio,0.5
Paramo,Cana panelera,Julio,0.66
Paramo,Cana panelera,Junio,0.5
Paramo,Cana panelera,Junio,0.5
Paramo,Platano,Julio,0.62
Paramo,Platano,Junio,0.62
Paramo,Cana panelera,Junio,0.5
Paramo,Cana panelera,Julio,0.5
Paramo,Tomate,Mayo,2.1
Paramo,Cana panelera,Julio,0.5
Paramo,Maiz Amarillo,Mayo,0.31
Paramo,Cana panelera,Julio,0.5
Paramo,Platano,Julio,0.62
Paramo,Tomate,Marzo,2.1
Paramo,Cana panelera,Julio,0.5
Paramo,Yuca,Septiembre,1.28
Paramo,Yuca,Septiembre,1.35
Paramo,Tomate,Mayo,2.1
Paramo,Tomate,Marzo,2.1
Paramo,Cana panelera,Julio,0.5
Paramo,Cana panelera,Junio,0.5
Paramo,Cana panelera,Julio,0.5
Paramo,Tomate,Mayo,2.1
Paramo,Cana panelera,Julio,0.5
Paramo,Platano,Julio,0.62
Paramo,Cana panelera,Julio,0.66
Paramo,Cana panelera,Junio,0.5
Paramo,Platano,Julio,0.62
Paramo,Yuca,Marzo,1.33
Paramo,Cana panelera,Junio,0.5
Paramo,Cana panelera,Julio,0.5
Paramo,Cana panelera,Julio,0.5
Paramo,Tomate,Octubre,1.94
Paramo,Habichuela,Agosto,2.41
Paramo,Cana panelera,Julio,0.5
Paramo,Cana panelera,Julio,0.5
Paramo,Maiz Amarillo,Mayo,0.3
Paramo,Cana panelera,Julio,0.5
Paramo,Platano,Junio,0.62
Paramo,Cana panelera,Junio,0.5
Paramo,Habichuela,Octubre,1.94
Paramo,Cana panelera,Junio,0.64
Paramo,Platano,Julio,0.62
Paramo,Cana panelera,Julio,0.5
Paramo,Cana panelera,Julio,0.5
Paramo,Maiz Amarillo,Mayo,0.32
Paramo,Cana panelera,Julio,0.71
Paramo,Platano,Julio,0.62
Paramo,Platano,Julio,0.62
Paramo,Platano,Julio,0.62
Paramo,Cana panelera,Julio,0.5
Paramo,Yuca,Septiembre,1.36
Paramo,Yuca,Septiembre,1.36
Paramo,Yuca,Septiembre,1.39
Paramo,Yuca,Septiembre,1.34
Paramo,Cana panelera,Julio,0.64
Paramo,Arveja verde,Marzo,0.96
Paramo,Cana panelera,Agosto,0.5
Paramo,Yuca,Febrero,1.32
Paramo,Maiz Amarillo,Diciembre,0.33
Paramo,Platano,Junio,0.62
Paramo,Habichuela,Septiembre,2.09
Paramo,Cana panelera,Junio,0.61
Paramo,Cana panelera,Junio,0.5
Paramo,Cana panelera,Junio,0.5
Paramo,Cana panelera,Junio,0.5
Paramo,Cana panelera,Junio,0.5
Paramo,Cana panelera,Junio,0.5
Paramo,Platano,Julio,0.62
Paramo,Maiz Amarillo,Junio,0.33
Paramo,Cana panelera,Julio,0.69
Paramo,Cana panelera,Julio,0.5
Paramo,Cana panelera,Julio,0.5
Paramo,Cana panelera,Julio,0.5
Paramo,Arveja verde,Septiembre,1.01
Paramo,Cana panelera,Junio,0.5
Paramo,Cana panelera,Julio,0.5
Paramo,Cana panelera,Julio,0.5
Paramo,Cana panelera,Agosto,0.65
Paramo,Yuca,Febrero,1.51
Paramo,Cana panelera,Junio,0.5
Paramo,Platano,Julio,0.62
Paramo,Cana panelera,Julio,0.64
Paramo,Yuca,Marzo,1.24
Paramo,Maiz Amarillo,Mayo,0.32
Paramo,Cana panelera,Junio,0.7
Paramo,Yuca,Marzo,1.19
Paramo,Platano,Julio,0.62
Paramo,Cana panelera,Junio,0.5
Paramo,Cana panelera,Junio,0.5
Paramo,Platano,Julio,0.62
Paramo,Cana panelera,Junio,0.5
Paramo,Platano,Julio,0.62
Paramo,Habichuela,Octubre,2.0
Paramo,Tomate,Mayo,2.1
Paramo,Cana panelera,Junio,0.5
Paramo,Cana panelera,Junio,0.5
Paramo,Platano,Junio,0.62
Paramo,Yuca,Febrero,1.29
Paramo,Cana panelera,Junio,0.5
Paramo,Yuca,Marzo,1.33
Paramo,Platano,Julio,0.62
Paramo,Maiz Amarillo,Mayo,0.33
Paramo,Cana panelera,Junio,0.66
Paramo,Yuca,Marzo,1.45
Paramo,Yuca,Marzo,1.37
Paramo,Platano,Julio,0.62
Paramo,Cana panelera,Junio,0.5
Paramo,Cana panelera,Junio,0.5
Paramo,Cana panelera,Julio,0.63
Paramo,Cana panelera,Junio,0.5
Paramo,Cana panelera,Junio,0.66
Paramo,Cana panelera,Junio,0.5
Paramo,Cana panelera,Julio,0.5
Paramo,Frijol,Mayo,0.01
Paramo,Cana panelera,Julio,0.5
Paramo,Cana panelera,Junio,0.5
Paramo,Cana panelera,Junio,0.5
Paramo,Cana panelera,Julio,0.5
Paramo,Yuca,Septiembre,1.45
Paramo,Cana panelera,Julio,0.5
Paramo,Yuca,Septiembre,1.41
Paramo,Platano,Julio,0.62
Paramo,Cana panelera,Julio,0.5
Paramo,Cana panelera,Julio,0.5
Paramo,Cana panelera,Julio,0.5
Paramo,Cana panelera,Agosto,0.5
Paramo,Cana panelera,Agosto,0.5
Paramo,Maiz Amarillo,Mayo,0.32
Paramo,Cana panelera,Junio,0.5
Paramo,Cana panelera,Julio,0.5
Paramo,Cana panelera,Julio,0.5
Paramo,Cana panelera,Junio,0.5
Paramo,Cana panelera,Julio,0.5
Paramo,Cana panelera,Julio,0.69
Paramo,Platano,Junio,0.62
Paramo,Cana panelera,Junio,0.5
Paramo,Habichuela,Septiembre,2.18
Paramo,Habichuela,Septiembre,2.28
Paramo,Cana panelera,Junio,0.5
Paramo,Cana panelera,Julio,0.5
Paramo,Cana panelera,Julio,0.5
Paramo,Cana panelera,Julio,0.5
Paramo,Cana panelera,Julio,0.5
Paramo,Cana panelera,Julio,0.5
Paramo,Cana panelera,Julio,0.64
Paramo,Cana panelera,Julio,0.5
Paramo,Cana panelera,Julio,0.5
Paramo,Platano,Julio,0.62
Paramo,Yuca,Septiembre,1.3
Paramo,Cana panelera,Julio,0.5
Paramo,Cana panelera,Julio,0.69
Paramo,Cana panelera,Julio,0.64
Paramo,Cana panelera,Julio,0.5
Paramo,Maiz Amarillo,Diciembre,0.35
Paramo,Cana panelera,Junio,0.5
Paramo,Platano,Julio,0.62
Paramo,Cana panelera,Junio,0.5
Paramo,Maiz Amarillo,Mayo,0.32
Paramo,Platano,Julio,0.62
Paramo,Yuca,Septiembre,1.27
Paramo,Cana panelera,Julio,0.5
Paramo,Cana panelera,Julio,0.5
Paramo,Cana panelera,Julio,0.5
Paramo,Cana panelera,Julio,0.5
Paramo,Platano,Junio,0.62
Paramo,Cana panelera,Junio,0.5
Paramo,Platano,Julio,0.62
Paramo,Cana panelera,Julio,0.5
Paramo,Cana panelera,Julio,0.5
Paramo,Cana panelera,Julio,0.5
Paramo,Yuca,Marzo,1.28
Paramo,Maiz Amarillo,Diciembre,0.32
Paramo,Cana panelera,Junio,0.5
Paramo,Cana panelera,Julio,0.5
Paramo,Arveja verde,Septiembre,1.0
Paramo,Cana panelera,Junio,0.5
Paramo,Platano,Julio,0.62
Paramo,Cana panelera,Junio,0.5
Paramo,Cana panelera,Junio,0.5
Paramo,Cana panelera,Julio,0.5
Paramo,Cana panelera,Julio,0.69
Paramo,Cana panelera,Junio,0.5
Paramo,Cana panelera,Junio,0.5
Paramo,Platano,Junio,0.62
Paramo,Cana panelera,Junio,0.5
Paramo,Frijol,Mayo,0.01
Paramo,Arveja verde,Mayo,0.96
Paramo,Cana panelera,Junio,0.5
Paramo,Cana panelera,Junio,0.5
Paramo,Yuca,Marzo,1.37
Paramo,Cana panelera,Julio,0.5
Paramo,Cana panelera,Julio,0.61
Paramo,Cana panelera,Julio,0.5
Paramo,Cana panelera,Junio,0.5
Paramo,Platano,Junio,0.62
Paramo,Maiz Amarillo,Diciembre,0.32
Paramo,Cana panelera,Junio,0.5
Paramo,Cana panelera,Julio,0.5
Paramo,Cana panelera,Julio,0.5
Paramo,Cana panelera,Julio,0.66
Paramo,Cana panelera,Julio,0.5
Paramo,Cana panelera,Junio,0.68
Paramo,Cana panelera,Julio,0.68
Paramo,Cana panelera,Julio,0.5
Paramo,Habichuela,Septiembre,2.19
Paramo,Cana panelera,Junio,0.5
Paramo,Yuca,Marzo,1.34
Paramo,Cana panelera,Junio,0.5
Paramo,Platano,Julio,0.62
Paramo,Cana panelera,Julio,0.5
Paramo,Cana panelera,Junio,0.5
Paramo,Cana panelera,Julio,0.5
Paramo,Cana panelera,Julio,0.67
Paramo,Cana panelera,Julio,0.5
Paramo,Platano,Junio,0.62
Paramo,Yuca,Febrero,1.32
Paramo,Cana panelera,Junio,0.5
Paramo,Cana panelera,Junio,0.5
Paramo,Yuca,Septiembre,1.38
Paramo,Maiz Amarillo,Junio,0.31
Paramo,Cana panelera,Agosto,0.5
Paramo,Cana panelera,Agosto,0.5
Paramo,Habichuela,Octubre,1.89
Paramo,Cana panelera,Julio,0.5
Paramo,Platano,Junio,0.62
Paramo,Yuca,Febrero,1.22
Paramo,Cana panelera,Junio,0.5
Paramo,Cana panelera,Julio,0.66
Paramo,Cana panelera,Julio,0.68
Paramo,Cana panelera,Junio,0.5
Paramo,Yuca,Octubre,1.33
Paramo,Maiz Amarillo,Junio,0.31
Paramo,Cana panelera,Julio,0.68
Paramo,Cana panelera,Agosto,0.5
Paramo,Cana panelera,Agosto,0.5
Paramo,Cana panelera,Agosto,0.5
Paramo,Cana panelera,Agosto,0.5
Paramo,Cana panelera,Agosto,0.5
Paramo,Cana panelera,Agosto,0.5
Paramo,Cana panelera,Agosto,0.5
Paramo,Cana panelera,Agosto,0.5
Paramo,Cana panelera,Agosto,0.5
Paramo,Habichuela,Septiembre,2.29
Paramo,Habichuela,Septiembre,2.16
Paramo,Cana panelera,Junio,0.5
Paramo,Platano,Julio,0.62
Paramo,Maiz Amarillo,Mayo,0.33
Paramo,Cana panelera,Julio,0.5
Paramo,Platano,Julio,0.62
Paramo,Cana panelera,Junio,0.67
Paramo,Cana panelera,Junio,0.5
Paramo,Platano,Julio,0.62
Paramo,Cana panelera,Junio,0.5
Paramo,Cana panelera,Junio,0.7
Paramo,Cana panelera,Agosto,0.5
Paramo,Cana panelera,Julio,0.65
Paramo,Cana panelera,Julio,0.5
Paramo,Cana panelera,Julio,0.5
Paramo,Cana panelera,Agosto,0.5
Paramo,Cana panelera,Julio,0.5
Paramo,Cana panelera,Julio,0.5
Paramo,Habichuela,Octubre,2.17
Paramo,Arveja verde,Septiembre,0.97
Paramo,Yuca,Marzo,1.42
Paramo,Cana panelera,Junio,0.5
Paramo,Yuca,Octubre,1.32
Paramo,Platano,Agosto,0.62
Paramo,Cana panelera,Julio,0.5
Paramo,Cana panelera,Agosto,0.5
Paramo,Cana panelera,Julio,0.5
Paramo,Arveja verde,Mayo,0.96
Paramo,Cana panelera,Julio,0.5
Paramo,Cana panelera,Julio,0.7
Paramo,Cana panelera,Julio,0.5
Paramo,Cana panelera,Julio,0.5
Paramo,Cana panelera,Julio,0.5
Paramo,Cana panelera,Julio,0.5
Paramo,Pimenton,Septiembre,2.11
Paramo,Cana panelera,Junio,0.5
Paramo,Cana panelera,Junio,0.69
Paramo,Platano,Julio,0.62
Paramo,Cana panelera,Junio,0.5
Paramo,Cana panelera,Julio,0.5
Paramo,Cana panelera,Agosto,0.5
Paramo,Platano,Junio,0.62
Paramo,Platano,Junio,0.62
Paramo,Platano,Junio,0.62
Paramo,Cana panelera,Junio,0.5
Paramo,Maiz Amarillo,Mayo,0.33
Paramo,Cana panelera,Julio,0.5
Paramo,Cana panelera,Julio,0.5
Paramo,Cana panelera,Junio,0.5
Paramo,Cana panelera,Agosto,0.5
Paramo,Cana panelera,Julio,0.5
Paramo,Cana panelera,Junio,0.5
Paramo,Platano,Junio,0.62
Paramo,Cana panelera,Junio,0.69
Paramo,Cana panelera,Julio,0.76
Paramo,Cana panelera,Julio,0.5
Paramo,Cana panelera,Julio,0.5
Paramo,Cana panelera,Julio,0.61
Paramo,Cana panelera,Julio,0.5
Paramo,Cana panelera,Julio,0.5
Paramo,Cana panelera,Julio,0.73
Paramo,Yuca,Septiembre,1.33
Paramo,Cana panelera,Junio,0.63
Paramo,Cana panelera,Agosto,0.64
Paramo,Tomate,Mayo,2.1
Paramo,Maiz Amarillo,Mayo,0.35
Paramo,Platano,Julio,0.62
Paramo,Yuca,Septiembre,1.29
Paramo,Maiz Amarillo,Diciembre,0.34
Paramo,Yuca,Marzo,1.42
Paramo,Cana panelera,Junio,0.5
Paramo,Platano,Julio,0.62
Paramo,Cana panelera,Julio,0.5
Paramo,Cana panelera,Julio,0.5
Paramo,Maiz Amarillo,Junio,0.31
Paramo,Cana panelera,Agosto,0.7
Paramo,Cana panelera,Junio,0.5
Paramo,Cana panelera,Agosto,0.5
Paramo,Cana panelera,Julio,0.5
Paramo,Cana panelera,Julio,0.5
Paramo,Cana panelera,Junio,0.5
Paramo,Platano,Junio,0.62
Paramo,Cana panelera,Junio,0.5
Paramo,Cana panelera,Julio,0.5
Paramo,Platano,Julio,0.62
Paramo,Cana panelera,Julio,0.5
Paramo,Yuca,Marzo,1.32
Paramo,Cana panelera,Julio,0.5
Paramo,Cana panelera,Julio,0.67
Paramo,Cana panelera,Julio,0.66
Paramo,Cana panelera,Agosto,0.5
Paramo,Cana panelera,Agosto,0.5
Paramo,Cana panelera,Agosto,0.68
Paramo,Cana panelera,Agosto,0.69
Paramo,Cana panelera,Agosto,0.5
Paramo,Cana panelera,Agosto,0.5
Paramo,Cana panelera,Agosto,0.5
Paramo,Cana panelera,Junio,0.5
Paramo,Yuca,Septiembre,1.38
Paramo,Cana panelera,Julio,0.5
Paramo,Cana panelera,Julio,0.5
Paramo,Cana panelera,Agosto,0.5
Paramo,Cana panelera,Agosto,0.5
Paramo,Cana panelera,Julio,0.5
Paramo,Cana panelera,Julio,0.5
Paramo,Cana panelera,Junio,0.68
Paramo,Cana panelera,Julio,0.5
Paramo,Cana panelera,Agosto,0.5
Paramo,Cana panelera,Julio,0.5
Paramo,Cana panelera,Junio,0.5
Paramo,Cana panelera,Julio,0.5
Paramo,Cana panelera,Julio,0.63
Paramo,Cana panelera,Agosto,0.5
Paramo,Cana panelera,Julio,0.5
Paramo,Cana panelera,Junio,0.5
Paramo,Cana panelera,Junio,0.67
Paramo,Cana panelera,Agosto,0.5
Paramo,Cana panelera,Julio,0.5
Paramo,Platano,Julio,0.62
Paramo,Cana panelera,Julio,0.5
Paramo,Cana panelera,Julio,0.69
Paramo,Cana panelera,Julio,0.5
Paramo,Maiz Amarillo,Diciembre,0.32
Paramo,Yuca,Febrero,1.28
Paramo,Cana panelera,Junio,0.5
Paramo,Cana panelera,Julio,0.5
Paramo,Cana panelera,Julio,0.5
Paramo,Cana panelera,Mayo,0.5
Paramo,Platano,Junio,0.62
Paramo,Maiz Amarillo,Diciembre,0.34
Paramo,Cana panelera,Junio,0.5
Paramo,Tomate,Mayo,2.1
Paramo,Cana panelera,Julio,0.5
Paramo,Cana panelera,Julio,0.5
Paramo,Cana panelera,Julio,0.5
Paramo,Tomate,Marzo,2.1
Paramo,Maiz Amarillo,Junio,0.33
Paramo,Frijol,Marzo,0.01
Paramo,Cana panelera,Agosto,0.5
Paramo,Cana panelera,Julio,0.5
Paramo,Cana panelera,Junio,0.5
Paramo,Cana panelera,Julio,0.5
Paramo,Cana panelera,Julio,0.5
Paramo,Cana panelera,Julio,0.5
Paramo,Habichuela,Octubre,2.09
Paramo,Cana panelera,Agosto,0.5
Paramo,Cana panelera,Agosto,0.5
Paramo,Tomate,Marzo,2.1
Paramo,Cana panelera,Julio,0.62
Paramo,Yuca,Marzo,1.27
Paramo,Platano,Junio,0.62
Paramo,Cana panelera,Junio,0.69
Paramo,Cana panelera,Agosto,0.63
Paramo,Cana panelera,Julio,0.5
Paramo,Cana panelera,Julio,0.5
Paramo,Cana panelera,Julio,0.5
Paramo,Yuca,Septiembre,1.24
Paramo,Cana panelera,Agosto,0.5
Paramo,Yuca,Marzo,1.43
Paramo,Platano,Julio,0.62
Paramo,Cana panelera,Junio,0.5
Paramo,Cana panelera,Agosto,0.5
Paramo,Cana panelera,Agosto,0.5
Paramo,Cana panelera,Junio,0.5
Paramo,Platano,Julio,0.62
Paramo,Yuca,Septiembre,1.24
Paramo,Yuca,Septiembre,1.26
Paramo,Yuca,Septiembre,1.37
Paramo,Yuca,Septiembre,1.35
Paramo,Yuca,Septiembre,1.41
Paramo,Cana panelera,Julio,0.5
Paramo,Tomate,Marzo,2.1
Paramo,Cana panelera,Agosto,0.5
Paramo,Cana panelera,Agosto,0.5
Paramo,Maiz Amarillo,Junio,0.32
Paramo,Cana panelera,Julio,0.62
Paramo,Tomate,Marzo,2.1
Paramo,Tomate,Marzo,2.1
Paramo,Tomate,Marzo,2.1
Paramo,Cana panelera,Agosto,0.65
Paramo,Cana panelera,Agosto,0.5
Paramo,Pina,Septiembre,2.26
Paramo,Cana panelera,Agosto,0.67
Paramo,Cana panelera,Agosto,0.66
Paramo,Frijol,Mayo,2.1
Paramo,Habichuela,Julio,2.1
Paramo,Cana panelera,Julio,0.5
Paramo,Cana panelera,Julio,0.5
Paramo,Cana panelera,Agosto,0.5
Paramo,Cana panelera,Julio,0.5
Paramo,Platano,Julio,0.62
Paramo,Cana panelera,Junio,0.68
Paramo,Cana panelera,Junio,0.5
Paramo,Platano,Julio,0.62
Paramo,Cana panelera,Julio,0.65
Paramo,Cana panelera,Julio,0.5
Paramo,Pina,Septiembre,2.26
Paramo,Maiz Amarillo,Mayo,0.32
Paramo,Cana panelera,Junio,0.61
Paramo,Cana panelera,Julio,0.61
Paramo,Cana panelera,Julio,0.5
Paramo,Cana panelera,Julio,0.5
Paramo,Cana panelera,Julio,0.66
Paramo,Platano,Junio,0.62
Paramo,Cana panelera,Junio,0.68
Paramo,Yuca,Marzo,1.4
Paramo,Platano,Junio,0.62
Paramo,Cana panelera,Junio,0.71
Paramo,Cana panelera,Junio,0.5
Paramo,Tomate,Mayo,2.1
Paramo,Cana panelera,Julio,0.5
Paramo,Cana panelera,Julio,0.5
Paramo,Maiz Amarillo,Mayo,0.31
Paramo,Habichuela,Octubre,2.49
Paramo,Cana panelera,Junio,0.5
Paramo,Cana panelera,Junio,0.5
Paramo,Platano,Agosto,0.62
Paramo,Cana panelera,Julio,0.5
Paramo,Cana panelera,Julio,0.62
Paramo,Cana panelera,Junio,0.5
Paramo,Cana panelera,Julio,0.5
Paramo,Cana panelera,Agosto,0.5
Paramo,Cana panelera,Julio,0.5
Paramo,Cana panelera,Julio,0.5
Paramo,Cana panelera,Julio,0.5
Paramo,Platano,Junio,0.62
Paramo,Cana panelera,Junio,0.5
Paramo,Cana panelera,Agosto,0.5
Paramo,Platano,Julio,0.62
Paramo,Cana panelera,Junio,0.5
Paramo,Cana panelera,Julio,0.7
Paramo,Cana panelera,Julio,0.5
Paramo,Cana panelera,Agosto,0.5
Paramo,Tomate,Marzo,2.1
Paramo,Cana panelera,Julio,0.68
Paramo,Yuca,Marzo,1.32
Paramo,Cana panelera,Junio,0.5
Paramo,Cana panelera,Julio,0.5
Paramo,Platano,Junio,0.62
Paramo,Cana panelera,Junio,0.5
Paramo,Platano,Junio,0.62
Paramo,Cana panelera,Junio,0.5
Paramo,Cana panelera,Julio,0.5
Paramo,Cana panelera,Julio,0.5
Paramo,Cana panelera,Julio,0.62
Paramo,Yuca,Marzo,1.39
Paramo,Cana panelera,Junio,0.63
Paramo,Cana panelera,Julio,0.5
Paramo,Cana panelera,Julio,0.5
Paramo,Yuca,Marzo,1.33
Paramo,Maiz Amarillo,Diciembre,0.3
Paramo,Cana panelera,Junio,0.5
Paramo,Cana panelera,Julio,0.5
Paramo,Platano,Julio,0.62
Paramo,Cana panelera,Julio,0.5
Paramo,Cana panelera,Julio,0.5
Paramo,Yuca,Septiembre,1.27
Paramo,Cana panelera,Julio,0.75
Paramo,Habichuela,Octubre,1.97
Paramo,Habichuela,Octubre,2.17
Paramo,Habichuela,Octubre,2.31
Paramo,Habichuela,Octubre,2.07
Paramo,Cana panelera,Julio,0.5
Paramo,Tomate,Mayo,2.1
Paramo,Cana panelera,Junio,0.7
Paramo,Cana panelera,Julio,0.5
Paramo,Cana panelera,Julio,0.5
Paramo,Cana panelera,Julio,0.5
Paramo,Platano,Julio,0.62
Paramo,Cana panelera,Junio,0.5
Paramo,Platano,Julio,0.62
Paramo,Cana panelera,Junio,0.5
Paramo,Platano,Julio,0.62
Paramo,Habichuela,Octubre,2.03
Paramo,Cana panelera,Julio,0.5
Paramo,Tomate,Mayo,2.1
Paramo,Cana panelera,Julio,0.5
Paramo,Cana panelera,Junio,0.5
Paramo,Cana panelera,Julio,0.5
Paramo,Platano,Julio,0.62
Paramo,Cana panelera,Julio,0.5
Paramo,Yuca,Octubre,1.38
Paramo,Platano,Agosto,0.62
Paramo,Cana panelera,Julio,0.5
Paramo,Cana panelera,Julio,0.66
Paramo,Cana panelera,Julio,0.5
Paramo,Cana panelera,Julio,0.5
Paramo,Cana panelera,Julio,0.5
Paramo,Cana panelera,Julio,0.5
Paramo,Cana panelera,Julio,0.67
Paramo,Platano,Julio,0.62
Paramo,Cana panelera,Julio,0.5
Paramo,Cana panelera,Junio,0.5
Paramo,Platano,Julio,0.62
Paramo,Cana panelera,Julio,0.5
Paramo,Cana panelera,Junio,0.5
Paramo,Cana panelera,Julio,0.66
Paramo,Cana panelera,Julio,0.65
Paramo,Cana panelera,Julio,0.5
Paramo,Cana panelera,Julio,0.5
Paramo,Cana panelera,Julio,0.5
Paramo,Cana panelera,Julio,0.5
Paramo,Cana panelera,Julio,0.5
Paramo,Cana panelera,Julio,0.5
Paramo,Platano,Agosto,0.62
Paramo,Cana panelera,Julio,0.5
Paramo,Cana panelera,Julio,0.5
Paramo,Cana panelera,Agosto,0.5
Paramo,Cana panelera,Julio,0.5
Paramo,Cana panelera,Julio,0.5
Paramo,Cana panelera,Julio,0.5
Paramo,Cana panelera,Julio,0.5
Paramo,Cana panelera,Julio,0.5
Paramo,Cana panelera,Julio,0.5
Paramo,Cana panelera,Julio,0.68
Paramo,Cana panelera,Julio,0.5
Paramo,Cana panelera,Julio,0.5
Paramo,Platano,Julio,0.62
Paramo,Cana panelera,Julio,0.5
Paramo,Platano,Agosto,0.62
Paramo,Yuca,Octubre,1.41
Paramo,Cana panelera,Julio,0.5
Paramo,Platano,Julio,0.62
Paramo,Cana panelera,Julio,0.5
Paramo,Cana panelera,Julio,0.5
Paramo,Cana panelera,Julio,0.5
Paramo,Cana panelera,Julio,0.5
Paramo,Cana panelera,Julio,0.5
Paramo,Tomate,Mayo,2.1
Paramo,Frijol,Mayo,0.01
Paramo,Cana panelera,Julio,0.5
Paramo,Platano,Julio,0.62
Paramo,Cana panelera,Julio,0.69
Paramo,Tomate,Mayo,2.1
Paramo,Cana panelera,Julio,0.5
Paramo,Platano,Julio,0.62
Paramo,Cana panelera,Julio,0.5
Paramo,Cana panelera,Julio,0.5
Paramo,Cana panelera,Julio,0.5
Paramo,Platano,Julio,0.62
Paramo,Tomate,Marzo,2.1
Paramo,Tomate,Marzo,2.1
Paramo,Tomate,Marzo,2.1
Paramo,Tomate,Marzo,2.1
Paramo,Tomate,Marzo,2.1
Paramo,Tomate,Marzo,2.1
Paramo,Tomate,Marzo,2.1
Paramo,Tomate,Marzo,2.1
Paramo,Tomate,Marzo,2.1
Paramo,Tomate,Marzo,2.1
Paramo,Tomate,Marzo,2.1
Paramo,Tomate,Marzo,2.1
Paramo,Cana panelera,Julio,0.5
Paramo,Cana panelera,Julio,0.5
Paramo,Cana panelera,Julio,0.5
Paramo,Cana panelera,Agosto,0.5
Paramo,Maiz Amarillo,Mayo,0.33
Paramo,Cana panelera,Julio,0.5
Paramo,Cana panelera,Agosto,0.5
Paramo,Cana panelera,Julio,0.5
Paramo,Platano,Julio,0.62
Paramo,Cana panelera,Julio,0.5
Paramo,Cana panelera,Julio,0.5
Paramo,Cana panelera,Agosto,0.5
Paramo,Cana panelera,Julio,0.5
Paramo,Cana panelera,Agosto,0.64
Paramo,Cana panelera,Julio,0.65
Paramo,Cana panelera,Agosto,0.5
Paramo,Cana panelera,Julio,0.5
Paramo,Tomate,Mayo,2.1
Paramo,Cana panelera,Julio,0.5
Paramo,Platano,Julio,0.62
Paramo,Cana panelera,Julio,0.5
Paramo,Cana panelera,Agosto,0.5
Paramo,Cana panelera,Julio,0.5
Paramo,Cana panelera,Julio,0.5
Paramo,Cana panelera,Julio,0.5
Paramo,Cana panelera,Julio,0.5
Paramo,Cana panelera,Julio,0.5
Paramo,Cana panelera,Julio,0.64
Paramo,Cana panelera,Julio,0.5
Paramo,Cana panelera,Julio,0.72
Paramo,Platano,Julio,0.62
Paramo,Cana panelera,Julio,0.5
Paramo,Cana panelera,Agosto,0.5
Paramo,Cana panelera,Agosto,0.5
Paramo,Cana panelera,Julio,0.5
Paramo,Maiz Amarillo,Mayo,0.33
Paramo,Cana panelera,Julio,0.5
Paramo,Maiz Amarillo,Mayo,0.33
Paramo,Cana panelera,Julio,0.5
Paramo,Cana panelera,Julio,0.5
Paramo,Cana panelera,Julio,0.5
Paramo,Cana panelera,Julio,0.67
Paramo,Cana panelera,Julio,0.7
Paramo,Cana panelera,Julio,0.5
Paramo,Cana panelera,Agosto,0.5
Paramo,Cana panelera,Julio,0.5
Paramo,Cana panelera,Agosto,0.63
Paramo,Cana panelera,Julio,0.5
Paramo,Platano,Julio,0.62
Paramo,Cana panelera,Julio,0.5
Paramo,Frijol,Mayo,0.01
Paramo,Cana panelera,Julio,0.5
Paramo,Cana panelera,Julio,0.5
Paramo,Platano,Agosto,0.62
Paramo,Cana panelera,Agosto,0.5
Paramo,Platano,Julio,0.62
Paramo,Cana panelera,Julio,0.5
Paramo,Cana panelera,Agosto,0.5
Paramo,Cana panelera,Julio,0.72
Paramo,Platano,Agosto,0.62
Paramo,Cana panelera,Agosto,0.5
Paramo,Yuca,Septiembre,1.38
Paramo,Cana panelera,Julio,0.5
Paramo,Cana panelera,Agosto,0.5
Paramo,Cana panelera,Julio,0.5
Paramo,Cana panelera,Agosto,0.5
Paramo,Cana panelera,Julio,0.5
Paramo,Cana panelera,Agosto,0.69
Paramo,Cana panelera,Julio,0.5
Paramo,Cana panelera,Julio,0.67
Paramo,Tomate,Mayo,2.1
Paramo,Tomate,Mayo,2.1
Paramo,Cana panelera,Agosto,0.5
Paramo,Cana panelera,Julio,0.5
Paramo,Tomate,Mayo,2.1
Paramo,Cana panelera,Julio,0.5
Paramo,Cana panelera,Agosto,0.5
Paramo,Cana panelera,Julio,0.5
Paramo,Cana panelera,Agosto,0.5
Paramo,Yuca,Septiembre,1.31
Paramo,Cana panelera,Julio,0.5
Paramo,Cana panelera,Agosto,0.5
Paramo,Cana panelera,Julio,0.67
Paramo,Cana panelera,Julio,0.5
Paramo,Yuca,Septiembre,1.4
Paramo,Cana panelera,Julio,0.5
Paramo,Cana panelera,Agosto,0.5
Paramo,Cana panelera,Agosto,0.5
Paramo,Cana panelera,Julio,0.5
Paramo,Platano,Agosto,0.62
Paramo,Cana panelera,Agosto,0.5
Paramo,Cana panelera,Julio,0.5
Paramo,Cana panelera,Julio,0.5
Paramo,Habichuela,Octubre,2.12
Paramo,Cana panelera,Agosto,0.5
Paramo,Yuca,Septiembre,1.25
Paramo,Cana panelera,Julio,0.5
Paramo,Cana panelera,Agosto,0.5
Paramo,Cana panelera,Agosto,0.5
Paramo,Cana panelera,Agosto,0.5
Paramo,Cana panelera,Agosto,0.68
Paramo,Cana panelera,Agosto,0.5
Paramo,Cana panelera,Julio,0.5
Paramo,Platano,Julio,0.62
Paramo,Cana panelera,Julio,0.5
Paramo,Cana panelera,Julio,0.5
Paramo,Cana panelera,Julio,0.63
Paramo,Cana panelera,Julio,0.5
Paramo,Cana panelera,Julio,0.5
Paramo,Habichuela,Octubre,2.22
Paramo,Habichuela,Octubre,2.35
Pinchote,Maiz Amarillo,Mayo,0.31
Pinchote,Maiz Blanco,Mayo,0.35
Pinchote,Tomate,Marzo,2.1
Pinchote,Platano,Julio,0.63
Pinchote,Maiz Amarillo,Junio,0.33
Pinchote,Maiz Amarillo,Junio,0.32
Pinchote,Maiz Amarillo,Junio,0.31
Pinchote,Maiz Blanco,Junio,0.33
Pinchote,Platano,Agosto,0.63
Pinchote,Platano,Agosto,0.63
Pinchote,Platano,Julio,0.63
Pinchote,Maiz Amarillo,Mayo,0.34
Pinchote,Platano,Julio,0.63
Pinchote,Maiz Amarillo,Mayo,0.3
Pinchote,Tomate,Mayo,2.1
Pinchote,Maiz Blanco,Mayo,0.34
Pinchote,Maiz Amarillo,Mayo,0.31
Pinchote,Maiz Blanco,Junio,0.35
Pinchote,Maiz Blanco,Junio,0.37
Pinchote,Maiz Blanco,Junio,0.35
Pinchote,Maiz Blanco,Mayo,0.34
Pinchote,Maiz Blanco,Junio,0.35
Pinchote,Platano,Julio,0.63
Pinchote,Maiz Amarillo,Mayo,0.33
Pinchote,Maiz Blanco,Junio,0.33
Pinchote,Maiz Amarillo,Junio,0.34
Pinchote,Platano,Julio,0.63
Pinchote,Maiz Amarillo,Mayo,0.34
Pinchote,Platano,Julio,0.63
Pinchote,Maiz Amarillo,Mayo,0.3
Pinchote,Platano,Agosto,0.63
Pinchote,Maiz Amarillo,Junio,0.32
Pinchote,Maiz Amarillo,Diciembre,0.31
Pinchote,Maiz Blanco,Mayo,0.35
Pinchote,Maiz Amarillo,Diciembre,0.31
Pinchote,Platano,Julio,0.63
Pinchote,Maiz Amarillo,Mayo,0.33
Pinchote,Platano,Agosto,0.63
Pinchote,Maiz Blanco,Junio,0.29
Pinchote,Platano,Julio,0.63
Pinchote,Maiz Amarillo,Mayo,0.32
Pinchote,Maiz Blanco,Junio,0.34
Pinchote,Maiz Blanco,Mayo,0.33
Pinchote,Maiz Blanco,Junio,0.34
Pinchote,Maiz Amarillo,Junio,0.34
Pinchote,Platano,Agosto,0.63
Pinchote,Maiz Blanco,Junio,0.32
Pinchote,Platano,Julio,0.63
Pinchote,Maiz Amarillo,Mayo,0.33
Pinchote,Maiz Blanco,Junio,0.32
Pinchote,Maiz Blanco,Junio,0.32
Pinchote,Maiz Blanco,Mayo,0.35
Pinchote,Maiz Amarillo,Mayo,0.32
Pinchote,Platano,Agosto,0.63
Pinchote,Maiz Blanco,Junio,0.35
Pinchote,Maiz Amarillo,Mayo,0.32
Pinchote,Platano,Agosto,0.63
Pinchote,Maiz Amarillo,Junio,0.34
Pinchote,Maiz Blanco,Junio,0.32
Pinchote,Maiz Amarillo,Mayo,0.34
Pinchote,Platano,Julio,0.63
Pinchote,Maiz Amarillo,Mayo,0.34
Pinchote,Maiz Amarillo,Mayo,0.32
Pinchote,Platano,Julio,0.63
Pinchote,Maiz Amarillo,Mayo,0.32
Pinchote,Maiz Blanco,Junio,0.35
Pinchote,Maiz Blanco,Junio,0.37
Pinchote,Maiz Amarillo,Mayo,0.32
Pinchote,Maiz Amarillo,Mayo,0.33
Pinchote,Maiz Amarillo,Mayo,0.34
Pinchote,Tomate,Mayo,2.1
Pinchote,Platano,Julio,0.63
Pinchote,Maiz Amarillo,Mayo,0.33
Pinchote,Maiz Blanco,Mayo,0.34
Pinchote,Platano,Julio,0.63
Pinchote,Maiz Amarillo,Mayo,0.3
Pinchote,Maiz Amarillo,Mayo,0.33
Pinchote,Maiz Blanco,Junio,0.35
Pinchote,Maiz Amarillo,Mayo,0.29
Pinchote,Maiz Amarillo,Mayo,0.33
Pinchote,Platano,Julio,0.63
Pinchote,Maiz Amarillo,Mayo,0.32
Pinchote,Maiz Amarillo,Mayo,0.32
Pinchote,Maiz Blanco,Junio,0.35
Pinchote,Platano,Julio,0.63
Pinchote,Maiz Amarillo,Mayo,0.32
Pinchote,Maiz Amarillo,Mayo,0.32
Pinchote,Maiz Amarillo,Mayo,0.34
Pinchote,Maiz Amarillo,Diciembre,0.33
Pinchote,Maiz Blanco,Junio,0.34
Pinchote,Maiz Blanco,Junio,0.34
Pinchote,Platano,Julio,0.63
Pinchote,Maiz Amarillo,Mayo,0.3
Pinchote,Platano,Julio,0.63
Pinchote,Maiz Amarillo,Mayo,0.35
Pinchote,Maiz Amarillo,Mayo,0.35
Pinchote,Maiz Amarillo,Mayo,0.32
Pinchote,Maiz Blanco,Junio,0.37
Pinchote,Maiz Amarillo,Mayo,0.32
Pinchote,Maiz Amarillo,Mayo,0.34
Pinchote,Maiz Amarillo,Mayo,0.3
Pinchote,Platano,Agosto,0.63
Pinchote,Maiz Blanco,Junio,0.37
Pinchote,Maiz Amarillo,Mayo,0.31
Pinchote,Platano,Agosto,0.63
Pinchote,Maiz Blanco,Mayo,0.35
Pinchote,Maiz Amarillo,Mayo,0.33
Pinchote,Maiz Amarillo,Mayo,0.36
Pinchote,Maiz Amarillo,Mayo,0.33
Pinchote,Platano,Agosto,0.63
Pinchote,Maiz Blanco,Mayo,0.37
Pinchote,Maiz Amarillo,Mayo,0.35
Pinchote,Platano,Agosto,0.63
Pinchote,Maiz Blanco,Junio,0.33
Pinchote,Mijo,Marzo,0.02
Pinchote,Mijo,Marzo,0.02
Pinchote,Mijo,Marzo,0.02
Pinchote,Mijo,Marzo,0.02
Pinchote,Maiz Blanco,Mayo,0.31
Pinchote,Maiz Amarillo,Mayo,0.33
Pinchote,Platano,Agosto,0.63
Pinchote,Platano,Agosto,0.63
Pinchote,Maiz Blanco,Mayo,0.37
Pinchote,Maiz Blanco,Mayo,0.32
Pinchote,Mijo,Febrero,0.02
Pinchote,Yuca,Septiembre,1.29
Pinchote,Maiz Amarillo,Mayo,0.34
Pinchote,Platano,Agosto,0.63
Pinchote,Maiz Blanco,Mayo,0.34
Pinchote,Maiz Blanco,Mayo,0.34
Pinchote,Maiz Blanco,Mayo,0.34
Pinchote,Maiz Blanco,Mayo,0.36
Pinchote,Maiz Blanco,Mayo,0.35
Pinchote,Maiz Blanco,Mayo,0.38
Pinchote,Maiz Blanco,Mayo,0.35
Pinchote,Maiz Amarillo,Junio,0.33
Pinchote,Mijo,Marzo,0.02
Pinchote,Mijo,Marzo,0.02
Pinchote,Mijo,Marzo,0.02
Pinchote,Maiz Amarillo,Mayo,0.31
Pinchote,Platano,Agosto,0.63
Pinchote,Maiz Blanco,Mayo,0.35
Pinchote,Platano,Julio,0.63
Pinchote,Yuca,Septiembre,1.24
Pinchote,Maiz Amarillo,Mayo,0.32
Pinchote,Maiz Blanco,Junio,0.36
Pinchote,Maiz Blanco,Mayo,0.32
Pinchote,Maiz Amarillo,Mayo,0.32
Pinchote,Platano,Julio,0.63
Pinchote,Yuca,Septiembre,1.3
Pinchote,Maiz Amarillo,Mayo,0.33
Pinchote,Platano,Agosto,0.63
Pinchote,Maiz Blanco,Mayo,0.36
Pinchote,Maiz Blanco,Mayo,0.34
Pinchote,Platano,Julio,0.63
Pinchote,Maiz Amarillo,Mayo,0.3
Pinchote,Maiz Amarillo,Mayo,0.31
Pinchote,Platano,Agosto,0.63
Pinchote,Maiz Amarillo,Mayo,0.33
Pinchote,Platano,Agosto,0.63
Pinchote,Maiz Amarillo,Junio,0.32
Pinchote,Maiz Amarillo,Junio,0.33
Pinchote,Tomate,Marzo,2.1
Pinchote,Tomate,Marzo,2.1
Pinchote,Maiz Amarillo,Mayo,0.31
Pinchote,Maiz Blanco,Mayo,0.36
Pinchote,Maiz Amarillo,Junio,0.33
Pinchote,Maiz Amarillo,Mayo,0.33
Pinchote,Maiz Amarillo,Mayo,0.3
Pinchote,Maiz Amarillo,Mayo,0.32
Pinchote,Maiz Amarillo,Mayo,0.3
Pinchote,Yuca,Septiembre,1.32
Pinchote,Maiz Amarillo,Mayo,0.3
Pinchote,Maiz Amarillo,Mayo,0.34
Pinchote,Maiz Amarillo,Mayo,0.34
Pinchote,Maiz Amarillo,Mayo,0.33
Pinchote,Maiz Amarillo,Mayo,0.31
Pinchote,Maiz Amarillo,Mayo,0.3
Pinchote,Maiz Amarillo,Mayo,0.33
Pinchote,Maiz Amarillo,Mayo,0.32
Pinchote,Maiz Amarillo,Mayo,0.33
Pinchote,Maiz Amarillo,Junio,0.33
Pinchote,Maiz Amarillo,Junio,0.33
Pinchote,Maiz Amarillo,Diciembre,0.31
Pinchote,Maiz Amarillo,Diciembre,0.33
Pinchote,Maiz Amarillo,Mayo,0.32
Pinchote,Maiz Amarillo,Mayo,0.34
Pinchote,Maiz Amarillo,Mayo,0.33
Pinchote,Maiz Amarillo,Mayo,0.34
Pinchote,Maiz Amarillo,Mayo,0.33
Pinchote,Maiz Amarillo,Diciembre,0.35
Pinchote,Maiz Amarillo,Diciembre,0.31
Pinchote,Maiz Amarillo,Mayo,0.31
Pinchote,Maiz Amarillo,Mayo,0.34
Pinchote,Maiz Amarillo,Mayo,0.33
Pinchote,Maiz Amarillo,Mayo,0.3
Pinchote,Maiz Amarillo,Mayo,0.33
Pinchote,Maiz Amarillo,Mayo,0.3
Pinchote,Maiz Amarillo,Junio,0.34
Pinchote,Maiz Amarillo,Junio,0.33
Pinchote,Maiz Amarillo,Mayo,0.33
Pinchote,Maiz Amarillo,Junio,0.32
Pinchote,Maiz Amarillo,Junio,0.33
Pinchote,Platano,Julio,0.63
Pinchote,Maiz Amarillo,Mayo,0.32
Pinchote,Maiz Amarillo,Junio,0.3
Pinchote,Maiz Amarillo,Junio,0.32
Pinchote,Maiz Amarillo,Mayo,0.32
Pinchote,Maiz Amarillo,Junio,0.32
Pinchote,Maiz Amarillo,Junio,0.3
Pinchote,Tomate,Marzo,2.1
Pinchote,Tomate,Marzo,2.1
Pinchote,Maiz Amarillo,Junio,0.32
Pinchote,Maiz Amarillo,Junio,0.32
Pinchote,Tomate,Marzo,2.1
Pinchote,Maiz Amarillo,Mayo,0.37
Pinchote,Maiz Amarillo,Junio,0.34
Pinchote,Maiz Amarillo,Junio,0.32
Pinchote,Maiz Amarillo,Mayo,0.31
Pinchote,Maiz Blanco,Diciembre,0.34
Pinchote,Maiz Blanco,Diciembre,0.35
Pinchote,Maiz Amarillo,Diciembre,0.29
Pinchote,Maiz Amarillo,Mayo,0.31
Pinchote,Maiz Amarillo,Mayo,0.36
Pinchote,Platano,Julio,0.63
Pinchote,Maiz Blanco,Mayo,0.33
Pinchote,Maiz Amarillo,Mayo,0.32
Pinchote,Maiz Blanco,Mayo,0.35
Pinchote,Maiz Amarillo,Mayo,0.34
Pinchote,Maiz Amarillo,Diciembre,0.34
Pinchote,Maiz Amarillo,Mayo,0.3
Pinchote,Maiz Blanco,Junio,0.33
Pinchote,Maiz Amarillo,Junio,0.33
Pinchote,Maiz Amarillo,Mayo,0.33
Pinchote,Maiz Blanco,Mayo,0.34
Pinchote,Maiz Amarillo,Mayo,0.3
Pinchote,Maiz Amarillo,Diciembre,0.32
Pinchote,Maiz Amarillo,Mayo,0.32
Pinchote,Maiz Amarillo,Diciembre,0.27
Pinchote,Maiz Amarillo,Junio,0.31
Pinchote,Tomate,Mayo,2.1
Pinchote,Tomate,Mayo,2.1
Pinchote,Maiz Amarillo,Mayo,0.32
Pinchote,Maiz Blanco,Mayo,0.34
Pinchote,Tomate,Mayo,2.1
Pinchote,Maiz Blanco,Junio,0.34
Pinchote,Maiz Amarillo,Junio,0.33
Pinchote,Maiz Blanco,Mayo,0.35
Pinchote,Maiz Amarillo,Mayo,0.33
Pinchote,Maiz Blanco,Mayo,0.33
Pinchote,Maiz Blanco,Mayo,0.35
Pinchote,Maiz Amarillo,Mayo,0.33
Pinchote,Maiz Blanco,Mayo,0.37
Pinchote,Maiz Blanco,Junio,0.3
Pinchote,Maiz Amarillo,Junio,0.33
Pinchote,Maiz Blanco,Mayo,0.35
Pinchote,Maiz Blanco,Junio,0.33
Pinchote,Maiz Amarillo,Junio,0.31
Pinchote,Maiz Blanco,Mayo,0.34
Pinchote,Maiz Blanco,Mayo,0.36
Pinchote,Maiz Blanco,Junio,0.34
Pinchote,Maiz Blanco,Mayo,0.34
Pinchote,Maiz Blanco,Mayo,0.35
Pinchote,Maiz Blanco,Mayo,0.33
Pinchote,Maiz Amarillo,Mayo,0.34
Pinchote,Tomate,Mayo,2.1
Pinchote,Maiz Blanco,Mayo,0.36
Pinchote,Maiz Amarillo,Mayo,0.32
Pinchote,Maiz Blanco,Junio,0.34
Pinchote,Maiz Amarillo,Junio,0.31
Pinchote,Maiz Blanco,Junio,0.34
Pinchote,Maiz Amarillo,Junio,0.31
Pinchote,Tomate,Marzo,2.1
Pinchote,Tomate,Marzo,2.1
Pinchote,Tomate,Marzo,2.1
Pinchote,Tomate,Marzo,2.1
Pinchote,Maiz Amarillo,Junio,0.31
Pinchote,Maiz Blanco,Junio,0.32
Pinchote,Maiz Amarillo,Junio,0.32
Pinchote,Maiz Blanco,Junio,0.34
Pinchote,Maiz Blanco,Mayo,0.33
Pinchote,Maiz Amarillo,Mayo,0.3
Pinchote,Maiz Blanco,Mayo,0.33
Pinchote,Maiz Amarillo,Mayo,0.3
Pinchote,Tomate,Mayo,2.1
Pinchote,Maiz Blanco,Mayo,0.35
Pinchote,Platano,Julio,0.63
Pinchote,Maiz Amarillo,Mayo,0.35
Pinchote,Maiz Blanco,Mayo,0.35
Pinchote,Platano,Julio,0.63
Pinchote,Platano,Julio,0.63
Pinchote,Maiz Blanco,Mayo,0.34
Pinchote,Maiz Blanco,Junio,0.36
Pinchote,Maiz Amarillo,Junio,0.33
Pinchote,Platano,Julio,0.63
Pinchote,Tomate,Marzo,2.1
Pinchote,Platano,Julio,0.63
Pinchote,Platano,Julio,0.63
Pinchote,Maiz Blanco,Mayo,0.33
Pinchote,Platano,Julio,0.63
Pinchote,Tomate,Marzo,2.1
Pinchote,Maiz Blanco,Junio,0.32
Pinchote,Maiz Amarillo,Junio,0.33
Pinchote,Tomate,Mayo,2.1
Pinchote,Platano,Julio,0.63
Pinchote,Maiz Blanco,Mayo,0.33
Pinchote,Tomate,Marzo,2.1
Pinchote,Maiz Blanco,Mayo,0.36
Pinchote,Maiz Amarillo,Mayo,0.35
Pinchote,Maiz Blanco,Mayo,0.33
Pinchote,Maiz Amarillo,Mayo,0.35
Pinchote,Maiz Blanco,Mayo,0.32
Pinchote,Tomate,Marzo,2.1
Pinchote,Maiz Blanco,Junio,0.34
Pinchote,Maiz Amarillo,Junio,0.33
Pinchote,Maiz Blanco,Mayo,0.35
Pinchote,Maiz Amarillo,Mayo,0.31
Pinchote,Maiz Blanco,Mayo,0.32
Pinchote,Maiz Amarillo,Mayo,0.32
Pinchote,Tomate,Marzo,2.1
Pinchote,Tomate,Marzo,2.1
Pinchote,Tomate,Marzo,2.1
Pinchote,Maiz Blanco,Junio,0.33
Pinchote,Maiz Amarillo,Junio,0.33
Pinchote,Platano,Julio,0.63
Pinchote,Platano,Julio,0.63
Pinchote,Maiz Blanco,Mayo,0.34
Pinchote,Maiz Blanco,Mayo,0.34
Pinchote,Maiz Amarillo,Mayo,0.3
Pinchote,Platano,Agosto,0.63
Pinchote,Tomate,Marzo,2.1
Pinchote,Maiz Blanco,Mayo,0.35
Pinchote,Platano,Junio,0.63
Pinchote,Platano,Agosto,0.63
Pinchote,Maiz Blanco,Mayo,0.37
Pinchote,Maiz Amarillo,Mayo,0.31
Pinchote,Maiz Blanco,Mayo,0.35
Pinchote,Maiz Amarillo,Mayo,0.32
Pinchote,Maiz Blanco,Mayo,0.36
Pinchote,Maiz Amarillo,Mayo,0.3
Pinchote,Maiz Blanco,Mayo,0.34
Pinchote,Maiz Amarillo,Mayo,0.31
Pinchote,Maiz Blanco,Mayo,0.35
Pinchote,Tomate,Mayo,2.1
Pinchote,Maiz Blanco,Junio,0.38
Pinchote,Maiz Blanco,Mayo,0.34
Pinchote,Maiz Amarillo,Mayo,0.33
Pinchote,Maiz Blanco,Mayo,0.32
Pinchote,Platano,Julio,0.63
Pinchote,Platano,Julio,0.63
Pinchote,Maiz Blanco,Mayo,0.38
Pinchote,Maiz Amarillo,Mayo,0.31
Pinchote,Maiz Blanco,Mayo,0.34
Pinchote,Maiz Amarillo,Mayo,0.31
Pinchote,Maiz Blanco,Mayo,0.35
Pinchote,Platano,Agosto,0.63
Pinchote,Platano,Julio,0.63
Pinchote,Maiz Blanco,Mayo,0.36
Pinchote,Maiz Amarillo,Mayo,0.31
Pinchote,Maiz Blanco,Junio,0.34
Pinchote,Maiz Amarillo,Diciembre,0.33
Pinchote,Tomate,Mayo,2.1
Pinchote,Maiz Blanco,Mayo,0.33
Pinchote,Maiz Amarillo,Mayo,0.33
Pinchote,Maiz Blanco,Mayo,0.35
Pinchote,Maiz Amarillo,Mayo,0.32
Pinchote,Platano,Agosto,0.63
Pinchote,Maiz Blanco,Mayo,0.36
Pinchote,Maiz Blanco,Mayo,0.34
Pinchote,Maiz Amarillo,Mayo,0.34
Pinchote,Platano,Julio,0.63
Pinchote,Tomate,Mayo,2.1
Pinchote,Tomate,Mayo,2.1
Pinchote,Tomate,Mayo,2.1
Pinchote,Maiz Blanco,Mayo,0.34
Pinchote,Maiz Blanco,Mayo,0.36
Pinchote,Platano,Agosto,0.63
Pinchote,Maiz Blanco,Mayo,0.33
Pinchote,Platano,Agosto,0.63
Pinchote,Maiz Blanco,Mayo,0.33
Pinchote,Tomate,Mayo,2.1
Pinchote,Maiz Blanco,Mayo,0.34
Pinchote,Tomate,Mayo,2.1
Pinchote,Platano,Agosto,0.63
Pinchote,Maiz Blanco,Mayo,0.36
Pinchote,Platano,Agosto,0.63
Pinchote,Platano,Agosto,0.63
Pinchote,Platano,Agosto,0.63
Pinchote,Maiz Blanco,Mayo,0.37
Pinchote,Platano,Agosto,0.63
Pinchote,Platano,Agosto,0.63
Pinchote,Platano,Agosto,0.63
Pinchote,Platano,Agosto,0.63
Pinchote,Platano,Agosto,0.63
Pinchote,Tomate,Mayo,2.1
Pinchote,Tomate,Marzo,2.1
Pinchote,Maiz Blanco,Mayo,0.32
Pinchote,Maiz Blanco,Mayo,0.34
Pinchote,Maiz Amarillo,Mayo,0.33
Pinchote,Platano,Agosto,0.63
Pinchote,Tomate,Marzo,2.1
Pinchote,Maiz Blanco,Mayo,0.34
Pinchote,Maiz Amarillo,Mayo,0.34
Pinchote,Platano,Agosto,0.63
Pinchote,Platano,Agosto,0.63
Pinchote,Maiz Blanco,Mayo,0.35
Pinchote,Maiz Blanco,Mayo,0.34
Pinchote,Maiz Amarillo,Mayo,0.3
Pinchote,Platano,Agosto,0.63
Pinchote,Maiz Blanco,Mayo,0.34
Pinchote,Maiz Amarillo,Mayo,0.34
Pinchote,Platano,Agosto,0.63
Pinchote,Platano,Agosto,0.63
Pinchote,Platano,Julio,0.63
Pinchote,Maiz Blanco,Mayo,0.33
Pinchote,Maiz Blanco,Mayo,0.33
Pinchote,Maiz Blanco,Mayo,0.34
Pinchote,Maiz Amarillo,Mayo,0.32
Pinchote,Maiz Amarillo,Mayo,0.31
Pinchote,Tomate,Marzo,2.1
Pinchote,Platano,Julio,0.63
Pinchote,Platano,Agosto,0.63
Pinchote,Platano,Julio,0.63
Pinchote,Platano,Agosto,0.63
Pinchote,Maiz Amarillo,Mayo,0.33
Pinchote,Maiz Amarillo,Mayo,0.32
Pinchote,Maiz Amarillo,Mayo,0.34
Pinchote,Maiz Amarillo,Mayo,0.33
Pinchote,Maiz Amarillo,Mayo,0.29
Pinchote,Maiz Amarillo,Junio,0.29
Pinchote,Maiz Amarillo,Mayo,0.31
Pinchote,Platano,Agosto,0.63
Pinchote,Maiz Amarillo,Mayo,0.33
Pinchote,Maiz Amarillo,Mayo,0.33
Pinchote,Maiz Amarillo,Mayo,0.32
Pinchote,Platano,Julio,0.63
Pinchote,Platano,Agosto,0.63
Pinchote,Platano,Julio,0.63
Pinchote,Maiz Amarillo,Junio,0.35
Pinchote,Platano,Julio,0.63
Pinchote,Platano,Agosto,0.63
Pinchote,Platano,Julio,0.63
Pinchote,Platano,Agosto,0.63
Pinchote,Platano,Julio,0.63
Pinchote,Platano,Julio,0.63
Pinchote,Maiz Amarillo,Mayo,0.3
Pinchote,Platano,Julio,0.63
Pinchote,Maiz Amarillo,Mayo,0.3
Pinchote,Cana fistula,Abril,0.5
Pinchote,Cana fistula,Abril,0.48
San Gil,Perejil,Mayo,0.3
San Gil,Maiz Blanco,Mayo,0.33
San Gil,Perejil,Mayo,0.3
San Gil,Perejil,Mayo,0.27
San Gil,Perejil,Mayo,0.26
San Gil,Perejil,Mayo,0.27
San Gil,Perejil,Mayo,0.29
San Gil,Perejil,Mayo,0.3
San Gil,Yuca,Febrero,1.38
San Gil,Maiz Amarillo,Diciembre,0.32
San Gil,Maiz Blanco,Diciembre,0.34
San Gil,Perejil,Octubre,0.27
San Gil,Frijol,Mayo,0.01
San Gil,Maiz Amarillo,Mayo,0.32
San Gil,Maiz Blanco,Mayo,0.36
San Gil,Frijol,Mayo,0.01
San Gil,Frijol,Mayo,0.01
San Gil,Papaya,Julio,2.87
San Gil,Papaya,Julio,2.87
San Gil,Platano,Julio,0.64
San Gil,Yuca,Septiembre,1.34
San Gil,Yuca,Septiembre,1.2
San Gil,Platano,Julio,0.64
San Gil,Platano,Julio,0.64
San Gil,Perejil,Mayo,0.28
San Gil,Perejil,Mayo,0.28
San Gil,Perejil,Mayo,0.3
San Gil,Perejil,Mayo,0.26
San Gil,Perejil,Mayo,0.28
San Gil,Yuca,Septiembre,1.34
San Gil,Maiz Amarillo,Mayo,0.31
San Gil,Platano,Julio,0.64
San Gil,Yuca,Septiembre,1.43
San Gil,Maiz Amarillo,Diciembre,0.3
San Gil,Platano,Junio,0.64
San Gil,Maiz Amarillo,Mayo,0.3
San Gil,Maiz Blanco,Diciembre,0.36
San Gil,Maiz Blanco,Mayo,0.32
San Gil,Frijol,Mayo,0.01
San Gil,Yuca,Marzo,1.42
San Gil,Frijol,Mayo,0.01
San Gil,Maiz Amarillo,Mayo,0.31
San Gil,Yuca,Marzo,1.2
San Gil,Platano,Julio,0.64
San Gil,Maiz Amarillo,Mayo,0.35
San Gil,Yuca,Septiembre,1.29
San Gil,Perejil,Mayo,0.26
San Gil,Perejil,Mayo,0.29
San Gil,Maiz Amarillo,Diciembre,0.33
San Gil,Maiz Amarillo,Mayo,0.33
San Gil,Frijol,Mayo,0.01
San Gil,Frijol,Mayo,0.01
San Gil,Platano,Julio,0.64
San Gil,Lulo,Septiembre,0.18
San Gil,Frijol,Mayo,0.01
San Gil,Maiz Blanco,Mayo,0.35
San Gil,Frijol,Mayo,0.01
San Gil,Platano,Agosto,0.64
San Gil,Platano,Julio,0.64
San Gil,Maiz Blanco,Mayo,0.34
San Gil,Perejil,Mayo,0.29
San Gil,Perejil,Mayo,0.28
San Gil,Perejil,Mayo,0.3
San Gil,Perejil,Mayo,0.27
San Gil,Maiz Amarillo,Noviembre,0.32
San Gil,Maiz Amarillo,Noviembre,0.3
San Gil,Maiz Amarillo,Diciembre,0.36
San Gil,Maiz Blanco,Diciembre,0.34
San Gil,Perejil,Octubre,0.29
San Gil,Perejil,Octubre,0.26
San Gil,Perejil,Octubre,0.27
San Gil,Perejil,Octubre,0.29
San Gil,Perejil,Octubre,0.25
San Gil,Frijol,Mayo,0.01
San Gil,Maiz Blanco,Mayo,0.33
San Gil,Maiz Blanco,Mayo,0.3
San Gil,Frijol,Mayo,0.01
San Gil,Maiz Amarillo,Junio,0.33
San Gil,Yuca,Septiembre,1.4
San Gil,Frijol,Marzo,0.01
San Gil,Platano,Julio,0.64
San Gil,Platano,Julio,0.64
San Gil,Platano,Agosto,0.64
San Gil,Perejil,Mayo,0.29
San Gil,Perejil,Mayo,0.29
San Gil,Maiz Amarillo,Diciembre,0.31
San Gil,Maiz Amarillo,Diciembre,0.32
San Gil,Maiz Blanco,Diciembre,0.36
San Gil,Perejil,Octubre,0.28
San Gil,Perejil,Octubre,0.28
San Gil,Maiz Blanco,Diciembre,0.33
San Gil,Yuca,Septiembre,1.28
San Gil,Perejil,Mayo,0.28
San Gil,Yuca,Septiembre,1.32
San Gil,Maiz Amarillo,Diciembre,0.33
San Gil,Maiz Blanco,Diciembre,0.34
San Gil,Perejil,Octubre,0.27
San Gil,Perejil,Octubre,0.3
San Gil,Perejil,Octubre,0.27
San Gil,Frijol,Mayo,0.01
San Gil,Maiz Blanco,Mayo,0.33
San Gil,Papaya,Junio,2.87
San Gil,Tomate,Mayo,2.1
San Gil,Perejil,Mayo,0.28
San Gil,Frijol,Mayo,0.01
San Gil,Frijol,Mayo,0.01
San Gil,Maiz Amarillo,Mayo,0.32
San Gil,Frijol,Mayo,0.01
San Gil,Maiz Amarillo,Diciembre,0.31
San Gil,Yuca,Septiembre,1.36
San Gil,Platano,Julio,0.64
San Gil,Perejil,Mayo,0.29
San Gil,Cana panelera,Julio,0.5
San Gil,Maiz Blanco,Mayo,0.34
San Gil,Perejil,Mayo,0.29
San Gil,Perejil,Mayo,0.27
San Gil,Frijol,Mayo,0.01
San Gil,Yuca,Marzo,1.39
San Gil,Platano,Agosto,0.64
San Gil,Yuca,Septiembre,1.44
San Gil,Cana panelera,Julio,0.5
San Gil,Papaya,Junio,2.87
San Gil,Frijol,Mayo,0.01
San Gil,Frijol,Mayo,0.01
San Gil,Papaya,Julio,2.87
San Gil,Maiz Amarillo,Mayo,0.32
San Gil,Frijol,Mayo,0.01
San Gil,Frijol,Mayo,0.01
San Gil,Yuca,Septiembre,1.34
San Gil,Maiz Amarillo,Junio,0.33
San Gil,Maiz Blanco,Junio,0.35
San Gil,Yuca,Septiembre,1.33
San Gil,Yuca,Septiembre,1.44
San Gil,Yuca,Septiembre,1.33
San Gil,Platano,Julio,0.64
San Gil,Yuca,Septiembre,1.21
San Gil,Maiz Blanco,Junio,0.37
San Gil,Platano,Julio,0.64
San Gil,Maiz Blanco,Mayo,0.37
San Gil,Perejil,Mayo,0.27
San Gil,Maiz Blanco,Mayo,0.37
San Gil,Perejil,Mayo,0.26
San Gil,Perejil,Mayo,0.27
San Gil,Yuca,Septiembre,1.27
San Gil,Yuca,Septiembre,1.26
San Gil,Maiz Blanco,Mayo,0.33
San Gil,Frijol,Mayo,0.01
San Gil,Frijol,Mayo,0.01
San Gil,Maiz Blanco,Junio,0.35
San Gil,Perejil,Mayo,0.29
San Gil,Maiz Blanco,Junio,0.33
San Gil,Perejil,Mayo,0.32
San Gil,Maiz Blanco,Junio,0.34
San Gil,Perejil,Mayo,0.29
San Gil,Perejil,Mayo,0.25
San Gil,Yuca,Septiembre,1.38
San Gil,Platano,Agosto,0.64
San Gil,Maiz Blanco,Junio,0.36
San Gil,Maiz Blanco,Mayo,0.36
San Gil,Frijol,Mayo,0.01
San Gil,Perejil,Mayo,0.26
San Gil,Maiz Blanco,Mayo,0.37
San Gil,Perejil,Mayo,0.28
San Gil,Perejil,Mayo,0.25
San Gil,Yuca,Septiembre,1.38
San Gil,Frijol,Mayo,0.01
San Gil,Maiz Blanco,Mayo,0.34
San Gil,Maiz Amarillo,Diciembre,0.3
San Gil,Perejil,Mayo,0.29
San Gil,Perejil,Mayo,0.26
San Gil,Frijol,Mayo,0.01
San Gil,Yuca,Septiembre,1.37
San Gil,Maiz Blanco,Mayo,0.33
San Gil,Papaya,Julio,2.87
San Gil,Frijol,Mayo,0.01
San Gil,Maiz Amarillo,Mayo,0.29
San Gil,Frijol,Mayo,0.01
San Gil,Yuca,Septiembre,1.44
San Gil,Platano,Agosto,0.64
San Gil,Maiz Blanco,Junio,0.33
San Gil,Maiz Blanco,Mayo,0.34
San Gil,Maiz Amarillo,Diciembre,0.31
San Gil,Habichuela,Septiembre,2.07
San Gil,Platano,Julio,0.64
San Gil,Maiz Amarillo,Mayo,0.34
San Gil,Papaya,Julio,2.87
San Gil,Papaya,Julio,2.87
San Gil,Papaya,Julio,2.87
San Gil,Frijol,Mayo,0.01
San Gil,Maiz Amarillo,Mayo,0.31
San Gil,Papaya,Julio,2.87
San Gil,Pina,Septiembre,2.38
San Gil,Pina,Septiembre,2.38
San Gil,Maiz Blanco,Mayo,0.35
San Gil,Platano,Julio,0.64
San Gil,Maiz Blanco,Mayo,0.33
San Gil,Frijol,Mayo,0.01
San Gil,Maiz Amarillo,Mayo,0.35
San Gil,Frijol,Mayo,0.01
San Gil,Maiz Amarillo,Junio,0.31
San Gil,Yuca,Septiembre,1.39
San Gil,Maiz Blanco,Junio,0.37
San Gil,Perejil,Mayo,0.27
San Gil,Platano,Agosto,0.64
San Gil,Yuca,Septiembre,1.27
San Gil,Maiz Blanco,Mayo,0.37
San Gil,Yuca,Septiembre,1.31
San Gil,Frijol,Mayo,0.01
San Gil,Maiz Amarillo,Mayo,0.35
San Gil,Frijol,Mayo,0.01
San Gil,Maiz Amarillo,Mayo,0.32
San Gil,Maiz Blanco,Diciembre,0.36
San Gil,Papaya,Julio,2.87
San Gil,Perejil,Mayo,0.31
San Gil,Perejil,Mayo,0.29
San Gil,Perejil,Mayo,0.27
San Gil,Yuca,Septiembre,1.32
San Gil,Platano,Agosto,0.64
San Gil,Maiz Blanco,Mayo,0.32
San Gil,Perejil,Mayo,0.26
San Gil,Perejil,Mayo,0.25
San Gil,Platano,Agosto,0.64
San Gil,Maiz Amarillo,Diciembre,0.32
San Gil,Maiz Blanco,Diciembre,0.35
San Gil,Perejil,Octubre,0.3
San Gil,Maiz Blanco,Mayo,0.35
San Gil,Frijol,Mayo,0.01
San Gil,Maiz Blanco,Mayo,0.36
San Gil,Platano,Agosto,0.64
San Gil,Yuca,Octubre,1.34
San Gil,Frijol,Mayo,0.01
San Gil,Maiz Amarillo,Mayo,0.32
San Gil,Yuca,Septiembre,1.38
San Gil,Frijol,Mayo,0.01
San Gil,Maiz Amarillo,Diciembre,0.33
San Gil,Maiz Blanco,Diciembre,0.34
San Gil,Perejil,Octubre,0.29
San Gil,Maiz Amarillo,Mayo,0.35
San Gil,Arveja verde,Mayo,0.85
San Gil,Papaya,Julio,2.87
San Gil,Frijol,Mayo,0.01
San Gil,Yuca,Marzo,1.38
San Gil,Maiz Blanco,Mayo,0.33
San Gil,Frijol,Mayo,0.01
San Gil,Maiz Blanco,Mayo,0.35
San Gil,Maiz Blanco,Mayo,0.32
San Gil,Maiz Blanco,Junio,0.35
San Gil,Maiz Blanco,Mayo,0.36
San Gil,Perejil,Mayo,0.28
San Gil,Yuca,Septiembre,1.35
San Gil,Perejil,Mayo,0.26
San Gil,Frijol,Mayo,0.01
San Gil,Maiz Blanco,Mayo,0.33
San Gil,Maiz Blanco,Mayo,0.34
San Gil,Perejil,Mayo,0.28
San Gil,Lulo,Septiembre,0.19
San Gil,Perejil,Mayo,0.27
San Gil,Maiz Amarillo,Mayo,0.3
San Gil,Frijol,Mayo,0.01
San Gil,Papaya,Julio,2.87
San Gil,Maiz Blanco,Mayo,0.33
San Gil,Mijo,Febrero,0.02
San Gil,Perejil,Mayo,0.28
San Gil,Platano,Julio,0.64
San Gil,Maiz Blanco,Mayo,0.33
San Gil,Platano,Julio,0.64
San Gil,Frijol,Mayo,0.01
San Gil,Frijol,Mayo,0.01
San Gil,Tomate,Mayo,2.1
San Gil,Maiz Blanco,Mayo,0.34
San Gil,Perejil,Mayo,0.26
San Gil,Yuca,Septiembre,1.29
San Gil,Yuca,Septiembre,1.47
San Gil,Platano,Julio,0.64
San Gil,Frijol,Mayo,0.01
San Gil,Maiz Blanco,Mayo,0.35
San Gil,Yuca,Septiembre,1.28
San Gil,Perejil,Mayo,0.28
San Gil,Perejil,Mayo,0.28
San Gil,Perejil,Mayo,0.29
San Gil,Perejil,Mayo,0.29
San Gil,Perejil,Mayo,0.28
San Gil,Perejil,Mayo,0.3
San Gil,Perejil,Mayo,0.28
San Gil,Mijo,Febrero,0.02
San Gil,Frijol,Mayo,0.01
San Gil,Maiz Amarillo,Diciembre,0.33
San Gil,Maiz Blanco,Diciembre,0.35
San Gil,Perejil,Octubre,0.26
San Gil,Papaya,Junio,2.87
San Gil,Mijo,Febrero,0.02
San Gil,Perejil,Mayo,0.27
San Gil,Frijol,Mayo,0.01
San Gil,Maiz Blanco,Mayo,0.38
San Gil,Maiz Amarillo,Mayo,0.32
San Gil,Tomate,Mayo,2.1
San Gil,Frijol,Mayo,0.01
San Gil,Platano,Julio,0.64
San Gil,Mijo,Febrero,0.02
San Gil,Yuca,Septiembre,1.32
San Gil,Perejil,Mayo,0.27
San Gil,Perejil,Mayo,0.25
San Gil,Perejil,Mayo,0.26
San Gil,Perejil,Mayo,0.27
San Gil,Perejil,Mayo,0.28
San Gil,Perejil,Mayo,0.3
San Gil,Perejil,Mayo,0.29
San Gil,Perejil,Mayo,0.28
San Gil,Perejil,Mayo,0.28
San Gil,Yuca,Septiembre,1.34
San Gil,Maiz Blanco,Diciembre,0.35
San Gil,Cana panelera,Julio,0.63
San Gil,Maiz Amarillo,Diciembre,0.33
San Gil,Maiz Blanco,Diciembre,0.36
San Gil,Perejil,Octubre,0.3
San Gil,Frijol,Mayo,0.01
San Gil,Frijol,Mayo,0.01
San Gil,Frijol,Mayo,0.01
San Gil,Frijol,Mayo,0.01
San Gil,Yuca,Septiembre,1.35
San Gil,Frijol,Mayo,0.01
San Gil,Maiz Amarillo,Mayo,0.32
San Gil,Tomate,Mayo,2.1
San Gil,Maiz Blanco,Junio,0.32
San Gil,Maiz Blanco,Junio,0.34
San Gil,Perejil,Mayo,0.27
San Gil,Platano,Julio,0.64
San Gil,Perejil,Mayo,0.29
San Gil,Perejil,Mayo,0.28
San Gil,Maiz Blanco,Junio,0.36
San Gil,Perejil,Mayo,0.28
San Gil,Frijol,Mayo,0.01
San Gil,Maiz Blanco,Mayo,0.35
San Gil,Mijo,Febrero,0.02
San Gil,Yuca,Marzo,1.38
San Gil,Maiz Blanco,Junio,0.37
San Gil,Platano,Julio,0.64
San Gil,Tomate,Marzo,2.1
San Gil,Tomate,Marzo,2.1
San Gil,Mijo,Febrero,0.02
San Gil,Perejil,Mayo,0.32
San Gil,Yuca,Septiembre,1.37
San Gil,Perejil,Mayo,0.3
San Gil,Maiz Amarillo,Diciembre,0.31
San Gil,Frijol,Mayo,0.01
San Gil,Yuca,Marzo,1.4
San Gil,Pina,Septiembre,2.38
San Gil,Maiz Blanco,Mayo,0.32
San Gil,Yuca,Marzo,1.27
San Gil,Frijol,Mayo,0.01
San Gil,Frijol,Mayo,0.01
San Gil,Yuca,Septiembre,1.34
San Gil,Yuca,Septiembre,1.26
San Gil,Pina,Septiembre,2.38
San Gil,Mijo,Febrero,0.02
San Gil,Lulo,Septiembre,0.19
San Gil,Maiz Amarillo,Mayo,0.36
San Gil,Cana panelera,Julio,0.5
San Gil,Perejil,Mayo,0.29
San Gil,Perejil,Mayo,0.26
San Gil,Frijol,Mayo,0.01
San Gil,Yuca,Marzo,1.33
San Gil,Frijol,Mayo,0.01
San Gil,Frijol,Mayo,0.01
San Gil,Maiz Amarillo,Mayo,0.31
San Gil,Papaya,Julio,2.87
San Gil,Lulo,Septiembre,0.18
San Gil,Yuca,Septiembre,1.29
San Gil,Frijol,Mayo,0.01
San Gil,Maiz Amarillo,Mayo,0.33
San Gil,Frijol,Mayo,0.01
San Gil,Frijol,Mayo,0.01
San Gil,Maiz Amarillo,Mayo,0.34
San Gil,Platano,Julio,0.64
San Gil,Tomate,Mayo,2.1
San Gil,Maiz Amarillo,Diciembre,0.32
San Gil,Papaya,Junio,2.87
San Gil,Mijo,Febrero,0.02
San Gil,Perejil,Mayo,0.29
San Gil,Maiz Amarillo,Diciembre,0.32
San Gil,Maiz Amarillo,Diciembre,0.33
San Gil,Maiz Blanco,Diciembre,0.38
San Gil,Perejil,Octubre,0.3
San Gil,Perejil,Octubre,0.28
San Gil,Perejil,Octubre,0.29
San Gil,Maiz Amarillo,Junio,0.3
San Gil,Maiz Blanco,Junio,0.36
San Gil,Perejil,Mayo,0.28
San Gil,Mijo,Febrero,0.02
San Gil,Perejil,Mayo,0.29
San Gil,Perejil,Mayo,0.28
San Gil,Perejil,Mayo,0.27
San Gil,Perejil,Mayo,0.29
San Gil,Maiz Amarillo,Diciembre,0.31
San Gil,Yuca,Febrero,1.49
San Gil,Maiz Amarillo,Diciembre,0.32
San Gil,Yuca,Marzo,1.36
San Gil,Frijol,Mayo,0.01
San Gil,Maiz Blanco,Junio,0.3
San Gil,Maiz Blanco,Diciembre,0.35
San Gil,Frijol,Mayo,0.01
San Gil,Papaya,Julio,2.87
San Gil,Maiz Blanco,Mayo,0.34
San Gil,Perejil,Mayo,0.26
San Gil,Yuca,Septiembre,1.33
San Gil,Mijo,Febrero,0.02
San Gil,Perejil,Mayo,0.29
San Gil,Maiz Blanco,Diciembre,0.31
San Gil,Maiz Amarillo,Diciembre,0.33
San Gil,Maiz Blanco,Diciembre,0.35
San Gil,Perejil,Octubre,0.26
San Gil,Maiz Amarillo,Diciembre,0.29
San Gil,Platano,Agosto,0.64
San Gil,Cana panelera,Julio,0.5
San Gil,Pina,Septiembre,2.38
San Gil,Yuca,Septiembre,1.33
San Gil,Maiz Amarillo,Diciembre,0.3
San Gil,Mijo,Febrero,0.02
San Gil,Maiz Amarillo,Mayo,0.3
San Gil,Perejil,Mayo,0.26
San Gil,Perejil,Mayo,0.27
San Gil,Perejil,Mayo,0.3
San Gil,Perejil,Mayo,0.28
San Gil,Perejil,Mayo,0.27
San Gil,Maiz Amarillo,Mayo,0.31
San Gil,Yuca,Septiembre,1.33
San Gil,Platano,Julio,0.64
San Gil,Perejil,Mayo,0.29
San Gil,Maiz Amarillo,Diciembre,0.35
San Gil,Maiz Amarillo,Diciembre,0.29
San Gil,Maiz Blanco,Diciembre,0.34
San Gil,Platano,Junio,0.64
San Gil,Frijol,Mayo,0.01
San Gil,Maiz Amarillo,Mayo,0.31
San Gil,Tomate,Mayo,2.1
San Gil,Maiz Blanco,Junio,0.34
San Gil,Yuca,Septiembre,1.26
San Gil,Platano,Julio,0.64
San Gil,Mijo,Febrero,0.02
San Gil,Perejil,Mayo,0.27
San Gil,Mijo,Febrero,0.02
San Gil,Perejil,Mayo,0.27
San Gil,Maiz Amarillo,Diciembre,0.34
San Gil,Frijol,Mayo,0.01
San Gil,Maiz Amarillo,Mayo,0.29
San Gil,Frijol,Mayo,0.01
San Gil,Platano,Julio,0.64
San Gil,Platano,Julio,0.64
San Gil,Maiz Blanco,Diciembre,0.33
San Gil,Papaya,Junio,2.87
San Gil,Maiz Amarillo,Diciembre,0.3
San Gil,Yuca,Marzo,1.34
San Gil,Maiz Amarillo,Diciembre,0.32
San Gil,Frijol,Mayo,0.01
San Gil,Mijo,Febrero,0.02
San Gil,Maiz Blanco,Mayo,0.35
San Gil,Frijol,Mayo,0.01
San Gil,Maiz Blanco,Mayo,0.33
San Gil,Yuca,Marzo,1.34
San Gil,Yuca,Marzo,1.5
San Gil,Yuca,Marzo,1.34
San Gil,Yuca,Septiembre,1.31
San Gil,Cana panelera,Julio,0.65
San Gil,Maiz Blanco,Junio,0.34
San Gil,Yuca,Septiembre,1.27
San Gil,Pina,Septiembre,2.38
San Gil,Perejil,Mayo,0.3
San Gil,Frijol,Mayo,0.01
San Gil,Yuca,Septiembre,1.43
San Gil,Maiz Blanco,Mayo,0.32
San Gil,Frijol,Mayo,0.01
San Gil,Maiz Blanco,Mayo,0.36
San Gil,Yuca,Marzo,1.43
San Gil,Yuca,Marzo,1.37
San Gil,Yuca,Marzo,1.33
San Gil,Tomate,Mayo,2.1
San Gil,Pina,Septiembre,2.38
San Gil,Mijo,Febrero,0.02
San Gil,Yuca,Septiembre,1.34
San Gil,Lulo,Septiembre,0.16
San Gil,Yuca,Septiembre,1.26
San Gil,Platano,Julio,0.64
San Gil,Maiz Blanco,Junio,0.39
San Gil,Perejil,Mayo,0.29
San Gil,Pina,Septiembre,2.38
San Gil,Perejil,Mayo,0.25
San Gil,Perejil,Mayo,0.28
San Gil,Mijo,Febrero,0.02
San Gil,Perejil,Mayo,0.27
San Gil,Frijol,Mayo,0.01
San Gil,Yuca,Septiembre,1.38
San Gil,Papaya,Junio,2.87
San Gil,Maiz Blanco,Mayo,0.36
San Gil,Maiz Blanco,Mayo,0.34
San Gil,Perejil,Mayo,0.28
San Gil,Pina,Septiembre,2.38
San Gil,Platano,Julio,0.64
San Gil,Mijo,Febrero,0.02
San Gil,Maiz Amarillo,Diciembre,0.35
San Gil,Maiz Blanco,Diciembre,0.35
San Gil,Perejil,Octubre,0.26
San Gil,Pina,Septiembre,2.38
San Gil,Perejil,Mayo,0.27
San Gil,Perejil,Mayo,0.29
San Gil,Perejil,Mayo,0.28
San Gil,Perejil,Mayo,0.25
San Gil,Yuca,Septiembre,1.34
San Gil,Yuca,Septiembre,1.22
San Gil,Cana panelera,Julio,0.5
San Gil,Yuca,Septiembre,1.24
San Gil,Yuca,Septiembre,1.33
San Gil,Frijol,Mayo,0.01
San Gil,Yuca,Marzo,1.37
San Gil,Yuca,Marzo,1.23
San Gil,Maiz Blanco,Junio,0.35
San Gil,Mijo,Febrero,0.02
San Gil,Perejil,Mayo,0.29
San Gil,Perejil,Mayo,0.27
San Gil,Perejil,Mayo,0.29
San Gil,Perejil,Mayo,0.29
San Gil,Perejil,Mayo,0.27
San Gil,Perejil,Mayo,0.27
San Gil,Perejil,Mayo,0.29
San Gil,Perejil,Mayo,0.28
San Gil,Perejil,Mayo,0.29
San Gil,Perejil,Mayo,0.27
San Gil,Perejil,Mayo,0.32
San Gil,Perejil,Mayo,0.27
San Gil,Perejil,Mayo,0.28
San Gil,Perejil,Mayo,0.28
San Gil,Perejil,Mayo,0.28
San Gil,Perejil,Mayo,0.28
San Gil,Perejil,Mayo,0.28
San Gil,Perejil,Mayo,0.27
San Gil,Perejil,Mayo,0.29
San Gil,Perejil,Mayo,0.3
San Gil,Perejil,Mayo,0.29
San Gil,Perejil,Mayo,0.26
San Gil,Perejil,Mayo,0.26
San Gil,Perejil,Mayo,0.26
San Gil,Perejil,Mayo,0.28
San Gil,Perejil,Mayo,0.29
San Gil,Perejil,Mayo,0.3
San Gil,Perejil,Mayo,0.27
San Gil,Perejil,Mayo,0.29
San Gil,Perejil,Mayo,0.28
San Gil,Perejil,Mayo,0.28
San Gil,Perejil,Mayo,0.29
San Gil,Perejil,Mayo,0.28
San Gil,Perejil,Mayo,0.29
San Gil,Perejil,Mayo,0.27
San Gil,Perejil,Mayo,0.26
San Gil,Perejil,Mayo,0.27
San Gil,Perejil,Mayo,0.26
San Gil,Perejil,Mayo,0.29
San Gil,Perejil,Mayo,0.29
San Gil,Perejil,Mayo,0.25
San Gil,Perejil,Mayo,0.27
San Gil,Perejil,Mayo,0.32
San Gil,Perejil,Mayo,0.29
San Gil,Perejil,Mayo,0.29
San Gil,Perejil,Mayo,0.28
San Gil,Perejil,Mayo,0.29
San Gil,Perejil,Mayo,0.3
San Gil,Perejil,Mayo,0.29
San Gil,Perejil,Mayo,0.26
San Gil,Perejil,Mayo,0.29
San Gil,Perejil,Mayo,0.29
San Gil,Perejil,Mayo,0.28
San Gil,Perejil,Mayo,0.29
San Gil,Perejil,Mayo,0.28
San Gil,Perejil,Mayo,0.28
San Gil,Perejil,Mayo,0.29
San Gil,Perejil,Mayo,0.29
San Gil,Perejil,Mayo,0.27
San Gil,Perejil,Mayo,0.26
San Gil,Perejil,Mayo,0.28
San Gil,Perejil,Mayo,0.3
San Gil,Perejil,Mayo,0.28
San Gil,Perejil,Mayo,0.29
San Gil,Perejil,Mayo,0.28
San Gil,Perejil,Mayo,0.26
San Gil,Perejil,Mayo,0.27
San Gil,Perejil,Mayo,0.27
San Gil,Perejil,Mayo,0.27
San Gil,Perejil,Mayo,0.3
San Gil,Perejil,Mayo,0.27
San Gil,Perejil,Mayo,0.27
San Gil,Perejil,Mayo,0.26
San Gil,Perejil,Mayo,0.28
San Gil,Pina,Septiembre,2.38
San Gil,Platano,Agosto,0.64
San Gil,Mijo,Febrero,0.02
San Gil,Perejil,Mayo,0.28
San Gil,Frijol,Mayo,0.01
San Gil,Maiz Blanco,Mayo,0.35
San Gil,Platano,Agosto,0.64
San Gil,Platano,Agosto,0.64
San Gil,Maiz Blanco,Junio,0.32
San Gil,Perejil,Mayo,0.28
San Gil,Perejil,Mayo,0.29
San Gil,Perejil,Mayo,0.28
San Gil,Perejil,Mayo,0.26
San Gil,Perejil,Mayo,0.28
San Gil,Perejil,Mayo,0.28
San Gil,Perejil,Mayo,0.28
San Gil,Perejil,Mayo,0.3
San Gil,Perejil,Mayo,0.29
San Gil,Perejil,Mayo,0.28
San Gil,Perejil,Mayo,0.28
San Gil,Perejil,Mayo,0.3
San Gil,Perejil,Mayo,0.27
San Gil,Perejil,Mayo,0.27
San Gil,Perejil,Mayo,0.28
San Gil,Perejil,Mayo,0.27
San Gil,Perejil,Mayo,0.3
San Gil,Perejil,Mayo,0.3
San Gil,Perejil,Mayo,0.3
San Gil,Perejil,Mayo,0.29
San Gil,Perejil,Mayo,0.28
San Gil,Perejil,Mayo,0.3
San Gil,Perejil,Mayo,0.29
San Gil,Perejil,Mayo,0.3
San Gil,Perejil,Mayo,0.3
San Gil,Perejil,Mayo,0.29
San Gil,Perejil,Mayo,0.28
San Gil,Perejil,Mayo,0.28
San Gil,Perejil,Mayo,0.28
San Gil,Perejil,Mayo,0.28
San Gil,Perejil,Mayo,0.27
San Gil,Perejil,Mayo,0.28
San Gil,Perejil,Mayo,0.27
San Gil,Perejil,Mayo,0.27
San Gil,Yuca,Septiembre,1.3
San Gil,Perejil,Mayo,0.29
San Gil,Mijo,Febrero,0.02
San Gil,Perejil,Mayo,0.29
San Gil,Maiz Amarillo,Diciembre,0.31
San Gil,Frijol,Mayo,0.01
San Gil,Frijol,Mayo,0.01
San Gil,Maiz Blanco,Mayo,0.36
San Gil,Maiz Blanco,Junio,0.32
San Gil,Cana panelera,Agosto,0.5
San Gil,Yuca,Octubre,1.36
San Gil,Yuca,Octubre,1.32
San Gil,Maiz Blanco,Junio,0.33
San Gil,Yuca,Octubre,1.24
San Gil,Yuca,Octubre,1.33
San Gil,Yuca,Octubre,1.31
San Gil,Papaya,Julio,2.87
San Gil,Frijol,Mayo,0.01
San Gil,Maiz Amarillo,Mayo,0.31
San Gil,Tomate,Mayo,2.1
San Gil,Mijo,Febrero,0.02
San Gil,Mijo,Febrero,0.02
San Gil,Yuca,Marzo,1.26
San Gil,Yuca,Marzo,1.34
San Gil,Maiz Amarillo,Mayo,0.29
San Gil,Mijo,Febrero,0.02
San Gil,Maiz Blanco,Mayo,0.35
San Gil,Maiz Blanco,Junio,0.34
San Gil,Mijo,Febrero,0.02
San Gil,Perejil,Mayo,0.29
San Gil,Yuca,Octubre,1.31
San Gil,Yuca,Septiembre,1.36
San Gil,Perejil,Mayo,0.28
San Gil,Platano,Julio,0.64
San Gil,Maiz Amarillo,Diciembre,0.31
San Gil,Maiz Amarillo,Mayo,0.31
San Gil,Frijol,Mayo,0.01
San Gil,Maiz Amarillo,Mayo,0.32
San Gil,Frijol,Mayo,0.01
San Gil,Tomate,Mayo,2.1
San Gil,Yuca,Octubre,1.24
San Gil,Yuca,Septiembre,1.28
San Gil,Yuca,Septiembre,1.31
San Gil,Perejil,Mayo,0.28
San Gil,Perejil,Mayo,0.3
San Gil,Perejil,Mayo,0.27
San Gil,Perejil,Mayo,0.28
San Gil,Perejil,Mayo,0.26
San Gil,Perejil,Mayo,0.28
San Gil,Perejil,Mayo,0.26
San Gil,Perejil,Mayo,0.29
San Gil,Perejil,Mayo,0.27
San Gil,Perejil,Mayo,0.3
San Gil,Perejil,Mayo,0.29
San Gil,Perejil,Mayo,0.28
San Gil,Yuca,Septiembre,1.44
San Gil,Mijo,Febrero,0.02
San Gil,Maiz Blanco,Mayo,0.33
San Gil,Maiz Blanco,Mayo,0.32
San Gil,Frijol,Mayo,0.01
San Gil,Yuca,Marzo,1.37
San Gil,Tomate,Mayo,2.1
San Gil,Perejil,Mayo,0.29
San Gil,Perejil,Mayo,0.29
San Gil,Perejil,Mayo,0.31
San Gil,Perejil,Mayo,0.3
San Gil,Perejil,Mayo,0.28
San Gil,Perejil,Mayo,0.3
San Gil,Perejil,Mayo,0.29
San Gil,Perejil,Mayo,0.29
San Gil,Perejil,Mayo,0.25
San Gil,Perejil,Mayo,0.28
San Gil,Perejil,Mayo,0.28
San Gil,Perejil,Mayo,0.3
San Gil,Perejil,Mayo,0.27
San Gil,Frijol,Junio,2.17
San Gil,Maiz Amarillo,Octubre,0.31
San Gil,Maiz Amarillo,Octubre,0.31
San Gil,Maiz Amarillo,Diciembre,0.33
San Gil,Frijol,Mayo,0.01
San Gil,Yuca,Marzo,1.42
San Gil,Maiz Blanco,Mayo,0.32
San Gil,Maiz Blanco,Mayo,0.34
San Gil,Frijol,Mayo,0.01
San Gil,Platano,Agosto,0.64
San Gil,Yuca,Septiembre,1.45
San Gil,Maiz Amarillo,Junio,0.3
San Gil,Platano,Julio,0.64
San Gil,Perejil,Mayo,0.27
San Gil,Mijo,Febrero,0.02
San Gil,Mijo,Febrero,0.02
San Gil,Perejil,Mayo,0.3
San Gil,Perejil,Mayo,0.29
San Gil,Perejil,Mayo,0.27
San Gil,Mijo,Febrero,0.02
San Gil,Maiz Blanco,Diciembre,0.34
San Gil,Frijol,Mayo,0.01
San Gil,Maiz Blanco,Mayo,0.31
San Gil,Maiz Amarillo,Diciembre,0.33
San Gil,Maiz Blanco,Diciembre,0.33
San Gil,Perejil,Octubre,0.27
San Gil,Yuca,Octubre,1.21
San Gil,Mijo,Febrero,0.02
San Gil,Maiz Amarillo,Diciembre,0.32
San Gil,Frijol,Mayo,0.01
San Gil,Maiz Blanco,Mayo,0.37
San Gil,Yuca,Marzo,1.39
San Gil,Pina,Septiembre,2.38
San Gil,Maiz Amarillo,Mayo,0.33
San Gil,Frijol,Mayo,0.01
San Gil,Tomate,Mayo,2.1
San Gil,Cana panelera,Julio,0.5
San Gil,Mijo,Febrero,0.02
San Gil,Cana panelera,Julio,0.5
San Gil,Mijo,Febrero,0.02
San Gil,Perejil,Mayo,0.27
San Gil,Yuca,Marzo,1.23
San Gil,Platano,Junio,0.64
San Gil,Maiz Blanco,Mayo,0.35
San Gil,Frijol,Mayo,0.01
San Gil,Lulo,Septiembre,0.19
San Gil,Maiz Blanco,Junio,0.34
San Gil,Platano,Julio,0.64
San Gil,Perejil,Mayo,0.29
San Gil,Mijo,Febrero,0.02
San Gil,Yuca,Octubre,1.33
San Gil,Maiz Blanco,Junio,0.33
San Gil,Lulo,Octubre,0.18
San Gil,Maiz Amarillo,Diciembre,0.33
San Gil,Maiz Blanco,Diciembre,0.32
San Gil,Maiz Amarillo,Diciembre,0.3
San Gil,Tomate,Octubre,1.98
San Gil,Maiz Amarillo,Diciembre,0.34
San Gil,Frijol,Mayo,0.01
San Gil,Tomate,Mayo,2.1
San Gil,Yuca,Septiembre,1.28
San Gil,Cana panelera,Agosto,0.63
San Gil,Maiz Amarillo,Diciembre,0.32
San Gil,Platano,Junio,0.64
San Gil,Maiz Blanco,Diciembre,0.34
San Gil,Perejil,Octubre,0.28
San Gil,Frijol,Mayo,0.01
San Gil,Yuca,Marzo,1.26
San Gil,Maiz Blanco,Mayo,0.33
San Gil,Maiz Blanco,Junio,0.36
San Gil,Perejil,Mayo,0.25
San Gil,Perejil,Mayo,0.27
San Gil,Perejil,Mayo,0.28
San Gil,Perejil,Mayo,0.29
San Gil,Yuca,Marzo,1.4
San Gil,Yuca,Septiembre,1.45
San Gil,Maiz Amarillo,Junio,0.33
San Gil,Frijol,Marzo,0.01
San Gil,Maiz Blanco,Junio,0.34
San Gil,Perejil,Mayo,0.29
San Gil,Perejil,Mayo,0.28
San Gil,Mijo,Febrero,0.02
San Gil,Perejil,Mayo,0.3
San Gil,Maiz Amarillo,Diciembre,0.32
San Gil,Frijol,Mayo,0.01
San Gil,Maiz Blanco,Mayo,0.32
San Gil,Frijol,Mayo,0.01
San Gil,Maiz Blanco,Mayo,0.34
San Gil,Platano,Julio,0.64
San Gil,Papaya,Julio,2.87
San Gil,Yuca,Marzo,1.4
San Gil,Yuca,Marzo,1.38
San Gil,Yuca,Marzo,1.4
San Gil,Maiz Amarillo,Mayo,0.34
San Gil,Perejil,Mayo,0.29
San Gil,Perejil,Mayo,0.27
San Gil,Perejil,Mayo,0.28
San Gil,Frijol,Mayo,0.01
San Gil,Platano,Julio,0.64
San Gil,Maiz Blanco,Mayo,0.34
San Gil,Tomate,Mayo,2.1
San Gil,Frijol,Mayo,0.01
San Gil,Maiz Blanco,Mayo,0.34
San Gil,Frijol,Mayo,0.01
San Gil,Frijol,Mayo,0.01
San Gil,Maiz Blanco,Mayo,0.33
San Gil,Yuca,Marzo,1.39
San Gil,Maiz Blanco,Junio,0.36
San Gil,Mijo,Febrero,0.02
San Gil,Frijol,Mayo,0.01
San Gil,Maiz Amarillo,Mayo,0.32
San Gil,Platano,Agosto,0.64
San Gil,Perejil,Mayo,0.29
San Gil,Perejil,Mayo,0.28
San Gil,Perejil,Mayo,0.27
San Gil,Perejil,Mayo,0.28
San Gil,Lulo,Octubre,0.18
San Gil,Perejil,Mayo,0.29
San Gil,Perejil,Mayo,0.27
San Gil,Mijo,Febrero,0.02
San Gil,Platano,Julio,0.64
San Gil,Yuca,Septiembre,1.34
San Gil,Mijo,Febrero,0.02
San Gil,Maiz Amarillo,Diciembre,0.32
San Gil,Platano,Junio,0.64
San Gil,Perejil,Mayo,0.3
San Gil,Frijol,Mayo,0.01
San Gil,Platano,Julio,0.64
San Gil,Platano,Agosto,0.64
San Gil,Perejil,Mayo,0.27
San Gil,Perejil,Mayo,0.29
San Gil,Perejil,Mayo,0.28
San Gil,Maiz Amarillo,Diciembre,0.31
San Gil,Maiz Amarillo,Diciembre,0.32
San Gil,Maiz Blanco,Diciembre,0.38
San Gil,Perejil,Octubre,0.27
San Gil,Maiz Amarillo,Diciembre,0.33
San Gil,Maiz Blanco,Diciembre,0.3
San Gil,Perejil,Octubre,0.33
San Gil,Maiz Amarillo,Diciembre,0.33
San Gil,Maiz Blanco,Diciembre,0.35
San Gil,Perejil,Octubre,0.27
San Gil,Perejil,Octubre,0.27
San Gil,Perejil,Octubre,0.27
San Gil,Perejil,Octubre,0.29
San Gil,Perejil,Octubre,0.27
San Gil,Perejil,Octubre,0.28
San Gil,Perejil,Octubre,0.27
San Gil,Perejil,Octubre,0.29
San Gil,Perejil,Octubre,0.26
San Gil,Perejil,Octubre,0.27
San Gil,Perejil,Octubre,0.28
San Gil,Perejil,Octubre,0.28
San Gil,Perejil,Octubre,0.27
San Gil,Perejil,Octubre,0.29
San Gil,Maiz Amarillo,Mayo,0.33
San Gil,Perejil,Mayo,0.28
San Gil,Perejil,Mayo,0.27
San Gil,Perejil,Mayo,0.29
San Gil,Perejil,Mayo,0.26
San Gil,Maiz Amarillo,Diciembre,0.34
San Gil,Arveja verde,Mayo,0.85
San Gil,Frijol,Mayo,0.01
San Gil,Yuca,Marzo,1.2
San Gil,Yuca,Marzo,1.35
San Gil,Maiz Amarillo,Mayo,0.34
San Gil,Habichuela,Octubre,2.14
San Gil,Mijo,Febrero,0.02
San Gil,Tomate,Mayo,2.1
San Gil,Platano,Agosto,0.64
San Gil,Yuca,Octubre,1.34
San Gil,Platano,Agosto,0.64
San Gil,Yuca,Octubre,1.43
San Gil,Platano,Agosto,0.64
San Gil,Yuca,Octubre,1.38
San Gil,Maiz Blanco,Junio,0.35
San Gil,Papaya,Junio,2.87
San Gil,Papaya,Junio,2.87
San Gil,Papaya,Junio,2.87
San Gil,Yuca,Septiembre,1.24
San Gil,Perejil,Mayo,0.3
San Gil,Yuca,Septiembre,1.34
San Gil,Maiz Blanco,Junio,0.38
San Gil,Lulo,Septiembre,0.19
San Gil,Platano,Julio,0.64
San Gil,Maiz Blanco,Diciembre,0.35
San Gil,Maiz Amarillo,Diciembre,0.32
San Gil,Papaya,Junio,2.87
San Gil,Maiz Amarillo,Mayo,0.31
San Gil,Perejil,Mayo,0.31
San Gil,Maiz Blanco,Mayo,0.33
San Gil,Frijol,Mayo,0.01
San Gil,Frijol,Mayo,0.01
San Gil,Yuca,Marzo,1.4
San Gil,Perejil,Mayo,0.26
San Gil,Perejil,Mayo,0.3
San Gil,Perejil,Mayo,0.3
San Gil,Perejil,Mayo,0.27
San Gil,Perejil,Mayo,0.29
San Gil,Perejil,Mayo,0.27
San Gil,Perejil,Mayo,0.29
San Gil,Perejil,Mayo,0.29
San Gil,Yuca,Marzo,1.39
San Gil,Maiz Amarillo,Mayo,0.32
San Gil,Tomate,Mayo,2.1
San Gil,Maiz Blanco,Diciembre,0.33
San Gil,Perejil,Mayo,0.27
San Gil,Perejil,Mayo,0.28
San Gil,Perejil,Mayo,0.29
San Gil,Perejil,Mayo,0.29
San Gil,Perejil,Mayo,0.28
San Gil,Perejil,Mayo,0.28
San Gil,Perejil,Mayo,0.26
San Gil,Perejil,Mayo,0.29
San Gil,Frijol,Mayo,0.01
San Gil,Maiz Blanco,Mayo,0.34
San Gil,Yuca,Marzo,1.33
San Gil,Yuca,Marzo,1.29
San Gil,Maiz Amarillo,Mayo,0.34
San Gil,Frijol,Mayo,0.01
San Gil,Frijol,Mayo,0.01
San Gil,Maiz Amarillo,Mayo,0.31
San Gil,Tomate,Mayo,2.1
San Gil,Yuca,Septiembre,1.3
San Gil,Mijo,Febrero,0.02
San Gil,Maiz Amarillo,Mayo,0.32
San Gil,Frijol,Mayo,0.01
San Gil,Papaya,Julio,2.87
San Gil,Maiz Amarillo,Diciembre,0.3
San Gil,Frijol,Mayo,0.01
San Gil,Maiz Amarillo,Mayo,0.31
San Gil,Papaya,Julio,2.87
San Gil,Tomate,Marzo,2.1
San Gil,Perejil,Mayo,0.27
San Gil,Frijol,Mayo,0.01
San Gil,Maiz Blanco,Mayo,0.32
San Gil,Maiz Amarillo,Mayo,0.31
San Gil,Perejil,Mayo,0.31
San Gil,Frijol,Mayo,0.01
San Gil,Frijol,Mayo,0.01
San Gil,Perejil,Mayo,0.28
San Gil,Cana panelera,Julio,0.5
San Gil,Perejil,Mayo,0.26
San Gil,Frijol,Mayo,0.01
San Gil,Maiz Blanco,Mayo,0.34
San Gil,Papaya,Julio,2.87
San Gil,Frijol,Mayo,0.01
San Gil,Cana panelera,Agosto,0.5
San Gil,Perejil,Mayo,0.28
San Gil,Perejil,Mayo,0.26
San Gil,Perejil,Mayo,0.29
San Gil,Lulo,Septiembre,0.18
San Gil,Frijol,Mayo,0.01
San Gil,Maiz Amarillo,Diciembre,0.33
San Gil,Maiz Blanco,Diciembre,0.35
San Gil,Tomate,Mayo,2.1
San Gil,Yuca,Septiembre,1.39
San Gil,Perejil,Mayo,0.23
San Gil,Mijo,Febrero,0.02
San Gil,Perejil,Mayo,0.29
San Gil,Mijo,Febrero,0.02
San Gil,Mijo,Febrero,0.02
San Gil,Perejil,Mayo,0.28
San Gil,Cana panelera,Julio,0.5
San Gil,Yuca,Septiembre,1.38
San Gil,Yuca,Septiembre,1.28
San Gil,Yuca,Septiembre,1.41
San Gil,Perejil,Mayo,0.27
San Gil,Perejil,Mayo,0.28
San Gil,Ajies y pimientos,Septiembre,2.07
San Gil,Yuca,Marzo,1.29
San Gil,Maiz Amarillo,Diciembre,0.35
San Gil,Maiz Blanco,Diciembre,0.33
San Gil,Perejil,Octubre,0.28
San Gil,Maiz Amarillo,Mayo,0.33
San Gil,Frijol,Mayo,0.01
San Gil,Tomate,Mayo,2.1
San Gil,Frijol,Mayo,0.01
San Gil,Platano,Julio,0.64
San Gil,Yuca,Septiembre,1.35
San Gil,Perejil,Mayo,0.27
San Gil,Perejil,Mayo,0.3
San Gil,Perejil,Mayo,0.27
San Gil,Perejil,Mayo,0.29
San Gil,Perejil,Mayo,0.29
San Gil,Perejil,Mayo,0.28
San Gil,Perejil,Mayo,0.27
San Gil,Perejil,Mayo,0.29
San Gil,Perejil,Mayo,0.25
San Gil,Perejil,Mayo,0.28
San Gil,Perejil,Mayo,0.29
San Gil,Perejil,Mayo,0.27
San Gil,Perejil,Mayo,0.28
San Gil,Perejil,Mayo,0.28
San Gil,Perejil,Mayo,0.27
San Gil,Perejil,Mayo,0.28
San Gil,Mijo,Febrero,0.02
San Gil,Maiz Blanco,Junio,0.34
San Gil,Maiz Amarillo,Diciembre,0.34
San Gil,Maiz Blanco,Diciembre,0.34
San Gil,Perejil,Octubre,0.28
San Gil,Perejil,Mayo,0.29
San Gil,Maiz Blanco,Junio,0.35
San Gil,Perejil,Mayo,0.28
San Gil,Perejil,Mayo,0.27
San Gil,Perejil,Mayo,0.24
San Gil,Perejil,Mayo,0.29
San Gil,Platano,Julio,0.64
San Gil,Perejil,Mayo,0.3
San Gil,Platano,Julio,0.64
San Gil,Perejil,Mayo,0.31
San Gil,Frijol,Mayo,0.01
San Gil,Maiz Blanco,Mayo,0.33
San Gil,Perejil,Mayo,0.28
San Gil,Perejil,Mayo,0.26
San Gil,Mijo,Febrero,0.02
San Gil,Mijo,Febrero,0.02
San Gil,Perejil,Mayo,0.27
San Gil,Maiz Amarillo,Mayo,0.32
San Gil,Frijol,Mayo,0.01
San Gil,Maiz Blanco,Mayo,0.39
San Gil,Maiz Amarillo,Mayo,0.33
San Gil,Tomate,Mayo,2.1
San Gil,Perejil,Mayo,0.28
San Gil,Perejil,Mayo,0.29
San Gil,Yuca,Septiembre,1.31
San Gil,Yuca,Septiembre,1.31
San Gil,Cana panelera,Julio,0.5
San Gil,Cana panelera,Julio,0.5
San Gil,Mijo,Febrero,0.02
San Gil,Perejil,Mayo,0.27
San Gil,Perejil,Mayo,0.25
San Gil,Perejil,Mayo,0.29
San Gil,Maiz Amarillo,Mayo,0.33
San Gil,Perejil,Mayo,0.29
San Gil,Cana panelera,Julio,0.5
San Gil,Frijol,Mayo,0.01
San Gil,Yuca,Septiembre,1.34
San Gil,Maiz Amarillo,Junio,0.32
San Gil,Platano,Agosto,0.64
San Gil,Yuca,Septiembre,1.33
San Gil,Yuca,Septiembre,1.31
San Gil,Perejil,Mayo,0.29
San Gil,Perejil,Mayo,0.27
San Gil,Cana panelera,Julio,0.7
San Gil,Mijo,Febrero,0.02
San Gil,Perejil,Mayo,0.26
San Gil,Mijo,Febrero,0.02
San Gil,Perejil,Mayo,0.29
San Gil,Mijo,Febrero,0.02
San Gil,Maiz Amarillo,Mayo,0.35
San Gil,Perejil,Mayo,0.3
San Gil,Perejil,Mayo,0.27
San Gil,Perejil,Mayo,0.28
San Gil,Perejil,Mayo,0.29
San Gil,Mijo,Febrero,0.02
San Gil,Cana panelera,Julio,0.5
San Gil,Yuca,Septiembre,1.34
San Gil,Platano,Julio,0.64
San Gil,Perejil,Mayo,0.26
San Gil,Perejil,Mayo,0.28
San Gil,Perejil,Mayo,0.3
San Gil,Perejil,Mayo,0.28
San Gil,Perejil,Mayo,0.26
San Gil,Perejil,Mayo,0.27
San Gil,Perejil,Mayo,0.29
San Gil,Perejil,Mayo,0.29
San Gil,Perejil,Mayo,0.29
San Gil,Perejil,Mayo,0.28
San Gil,Perejil,Mayo,0.28
San Gil,Perejil,Mayo,0.3
San Gil,Perejil,Mayo,0.26
San Gil,Perejil,Mayo,0.29
San Gil,Perejil,Mayo,0.28
San Gil,Perejil,Mayo,0.29
San Gil,Perejil,Mayo,0.27
San Gil,Perejil,Mayo,0.26
San Gil,Perejil,Mayo,0.26
San Gil,Perejil,Mayo,0.26
San Gil,Perejil,Mayo,0.27
San Gil,Perejil,Mayo,0.29
San Gil,Perejil,Mayo,0.26
San Gil,Arveja verde,Mayo,0.85
San Gil,Frijol,Mayo,0.01
San Gil,Yuca,Marzo,1.26
San Gil,Maiz Amarillo,Mayo,0.32
San Gil,Tomate,Mayo,2.1
San Gil,Mijo,Febrero,0.02
San Gil,Mijo,Febrero,0.02
San Gil,Perejil,Mayo,0.27
San Gil,Perejil,Mayo,0.29
San Gil,Perejil,Mayo,0.27
San Gil,Perejil,Mayo,0.25
San Gil,Mijo,Febrero,0.02
San Gil,Perejil,Mayo,0.27
San Gil,Mijo,Febrero,0.02
San Gil,Lulo,Septiembre,0.18
San Gil,Frijol,Mayo,0.01
San Gil,Maiz Amarillo,Mayo,0.32
San Gil,Mijo,Febrero,0.02
San Gil,Perejil,Mayo,0.3
San Gil,Platano,Agosto,0.64
San Gil,Perejil,Mayo,0.29
San Gil,Platano,Julio,0.64
San Gil,Yuca,Septiembre,1.34
San Gil,Maiz Blanco,Mayo,0.33
San Gil,Maiz Amarillo,Diciembre,0.34
San Gil,Maiz Blanco,Mayo,0.34
San Gil,Frijol,Mayo,0.01
San Gil,Platano,Julio,0.64
San Gil,Pina,Septiembre,2.38
San Gil,Perejil,Mayo,0.27
San Gil,Mijo,Febrero,0.02
San Gil,Maiz Amarillo,Mayo,0.31
San Gil,Perejil,Mayo,0.27
San Gil,Perejil,Mayo,0.25
San Gil,Frijol,Mayo,0.01
San Gil,Yuca,Marzo,1.31
San Gil,Maiz Blanco,Mayo,0.35
San Gil,Maiz Amarillo,Mayo,0.33
San Gil,Frijol,Mayo,0.01
San Gil,Yuca,Septiembre,1.23
San Gil,Habichuela,Octubre,1.89
San Gil,Yuca,Septiembre,1.36
San Gil,Lulo,Octubre,0.18
San Gil,Frijol,Marzo,0.01
San Gil,Frijol,Marzo,0.01
San Gil,Platano,Julio,0.64
San Gil,Maiz Blanco,Junio,0.32
San Gil,Perejil,Mayo,0.24
San Gil,Perejil,Mayo,0.28
San Gil,Mijo,Febrero,0.02
San Gil,Maiz Amarillo,Diciembre,0.3
San Gil,Maiz Blanco,Diciembre,0.35
San Gil,Perejil,Octubre,0.28
San Gil,Maiz Amarillo,Mayo,0.31
San Gil,Frijol,Mayo,0.01
San Gil,Maiz Amarillo,Mayo,0.32
San Gil,Perejil,Mayo,0.28
San Gil,Perejil,Mayo,0.29
San Gil,Perejil,Mayo,0.29
San Gil,Frijol,Mayo,0.01
San Gil,Yuca,Septiembre,1.4
San Gil,Perejil,Mayo,0.26
San Gil,Perejil,Mayo,0.29
San Gil,Perejil,Mayo,0.28
San Gil,Perejil,Mayo,0.29
San Gil,Perejil,Mayo,0.28
San Gil,Perejil,Mayo,0.28
San Gil,Perejil,Mayo,0.29
San Gil,Perejil,Mayo,0.28
San Gil,Perejil,Mayo,0.26
San Gil,Perejil,Mayo,0.27
San Gil,Perejil,Mayo,0.26
San Gil,Perejil,Mayo,0.29
San Gil,Perejil,Mayo,0.3
San Gil,Perejil,Mayo,0.29
San Gil,Perejil,Mayo,0.26
San Gil,Perejil,Mayo,0.29
San Gil,Perejil,Mayo,0.27
San Gil,Perejil,Mayo,0.28
San Gil,Perejil,Mayo,0.29
San Gil,Perejil,Mayo,0.28
San Gil,Perejil,Mayo,0.3
San Gil,Perejil,Mayo,0.29
San Gil,Perejil,Mayo,0.27
San Gil,Perejil,Mayo,0.27
San Gil,Perejil,Mayo,0.28
San Gil,Perejil,Mayo,0.28
San Gil,Pina,Septiembre,2.38
San Gil,Mijo,Febrero,0.02
San Gil,Perejil,Mayo,0.28
San Gil,Maiz Amarillo,Mayo,0.32
San Gil,Perejil,Mayo,0.27
San Gil,Perejil,Mayo,0.28
San Gil,Maiz Amarillo,Junio,0.33
San Gil,Maiz Blanco,Junio,0.34
San Gil,Platano,Julio,0.64
San Gil,Mijo,Febrero,0.02
San Gil,Perejil,Mayo,0.27
San Gil,Maiz Amarillo,Junio,0.31
San Gil,Maiz Blanco,Mayo,0.35
San Gil,Frijol,Mayo,0.01
San Gil,Yuca,Septiembre,1.39
San Gil,Platano,Agosto,0.64
San Gil,Frijol,Marzo,0.01
San Gil,Perejil,Mayo,0.28
San Gil,Perejil,Mayo,0.28
San Gil,Perejil,Mayo,0.28
San Gil,Frijol,Mayo,0.01
San Gil,Maiz Blanco,Mayo,0.28
San Gil,Frijol,Mayo,0.01
San Gil,Perejil,Mayo,0.28
San Gil,Perejil,Mayo,0.28
San Gil,Perejil,Mayo,0.29
San Gil,Perejil,Mayo,0.27
San Gil,Perejil,Mayo,0.26
San Gil,Perejil,Mayo,0.29
San Gil,Perejil,Mayo,0.29
San Gil,Perejil,Mayo,0.3
San Gil,Perejil,Mayo,0.28
San Gil,Platano,Julio,0.64
San Gil,Maiz Amarillo,Diciembre,0.33
San Gil,Maiz Blanco,Diciembre,0.35
San Gil,Perejil,Octubre,0.28
San Gil,Frijol,Mayo,0.01
San Gil,Perejil,Mayo,0.26
San Gil,Perejil,Mayo,0.29
San Gil,Perejil,Mayo,0.28
San Gil,Perejil,Mayo,0.26
San Gil,Perejil,Mayo,0.29
San Gil,Perejil,Mayo,0.28
San Gil,Perejil,Mayo,0.29
San Gil,Perejil,Mayo,0.32
San Gil,Perejil,Mayo,0.25
San Gil,Mijo,Febrero,0.02
San Gil,Platano,Julio,0.64
San Gil,Yuca,Septiembre,1.42
San Gil,Maiz Blanco,Junio,0.32
San Gil,Yuca,Septiembre,1.32
San Gil,Platano,Julio,0.64
San Gil,Maiz Blanco,Mayo,0.34
San Gil,Yuca,Octubre,1.38
San Gil,Maiz Amarillo,Diciembre,0.32
San Gil,Yuca,Septiembre,1.29
San Gil,Mijo,Febrero,0.02
San Gil,Perejil,Mayo,0.29
San Gil,Perejil,Mayo,0.3
San Gil,Maiz Blanco,Mayo,0.38
San Gil,Maiz Blanco,Mayo,0.35
San Gil,Perejil,Mayo,0.28
San Gil,Perejil,Mayo,0.27
San Gil,Perejil,Mayo,0.3
San Gil,Perejil,Mayo,0.26
San Gil,Perejil,Mayo,0.29
San Gil,Perejil,Mayo,0.27
San Gil,Perejil,Mayo,0.28
San Gil,Perejil,Mayo,0.28
San Gil,Perejil,Mayo,0.29
San Gil,Perejil,Mayo,0.31
San Gil,Perejil,Mayo,0.28
San Gil,Perejil,Mayo,0.27
San Gil,Perejil,Mayo,0.31
San Gil,Perejil,Mayo,0.29
San Gil,Perejil,Mayo,0.29
San Gil,Perejil,Mayo,0.29
San Gil,Perejil,Mayo,0.28
San Gil,Perejil,Mayo,0.28
San Gil,Perejil,Mayo,0.28
San Gil,Lulo,Septiembre,0.17
San Gil,Perejil,Mayo,0.28
San Gil,Maiz Amarillo,Diciembre,0.33
San Gil,Maiz Blanco,Junio,0.33
San Gil,Cana panelera,Julio,0.5
San Gil,Maiz Blanco,Junio,0.32
San Gil,Perejil,Mayo,0.26
San Gil,Maiz Amarillo,Junio,0.33
San Gil,Pina,Octubre,2.38
San Gil,Lechuga,Noviembre,2.14
San Gil,Cebolla cabezona,Marzo,1.3
San Gil,Perejil,Mayo,0.31
San Gil,Perejil,Mayo,0.3
San Gil,Perejil,Mayo,0.29
San Gil,Mijo,Febrero,0.02
San Gil,Maiz Amarillo,Diciembre,0.3
San Gil,Maiz Blanco,Diciembre,0.35
San Gil,Perejil,Octubre,0.28
San Gil,Maiz Amarillo,Diciembre,0.32
San Gil,Maiz Blanco,Diciembre,0.36
San Gil,Perejil,Octubre,0.31
San Gil,Cana panelera,Julio,0.5
San Gil,Maiz Blanco,Junio,0.38
San Gil,Perejil,Mayo,0.28
San Gil,Platano,Julio,0.64
San Gil,Yuca,Septiembre,1.37
San Gil,Mijo,Febrero,0.02
San Gil,Maiz Blanco,Junio,0.34
San Gil,Maiz Amarillo,Junio,0.35
San Gil,Yuca,Septiembre,1.29
San Gil,Perejil,Mayo,0.27
San Gil,Perejil,Mayo,0.28
San Gil,Perejil,Mayo,0.24
San Gil,Perejil,Mayo,0.27
San Gil,Perejil,Mayo,0.28
San Gil,Perejil,Mayo,0.28
San Gil,Perejil,Mayo,0.27
San Gil,Mijo,Febrero,0.02
San Gil,Perejil,Mayo,0.29
San Gil,Perejil,Mayo,0.29
San Gil,Maiz Blanco,Junio,0.33
San Gil,Pina,Octubre,2.38
San Gil,Perejil,Mayo,0.3
San Gil,Perejil,Mayo,0.29
San Gil,Perejil,Mayo,0.3
San Gil,Perejil,Mayo,0.26
San Gil,Perejil,Mayo,0.26
San Gil,Perejil,Mayo,0.29
San Gil,Perejil,Mayo,0.28
San Gil,Perejil,Mayo,0.28
San Gil,Perejil,Mayo,0.27
San Gil,Perejil,Mayo,0.28
San Gil,Perejil,Mayo,0.28
San Gil,Perejil,Mayo,0.27
San Gil,Maiz Amarillo,Diciembre,0.34
San Gil,Perejil,Mayo,0.29
San Gil,Perejil,Mayo,0.28
San Gil,Perejil,Mayo,0.3
San Gil,Perejil,Mayo,0.29
San Gil,Perejil,Mayo,0.27
San Gil,Perejil,Mayo,0.29
San Gil,Perejil,Mayo,0.28
San Gil,Maiz Amarillo,Diciembre,0.33
San Gil,Yuca,Marzo,1.39
San Gil,Pina,Octubre,2.38
San Gil,Mijo,Febrero,0.02
San Gil,Mijo,Febrero,0.02
San Gil,Maiz Amarillo,Diciembre,0.31
San Gil,Perejil,Mayo,0.3
San Gil,Mijo,Febrero,0.02
San Gil,Yuca,Septiembre,1.32
San Gil,Perejil,Mayo,0.3
San Gil,Perejil,Mayo,0.28
San Gil,Perejil,Mayo,0.28
San Gil,Platano,Julio,0.64
San Gil,Perejil,Mayo,0.28
San Gil,Perejil,Mayo,0.29
San Gil,Maiz Amarillo,Diciembre,0.33
San Gil,Perejil,Mayo,0.26
San Gil,Platano,Julio,0.64
San Gil,Perejil,Mayo,0.28
San Gil,Perejil,Mayo,0.28
San Gil,Maiz Amarillo,Diciembre,0.31
San Gil,Mijo,Febrero,0.02
San Gil,Perejil,Mayo,0.24
San Gil,Perejil,Mayo,0.27
San Gil,Perejil,Mayo,0.3
San Gil,Maiz Amarillo,Diciembre,0.31
San Gil,Perejil,Mayo,0.28
San Gil,Perejil,Mayo,0.3
San Gil,Yuca,Septiembre,1.38
San Gil,Maiz Blanco,Mayo,0.35
San Gil,Perejil,Mayo,0.29
San Gil,Mijo,Febrero,0.02
San Gil,Platano,Julio,0.64
San Gil,Perejil,Mayo,0.27
San Gil,Mijo,Febrero,0.02
San Gil,Mijo,Febrero,0.02
San Gil,Mijo,Febrero,0.02
San Gil,Mijo,Febrero,0.02
San Gil,Mijo,Febrero,0.02
San Gil,Mijo,Febrero,0.02
San Gil,Mijo,Febrero,0.02
San Gil,Perejil,Mayo,0.26
San Gil,Yuca,Marzo,1.35
San Gil,Maiz Amarillo,Mayo,0.3
San Gil,Perejil,Mayo,0.27
San Gil,Frijol,Mayo,0.01
San Gil,Maiz Amarillo,Mayo,0.33
San Gil,Perejil,Mayo,0.3
San Gil,Yuca,Septiembre,1.23
San Gil,Yuca,Septiembre,1.34
San Gil,Yuca,Septiembre,1.35
San Gil,Mijo,Febrero,0.02
San Gil,Mijo,Febrero,0.02
San Gil,Platano,Agosto,0.64
San Gil,Yuca,Septiembre,1.36
San Gil,Mijo,Febrero,0.02
San Gil,Perejil,Mayo,0.29
San Gil,Yuca,Septiembre,1.39
San Gil,Platano,Julio,0.64
San Gil,Mijo,Febrero,0.02
San Gil,Platano,Julio,0.64
San Gil,Cana panelera,Julio,0.5
San Gil,Perejil,Mayo,0.28
San Gil,Perejil,Mayo,0.28
San Gil,Perejil,Mayo,0.27
San Gil,Perejil,Mayo,0.3
San Gil,Perejil,Mayo,0.3
San Gil,Perejil,Mayo,0.29
San Gil,Maiz Amarillo,Junio,0.32
San Gil,Perejil,Mayo,0.24
San Gil,Platano,Agosto,0.64
San Gil,Platano,Agosto,0.64
San Gil,Mijo,Febrero,0.02
San Gil,Maiz Amarillo,Mayo,0.32
San Gil,Frijol,Mayo,0.01
San Gil,Perejil,Mayo,0.28
San Gil,Platano,Julio,0.64
San Gil,Frijol,Mayo,0.01
San Gil,Maiz Amarillo,Mayo,0.32
San Gil,Perejil,Mayo,0.29
San Gil,Yuca,Marzo,1.37
San Gil,Yuca,Marzo,1.42
San Gil,Papaya,Julio,2.87
San Gil,Mijo,Febrero,0.02
San Gil,Perejil,Mayo,0.3
San Gil,Perejil,Mayo,0.27
San Gil,Perejil,Mayo,0.27
San Gil,Maiz Blanco,Mayo,0.32
San Gil,Frijol,Mayo,0.01
San Gil,Maiz Blanco,Mayo,0.35
San Gil,Yuca,Septiembre,1.28
San Gil,Tomate,Mayo,2.1
San Gil,Frijol,Mayo,0.01
San Gil,Maiz Amarillo,Mayo,0.29
San Gil,Perejil,Mayo,0.3
San Gil,Yuca,Septiembre,1.32
San Gil,Perejil,Mayo,0.27
San Gil,Frijol,Mayo,0.01
San Gil,Perejil,Mayo,0.28
San Gil,Yuca,Octubre,1.44
San Gil,Mijo,Febrero,0.02
San Gil,Perejil,Mayo,0.26
San Gil,Perejil,Mayo,0.28
San Gil,Perejil,Mayo,0.3
San Gil,Perejil,Mayo,0.31
San Gil,Mijo,Febrero,0.02
San Gil,Mijo,Febrero,0.02
San Gil,Mijo,Febrero,0.02
San Gil,Maiz Amarillo,Diciembre,0.34
San Gil,Yuca,Septiembre,1.33
San Gil,Yuca,Septiembre,1.3
San Gil,Mijo,Febrero,0.02
San Gil,Perejil,Mayo,0.27
San Gil,Mijo,Febrero,0.02
San Gil,Perejil,Mayo,0.29
San Gil,Perejil,Mayo,0.29
San Gil,Cana panelera,Julio,0.5
San Gil,Perejil,Mayo,0.26
San Gil,Perejil,Mayo,0.28
San Gil,Lulo,Septiembre,0.19
San Gil,Maiz Amarillo,Mayo,0.3
San Gil,Perejil,Mayo,0.29
San Gil,Mijo,Febrero,0.02
San Gil,Cana panelera,Julio,0.5
San Gil,Perejil,Mayo,0.27
San Gil,Perejil,Mayo,0.29
San Gil,Pina,Octubre,2.38
San Gil,Mijo,Febrero,0.02
San Gil,Maiz Amarillo,Diciembre,0.33
San Gil,Maiz Amarillo,Diciembre,0.3
San Gil,Maiz Amarillo,Diciembre,0.3
San Gil,Platano,Junio,0.64
San Gil,Mijo,Febrero,0.02
San Gil,Mijo,Febrero,0.02
San Gil,Lulo,Octubre,0.18
San Gil,Mijo,Febrero,0.02
San Gil,Perejil,Mayo,0.3
San Gil,Maiz Amarillo,Mayo,0.34
San Gil,Platano,Julio,0.64
San Gil,Yuca,Octubre,1.32
San Gil,Mijo,Febrero,0.02
San Gil,Platano,Agosto,0.64
San Gil,Platano,Julio,0.64
San Gil,Yuca,Septiembre,1.42
San Gil,Platano,Julio,0.64
San Gil,Maiz Amarillo,Mayo,0.33
San Gil,Perejil,Mayo,0.28
San Gil,Cana panelera,Julio,0.7
San Gil,Platano,Julio,0.64
San Gil,Yuca,Septiembre,1.43
San Gil,Platano,Julio,0.64
San Gil,Maiz Amarillo,Junio,0.32
San Gil,Yuca,Octubre,1.28
San Gil,Frijol,Mayo,0.01
San Gil,Yuca,Septiembre,1.22
San Gil,Maiz Blanco,Mayo,0.35
San Gil,Yuca,Marzo,1.37
San Gil,Frijol,Mayo,0.01
San Gil,Maiz Blanco,Mayo,0.34
San Gil,Yuca,Marzo,1.4
San Gil,Maiz Amarillo,Mayo,0.31
San Gil,Frijol,Mayo,0.01
San Gil,Perejil,Mayo,0.27
San Gil,Frijol,Mayo,0.01
San Gil,Maiz Amarillo,Mayo,0.32
San Gil,Perejil,Mayo,0.29
San Gil,Perejil,Mayo,0.27
San Gil,Perejil,Mayo,0.3
San Gil,Maiz Amarillo,Diciembre,0.32
San Gil,Perejil,Octubre,0.26
San Gil,Perejil,Octubre,0.25
San Gil,Perejil,Octubre,0.29
San Gil,Maiz Amarillo,Mayo,0.31
San Gil,Frijol,Mayo,0.01
San Gil,Perejil,Mayo,0.27
San Gil,Frijol,Mayo,0.01
San Gil,Yuca,Septiembre,1.38
San Gil,Maiz Amarillo,Junio,0.28
San Gil,Pina,Octubre,2.38
San Gil,Platano,Julio,0.64
San Gil,Mijo,Febrero,0.02
San Gil,Platano,Julio,0.64
San Gil,Perejil,Mayo,0.28
San Gil,Perejil,Mayo,0.25
San Gil,Perejil,Mayo,0.28
San Gil,Mijo,Febrero,0.02
San Gil,Platano,Julio,0.64
San Gil,Platano,Julio,0.64
San Gil,Perejil,Mayo,0.28
San Gil,Mijo,Febrero,0.02
San Gil,Maiz Amarillo,Diciembre,0.33
San Gil,Perejil,Mayo,0.3
San Gil,Yuca,Septiembre,1.32
San Gil,Platano,Julio,0.64
San Gil,Mijo,Febrero,0.02
San Gil,Perejil,Mayo,0.28
San Gil,Platano,Julio,0.64
San Gil,Mijo,Febrero,0.02
San Gil,Yuca,Septiembre,1.24
San Gil,Yuca,Septiembre,1.35
San Gil,Yuca,Septiembre,1.38
San Gil,Perejil,Mayo,0.29
San Gil,Perejil,Mayo,0.26
San Gil,Perejil,Mayo,0.28
San Gil,Perejil,Mayo,0.29
San Gil,Perejil,Mayo,0.31
San Gil,Perejil,Mayo,0.29
San Gil,Yuca,Octubre,1.36
San Gil,Yuca,Octubre,1.26
San Gil,Yuca,Octubre,1.41
San Gil,Yuca,Octubre,1.28
San Gil,Yuca,Octubre,1.43
San Gil,Yuca,Octubre,1.37
San Gil,Platano,Agosto,0.64
San Gil,Platano,Julio,0.64
San Gil,Platano,Agosto,0.64
San Gil,Yuca,Octubre,1.26
San Gil,Yuca,Octubre,1.26
San Gil,Mijo,Febrero,0.02
San Gil,Lulo,Octubre,0.2
San Gil,Yuca,Septiembre,1.32
San Gil,Pina,Octubre,2.38
San Gil,Mijo,Febrero,0.02
San Gil,Perejil,Mayo,0.27
San Gil,Pina,Octubre,2.38
San Gil,Platano,Agosto,0.64
San Gil,Tomate,Febrero,2.07
San Gil,Pimenton,Julio,2.03
San Gil,Yuca,Marzo,1.48
San Gil,Mijo,Febrero,0.02
San Gil,Perejil,Mayo,0.29
San Gil,Mijo,Febrero,0.02
San Gil,Pina,Octubre,2.38
San Gil,Mijo,Febrero,0.02
San Gil,Platano,Julio,0.64
San Gil,Platano,Julio,0.64
San Gil,Perejil,Mayo,0.3
San Gil,Perejil,Mayo,0.29
San Gil,Platano,Julio,0.64
San Gil,Yuca,Septiembre,1.39
San Gil,Mijo,Febrero,0.02
San Gil,Maiz Amarillo,Mayo,0.3
San Gil,Mijo,Febrero,0.02
San Gil,Mijo,Febrero,0.02
San Gil,Perejil,Mayo,0.27
San Gil,Perejil,Mayo,0.29
San Gil,Maiz Blanco,Junio,0.32
San Gil,Maiz Blanco,Junio,0.37
San Gil,Frijol,Mayo,0.01
San Gil,Maiz Blanco,Junio,0.36
San Gil,Maiz Blanco,Mayo,0.33
San Gil,Yuca,Septiembre,1.28
San Gil,Frijol,Mayo,0.01
San Gil,Maiz Blanco,Junio,0.34
San Gil,Mijo,Febrero,0.02
San Gil,Mijo,Febrero,0.02
San Gil,Maiz Amarillo,Mayo,0.3
San Gil,Frijol,Mayo,0.01
San Gil,Mijo,Febrero,0.02
San Gil,Maiz Blanco,Mayo,0.37
San Gil,Mijo,Febrero,0.02
San Gil,Yuca,Septiembre,1.35
San Gil,Platano,Julio,0.64
San Gil,Perejil,Mayo,0.29
San Gil,Perejil,Mayo,0.25
San Gil,Yuca,Septiembre,1.42
San Gil,Yuca,Septiembre,1.27
San Gil,Mijo,Febrero,0.02
San Gil,Perejil,Mayo,0.28
San Gil,Mijo,Febrero,0.02
San Gil,Platano,Julio,0.64
San Gil,Perejil,Mayo,0.29
San Gil,Mijo,Febrero,0.02
San Gil,Mijo,Febrero,0.02
San Gil,Mijo,Febrero,0.02
San Gil,Yuca,Marzo,1.36
San Gil,Frijol,Mayo,0.01
San Gil,Maiz Amarillo,Mayo,0.31
San Gil,Cana panelera,Julio,0.5
San Gil,Mijo,Febrero,0.02
San Gil,Yuca,Septiembre,1.33
San Gil,Platano,Julio,0.64
San Gil,Perejil,Mayo,0.3
San Gil,Lulo,Septiembre,0.17
San Gil,Perejil,Mayo,0.28
San Gil,Platano,Julio,0.64
San Gil,Perejil,Mayo,0.26
San Gil,Mijo,Febrero,0.02
San Gil,Mijo,Febrero,0.02
San Gil,Mijo,Febrero,0.02
San Gil,Mijo,Febrero,0.02
San Gil,Mijo,Febrero,0.02
San Gil,Mijo,Febrero,0.01
San Gil,Mijo,Febrero,0.02
San Gil,Mijo,Febrero,0.02
San Gil,Tomate,Mayo,2.1
San Gil,Tomate,Mayo,2.1
San Gil,Tomate,Mayo,2.1
San Gil,Perejil,Mayo,0.31
San Gil,Perejil,Mayo,0.3
San Gil,Platano,Julio,0.64
San Gil,Mijo,Febrero,0.02
San Gil,Perejil,Mayo,0.27
San Gil,Perejil,Mayo,0.26
San Gil,Yuca,Septiembre,1.25
San Gil,Yuca,Septiembre,1.23
San Gil,Yuca,Septiembre,1.33
San Gil,Yuca,Septiembre,1.31
San Gil,Mijo,Febrero,0.02
San Gil,Perejil,Mayo,0.27
San Gil,Platano,Julio,0.64
San Gil,Platano,Agosto,0.64
San Gil,Mijo,Febrero,0.02
San Gil,Maiz Amarillo,Junio,0.32
San Gil,Perejil,Mayo,0.28
San Gil,Perejil,Mayo,0.26
San Gil,Perejil,Mayo,0.29
San Gil,Maiz Amarillo,Junio,0.31
San Gil,Mijo,Febrero,0.02
San Gil,Mijo,Febrero,0.02
San Gil,Lulo,Septiembre,0.19
San Gil,Mijo,Febrero,0.02
San Gil,Yuca,Septiembre,1.28
San Gil,Platano,Agosto,0.64
San Gil,Yuca,Septiembre,1.38
San Gil,Mijo,Febrero,0.02
San Gil,Perejil,Mayo,0.32
San Gil,Lulo,Septiembre,0.19
San Gil,Mijo,Febrero,0.02
San Gil,Perejil,Mayo,0.29
San Gil,Perejil,Mayo,0.29
San Gil,Mijo,Febrero,0.02
San Gil,Mijo,Febrero,0.02
San Gil,Mijo,Febrero,0.02
San Gil,Perejil,Mayo,0.29
San Gil,Perejil,Mayo,0.29
San Gil,Perejil,Mayo,0.29
San Gil,Mijo,Febrero,0.02
San Gil,Platano,Julio,0.64
San Gil,Mijo,Febrero,0.02
San Gil,Maiz Amarillo,Junio,0.32
San Gil,Mijo,Febrero,0.02
San Gil,Perejil,Mayo,0.27
San Gil,Perejil,Mayo,0.29
San Gil,Perejil,Mayo,0.27
San Gil,Platano,Agosto,0.64
San Gil,Perejil,Mayo,0.29
San Gil,Perejil,Mayo,0.28
San Gil,Perejil,Mayo,0.26
San Gil,Perejil,Mayo,0.28
San Gil,Yuca,Septiembre,1.38
San Gil,Pina,Octubre,2.38
San Gil,Pina,Octubre,2.38
San Gil,Pina,Octubre,2.38
San Gil,Yuca,Octubre,1.31
San Gil,Platano,Julio,0.64
San Gil,Yuca,Septiembre,1.52
San Gil,Maiz Amarillo,Junio,0.34
San Gil,Platano,Julio,0.64
San Gil,Perejil,Mayo,0.27
San Gil,Perejil,Mayo,0.29
San Gil,Maiz Amarillo,Junio,0.35
San Gil,Perejil,Mayo,0.27
San Gil,Yuca,Septiembre,1.43
San Gil,Perejil,Mayo,0.31
San Gil,Mijo,Febrero,0.02
San Gil,Perejil,Mayo,0.29
San Gil,Mijo,Febrero,0.02
San Gil,Maiz Amarillo,Mayo,0.3
San Gil,Perejil,Mayo,0.28
San Gil,Mijo,Febrero,0.02
San Gil,Yuca,Septiembre,1.26
San Gil,Yuca,Septiembre,1.39
San Gil,Maiz Amarillo,Junio,0.31
San Gil,Yuca,Octubre,1.45
San Gil,Maiz Amarillo,Mayo,0.34
San Gil,Yuca,Septiembre,1.36
San Gil,Maracuya,Septiembre,0.3
San Gil,Yuca,Septiembre,1.34
San Gil,Perejil,Mayo,0.3
San Gil,Frijol,Mayo,0.01
San Gil,Maiz Amarillo,Mayo,0.29
San Gil,Perejil,Mayo,0.28
San Gil,Perejil,Mayo,0.28
San Gil,Perejil,Mayo,0.31
San Gil,Platano,Agosto,0.64
San Gil,Perejil,Mayo,0.28
San Gil,Perejil,Mayo,0.28
San Gil,Perejil,Mayo,0.27
San Gil,Maiz Amarillo,Mayo,0.33
San Gil,Mijo,Febrero,0.02
San Gil,Mijo,Febrero,0.02
San Gil,Mijo,Febrero,0.02
San Gil,Perejil,Mayo,0.26
San Gil,Yuca,Septiembre,1.27
San Gil,Maiz Blanco,Junio,0.35
San Gil,Yuca,Octubre,1.28
San Gil,Perejil,Mayo,0.29
San Gil,Perejil,Mayo,0.3
San Gil,Perejil,Mayo,0.24
San Gil,Perejil,Mayo,0.3
San Gil,Perejil,Mayo,0.28
San Gil,Perejil,Mayo,0.29
San Gil,Perejil,Mayo,0.29
San Gil,Perejil,Mayo,0.27
San Gil,Perejil,Mayo,0.29
San Gil,Perejil,Mayo,0.26
San Gil,Perejil,Mayo,0.27
San Gil,Cana panelera,Julio,0.5
San Gil,Maiz Amarillo,Junio,0.31
San Gil,Maiz Amarillo,Junio,0.32
San Gil,Maiz Blanco,Junio,0.37
San Gil,Maiz Amarillo,Junio,0.32
San Gil,Platano,Agosto,0.64
San Gil,Maiz Amarillo,Junio,0.33
San Gil,Yuca,Octubre,1.31
San Gil,Yuca,Septiembre,1.35
San Gil,Lulo,Octubre,0.18
San Gil,Perejil,Mayo,0.29
San Gil,Platano,Agosto,0.64
San Gil,Perejil,Mayo,0.27
San Gil,Platano,Agosto,0.64
San Gil,Frijol,Mayo,0.01
San Gil,Maiz Amarillo,Mayo,0.32
San Gil,Frijol,Mayo,0.01
San Gil,Frijol,Mayo,0.01
San Gil,Frijol,Mayo,0.01
San Gil,Frijol,Mayo,0.01
San Gil,Frijol,Mayo,0.01
San Gil,Frijol,Mayo,0.01
San Gil,Frijol,Mayo,0.01
San Gil,Frijol,Mayo,0.01
San Gil,Frijol,Mayo,0.01
San Gil,Frijol,Mayo,0.01
San Gil,Frijol,Mayo,0.01
San Gil,Frijol,Mayo,0.01
San Gil,Frijol,Mayo,0.01
San Gil,Frijol,Mayo,0.01
San Gil,Frijol,Mayo,0.01
San Gil,Frijol,Mayo,0.01
San Gil,Frijol,Mayo,0.01
San Gil,Frijol,Mayo,0.01
San Gil,Frijol,Mayo,0.01
San Gil,Frijol,Mayo,0.01
San Gil,Frijol,Mayo,0.01
San Gil,Frijol,Mayo,0.01
San Gil,Frijol,Mayo,0.01
San Gil,Frijol,Mayo,0.01
San Gil,Frijol,Mayo,0.01
San Gil,Frijol,Mayo,0.01
San Gil,Frijol,Mayo,0.01
San Gil,Frijol,Mayo,0.01
San Gil,Frijol,Mayo,0.01
San Gil,Frijol,Mayo,0.01
San Gil,Frijol,Mayo,0.01
San Gil,Frijol,Mayo,0.01
San Gil,Frijol,Mayo,0.01
San Gil,Frijol,Mayo,0.01
San Gil,Frijol,Mayo,0.01
San Gil,Frijol,Mayo,0.01
San Gil,Frijol,Mayo,0.01
San Gil,Frijol,Mayo,0.01
San Gil,Frijol,Mayo,0.01
San Gil,Frijol,Mayo,0.01
San Gil,Frijol,Mayo,0.01
San Gil,Frijol,Mayo,0.01
San Gil,Frijol,Mayo,0.01
San Gil,Frijol,Mayo,0.01
San Gil,Frijol,Mayo,0.01
San Gil,Frijol,Mayo,0.01
San Gil,Frijol,Mayo,0.01
San Gil,Frijol,Mayo,0.01
San Gil,Frijol,Mayo,0.01
San Gil,Frijol,Mayo,0.01
San Gil,Frijol,Mayo,0.01
San Gil,Frijol,Mayo,0.01
San Gil,Frijol,Mayo,0.01
San Gil,Pina,Septiembre,2.38
San Gil,Pina,Septiembre,2.38
San Gil,Pina,Septiembre,2.38
San Gil,Pina,Septiembre,2.38
San Gil,Pina,Septiembre,2.38
San Gil,Pina,Septiembre,2.38
San Gil,Pina,Septiembre,2.38
San Gil,Pina,Septiembre,2.38
San Gil,Pina,Septiembre,2.38
San Gil,Pina,Septiembre,2.38
San Gil,Pina,Septiembre,2.38
San Gil,Pina,Septiembre,2.38
San Gil,Pina,Septiembre,2.38
San Gil,Pina,Septiembre,2.38
San Gil,Pina,Septiembre,2.38
San Gil,Pina,Septiembre,2.38
San Gil,Pina,Septiembre,2.38
San Gil,Pina,Septiembre,2.38
San Gil,Pina,Septiembre,2.38
San Gil,Pina,Septiembre,2.38
San Gil,Pina,Septiembre,2.38
San Gil,Pina,Septiembre,2.38
San Gil,Pina,Septiembre,2.38
San Gil,Pina,Septiembre,2.38
San Gil,Pina,Septiembre,2.38
San Gil,Pina,Septiembre,2.38
San Gil,Pina,Septiembre,2.38
San Gil,Pina,Septiembre,2.38
San Gil,Pina,Septiembre,2.38
San Gil,Pina,Septiembre,2.38
San Gil,Pina,Septiembre,2.38
San Gil,Pina,Septiembre,2.38
San Gil,Pina,Septiembre,2.38
San Gil,Pina,Septiembre,2.38
San Gil,Pina,Septiembre,2.38
San Gil,Pina,Septiembre,2.38
San Gil,Pina,Septiembre,2.38
San Gil,Pina,Septiembre,2.38
San Gil,Pina,Septiembre,2.38
San Gil,Pina,Septiembre,2.38
San Gil,Cana fistula,Abril,0.49
San Gil,Cana fistula,Abril,0.44
San Gil,Cana fistula,Abril,0.39
San Joaqumn,Cana panelera,Julio,0.5
San Joaqumn,Cana panelera,Julio,0.68
San Joaqumn,Cana panelera,Junio,0.5
San Joaqumn,Cana panelera,Julio,0.5
San Joaqumn,Platano,Julio,0.66
San Joaqumn,Cana panelera,Julio,0.5
San Joaqumn,Yuca,Septiembre,1.32
San Joaqumn,Platano,Julio,0.66
San Joaqumn,Mora Andina,Septiembre,0.2
San Joaqumn,Cana panelera,Julio,0.5
San Joaqumn,Cana panelera,Junio,0.5
San Joaqumn,Maiz Amarillo,Mayo,0.31
San Joaqumn,Cana panelera,Julio,0.5
San Joaqumn,Platano,Junio,0.66
San Joaqumn,Cana panelera,Junio,0.63
San Joaqumn,Maiz Blanco,Mayo,0.33
San Joaqumn,Cana panelera,Julio,0.5
San Joaqumn,Cana panelera,Julio,0.68
San Joaqumn,Cana panelera,Julio,0.5
San Joaqumn,Yuca,Septiembre,1.43
San Joaqumn,Cana panelera,Julio,0.66
San Joaqumn,Cana panelera,Julio,0.5
San Joaqumn,Platano,Julio,0.66
San Joaqumn,Cana panelera,Julio,0.5
San Joaqumn,Cana panelera,Julio,0.5
San Joaqumn,Yuca,Septiembre,1.37
San Joaqumn,Platano,Julio,0.66
San Joaqumn,Cana panelera,Julio,0.5
San Joaqumn,Yuca,Octubre,1.31
San Joaqumn,Yuca,Octubre,1.39
San Joaqumn,Yuca,Octubre,1.36
San Joaqumn,Maiz Blanco,Mayo,0.33
San Joaqumn,Cana panelera,Julio,0.67
San Joaqumn,Cana panelera,Junio,0.5
San Joaqumn,Cana panelera,Junio,0.5
San Joaqumn,Platano,Junio,0.66
San Joaqumn,Cana panelera,Junio,0.5
San Joaqumn,Yuca,Septiembre,1.36
San Joaqumn,Cana panelera,Julio,0.69
San Joaqumn,Maiz Amarillo,Mayo,0.33
San Joaqumn,Cana panelera,Julio,0.5
San Joaqumn,Cana panelera,Julio,0.5
San Joaqumn,Platano,Julio,0.66
San Joaqumn,Yuca,Septiembre,1.33
San Joaqumn,Cana panelera,Julio,0.63
San Joaqumn,Cana panelera,Junio,0.66
San Joaqumn,Cana panelera,Julio,0.5
San Joaqumn,Yuca,Septiembre,1.3
San Joaqumn,Yuca,Septiembre,1.38
San Joaqumn,Yuca,Septiembre,1.35
San Joaqumn,Yuca,Septiembre,1.35
San Joaqumn,Yuca,Septiembre,1.42
San Joaqumn,Cana panelera,Julio,0.5
San Joaqumn,Cana panelera,Junio,0.5
San Joaqumn,Yuca,Marzo,1.3
San Joaqumn,Cana panelera,Julio,0.5
San Joaqumn,Cana panelera,Julio,0.5
San Joaqumn,Yuca,Septiembre,1.39
San Joaqumn,Yuca,Septiembre,1.38
San Joaqumn,Cana panelera,Junio,0.5
San Joaqumn,Yuca,Septiembre,1.32
San Joaqumn,Yuca,Septiembre,1.41
San Joaqumn,Cana panelera,Julio,0.5
San Joaqumn,Cana panelera,Julio,0.5
San Joaqumn,Cana panelera,Julio,0.5
San Joaqumn,Yuca,Septiembre,1.33
San Joaqumn,Maiz Blanco,Mayo,0.36
San Joaqumn,Cana panelera,Julio,0.5
San Joaqumn,Cana panelera,Junio,0.5
San Joaqumn,Cana panelera,Junio,0.67
San Joaqumn,Yuca,Septiembre,1.34
San Joaqumn,Yuca,Septiembre,1.39
San Joaqumn,Cana panelera,Julio,0.5
San Joaqumn,Cana panelera,Julio,0.5
San Joaqumn,Cana panelera,Julio,0.5
San Joaqumn,Cana panelera,Julio,0.64
San Joaqumn,Cana panelera,Agosto,0.68
San Joaqumn,Cana panelera,Julio,0.5
San Joaqumn,Cana panelera,Julio,0.5
San Joaqumn,Cana panelera,Agosto,0.5
San Joaqumn,Cana panelera,Junio,0.5
San Joaqumn,Cana panelera,Julio,0.5
San Joaqumn,Cana panelera,Agosto,0.66
San Joaqumn,Yuca,Octubre,1.39
San Joaqumn,Cana panelera,Julio,0.5
San Joaqumn,Cana panelera,Julio,0.59
San Joaqumn,Cana panelera,Julio,0.5
San Joaqumn,Cana panelera,Junio,0.63
San Joaqumn,Cana panelera,Julio,0.66
San Joaqumn,Cana panelera,Agosto,0.5
San Joaqumn,Yuca,Marzo,1.33
San Joaqumn,Cana panelera,Junio,0.5
San Joaqumn,Platano,Julio,0.66
San Joaqumn,Cana panelera,Julio,0.67
San Joaqumn,Cana panelera,Julio,0.5
San Joaqumn,Cana panelera,Julio,0.5
San Joaqumn,Maiz Amarillo,Mayo,0.32
San Joaqumn,Cana panelera,Julio,0.5
San Joaqumn,Cana panelera,Junio,0.5
San Joaqumn,Maiz Blanco,Diciembre,0.33
San Joaqumn,Cana panelera,Julio,0.5
San Joaqumn,Cana panelera,Julio,0.5
San Joaqumn,Maiz Amarillo,Mayo,0.32
San Joaqumn,Maiz Amarillo,Diciembre,0.3
San Joaqumn,Frijol,Mayo,0.01
San Joaqumn,Cana panelera,Julio,0.62
San Joaqumn,Cana panelera,Julio,0.5
San Joaqumn,Cana panelera,Agosto,0.5
San Joaqumn,Cana panelera,Agosto,0.7
San Joaqumn,Maiz Blanco,Mayo,0.36
San Joaqumn,Cana panelera,Julio,0.65
San Joaqumn,Cana panelera,Julio,0.5
San Joaqumn,Yuca,Septiembre,1.35
San Joaqumn,Yuca,Septiembre,1.27
San Joaqumn,Yuca,Marzo,1.41
San Joaqumn,Cana panelera,Junio,0.5
San Joaqumn,Platano,Junio,0.66
San Joaqumn,Frijol,Agosto,2.24
San Joaqumn,Maiz Amarillo,Octubre,0.32
San Joaqumn,Cana panelera,Julio,0.5
San Joaqumn,Cana panelera,Julio,0.5
San Joaqumn,Yuca,Marzo,1.38
San Joaqumn,Yuca,Marzo,1.32
San Joaqumn,Yuca,Marzo,1.45
San Joaqumn,Yuca,Marzo,1.39
San Joaqumn,Yuca,Marzo,1.33
San Joaqumn,Cana panelera,Julio,0.63
San Joaqumn,Yuca,Septiembre,1.41
San Joaqumn,Yuca,Septiembre,1.33
San Joaqumn,Cana panelera,Julio,0.5
San Joaqumn,Cana panelera,Julio,0.5
San Joaqumn,Cana panelera,Junio,0.5
San Joaqumn,Cana panelera,Agosto,0.5
San Joaqumn,Cana panelera,Julio,0.5
San Joaqumn,Cana panelera,Junio,0.5
San Joaqumn,Cana panelera,Julio,0.5
San Joaqumn,Cana panelera,Julio,0.5
San Joaqumn,Yuca,Marzo,1.27
San Joaqumn,Cana panelera,Junio,0.69
San Joaqumn,Platano,Julio,0.66
San Joaqumn,Yuca,Marzo,1.2
San Joaqumn,Cana panelera,Julio,0.5
San Joaqumn,Yuca,Septiembre,1.31
San Joaqumn,Cana panelera,Julio,0.5
San Joaqumn,Cana panelera,Junio,0.5
San Joaqumn,Yuca,Marzo,1.42
San Joaqumn,Yuca,Marzo,1.42
San Joaqumn,Yuca,Marzo,1.3
San Joaqumn,Yuca,Marzo,1.36
San Joaqumn,Cana panelera,Junio,0.5
San Joaqumn,Cana panelera,Agosto,0.71
San Joaqumn,Cana panelera,Julio,0.5
San Joaqumn,Cana panelera,Julio,0.5
San Joaqumn,Platano,Julio,0.66
San Joaqumn,Yuca,Septiembre,1.45
San Joaqumn,Cana panelera,Julio,0.5
San Joaqumn,Cana panelera,Agosto,0.5
San Joaqumn,Yuca,Septiembre,1.35
San Joaqumn,Cana panelera,Julio,0.5
San Joaqumn,Cana panelera,Julio,0.5
San Joaqumn,Yuca,Septiembre,1.28
San Joaqumn,Cana panelera,Julio,0.7
San Joaqumn,Cana panelera,Agosto,0.5
San Joaqumn,Yuca,Octubre,1.36
San Joaqumn,Cana panelera,Agosto,0.5
San Joaqumn,Cana panelera,Junio,0.73
San Joaqumn,Platano,Julio,0.66
San Joaqumn,Yuca,Septiembre,1.35
San Joaqumn,Yuca,Septiembre,1.28
San Joaqumn,Cana panelera,Julio,0.5
San Joaqumn,Cana panelera,Julio,0.5
San Joaqumn,Platano,Agosto,0.66
San Joaqumn,Platano,Agosto,0.66
San Joaqumn,Yuca,Marzo,1.4
San Joaqumn,Cana panelera,Julio,0.5
San Joaqumn,Cana panelera,Junio,0.5
San Joaqumn,Yuca,Marzo,1.31
San Joaqumn,Yuca,Marzo,1.26
San Joaqumn,Yuca,Marzo,1.36
San Joaqumn,Cana panelera,Julio,0.5
San Joaqumn,Cana panelera,Junio,0.5
San Joaqumn,Cana panelera,Julio,0.5
San Joaqumn,Cana panelera,Julio,0.5
San Joaqumn,Cana panelera,Julio,0.5
San Joaqumn,Yuca,Septiembre,1.39
San Joaqumn,Cana panelera,Julio,0.5
San Joaqumn,Yuca,Septiembre,1.38
San Joaqumn,Yuca,Septiembre,1.33
San Joaqumn,Yuca,Septiembre,1.28
San Joaqumn,Cana panelera,Julio,0.69
San Joaqumn,Cana panelera,Julio,0.63
San Joaqumn,Cana panelera,Junio,0.71
San Joaqumn,Yuca,Marzo,1.4
San Joaqumn,Yuca,Septiembre,1.19
San Joaqumn,Cana panelera,Junio,0.5
San Joaqumn,Yuca,Marzo,1.4
San Joaqumn,Cana panelera,Julio,0.5
San Joaqumn,Cana panelera,Julio,0.63
San Joaqumn,Yuca,Septiembre,1.31
San Joaqumn,Yuca,Septiembre,1.29
San Joaqumn,Cana panelera,Junio,0.5
San Joaqumn,Yuca,Marzo,1.33
San Joaqumn,Maiz Blanco,Diciembre,0.34
San Joaqumn,Cana panelera,Junio,0.5
San Joaqumn,Yuca,Marzo,1.43
San Joaqumn,Yuca,Marzo,1.36
San Joaqumn,Cana panelera,Julio,0.5
San Joaqumn,Yuca,Septiembre,1.45
San Joaqumn,Maiz Blanco,Mayo,0.33
San Joaqumn,Cana panelera,Julio,0.64
San Joaqumn,Cana panelera,Junio,0.5
San Joaqumn,Cana panelera,Julio,0.5
San Joaqumn,Platano,Junio,0.66
San Joaqumn,Cana panelera,Junio,0.5
San Joaqumn,Maiz Amarillo,Mayo,0.32
San Joaqumn,Cana panelera,Julio,0.5
San Joaqumn,Cana panelera,Junio,0.5
San Joaqumn,Cana panelera,Julio,0.5
San Joaqumn,Cana panelera,Julio,0.5
San Joaqumn,Yuca,Marzo,1.38
San Joaqumn,Cana panelera,Junio,0.5
San Joaqumn,Maiz Amarillo,Mayo,0.34
San Joaqumn,Cana panelera,Julio,0.5
San Joaqumn,Platano,Junio,0.66
San Joaqumn,Cana panelera,Junio,0.5
San Joaqumn,Cana panelera,Julio,0.5
San Joaqumn,Yuca,Septiembre,1.44
San Joaqumn,Cana panelera,Julio,0.5
San Joaqumn,Cana panelera,Julio,0.5
San Joaqumn,Yuca,Marzo,1.37
San Joaqumn,Cana panelera,Junio,0.5
San Joaqumn,Platano,Julio,0.66
San Joaqumn,Cana panelera,Julio,0.5
San Joaqumn,Cana panelera,Julio,0.5
San Joaqumn,Cana panelera,Julio,0.5
San Joaqumn,Cana panelera,Agosto,0.5
San Joaqumn,Cana panelera,Julio,0.67
San Joaqumn,Cana panelera,Julio,0.5
San Joaqumn,Cana panelera,Junio,0.5
San Joaqumn,Cana panelera,Julio,0.67
San Joaqumn,Cana panelera,Julio,0.5
San Joaqumn,Cana panelera,Julio,0.5
San Joaqumn,Cana panelera,Julio,0.5
San Joaqumn,Cana panelera,Junio,0.5
San Joaqumn,Cana panelera,Julio,0.5
San Joaqumn,Cana panelera,Julio,0.66
San Joaqumn,Cana panelera,Julio,0.5
San Joaqumn,Cana panelera,Julio,0.5
San Joaqumn,Cana panelera,Julio,0.5
San Joaqumn,Cana panelera,Agosto,0.67
San Joaqumn,Yuca,Septiembre,1.35
San Joaqumn,Cana panelera,Julio,0.5
San Joaqumn,Cana panelera,Julio,0.5
San Joaqumn,Yuca,Septiembre,1.22
San Joaqumn,Yuca,Septiembre,1.33
San Joaqumn,Yuca,Septiembre,1.39
San Joaqumn,Cana panelera,Julio,0.5
San Joaqumn,Yuca,Septiembre,1.32
San Joaqumn,Platano,Julio,0.66
San Joaqumn,Cana panelera,Julio,0.5
San Joaqumn,Maiz Amarillo,Mayo,0.3
San Joaqumn,Cana panelera,Agosto,0.5
San Joaqumn,Cana panelera,Julio,0.5
San Joaqumn,Cana panelera,Julio,0.5
San Joaqumn,Yuca,Septiembre,1.35
San Joaqumn,Yuca,Septiembre,1.31
San Joaqumn,Yuca,Septiembre,1.26
San Joaqumn,Yuca,Septiembre,1.3
San Joaqumn,Cana panelera,Julio,0.5
San Joaqumn,Cana panelera,Julio,0.5
San Joaqumn,Yuca,Septiembre,1.37
San Joaqumn,Cana panelera,Junio,0.7
San Joaqumn,Maiz Amarillo,Diciembre,0.33
San Joaqumn,Cana panelera,Julio,0.5
San Joaqumn,Cana panelera,Julio,0.5
San Joaqumn,Cana panelera,Julio,0.5
San Joaqumn,Yuca,Septiembre,1.31
San Joaqumn,Yuca,Septiembre,1.31
San Joaqumn,Yuca,Septiembre,1.36
San Joaqumn,Yuca,Septiembre,1.31
San Joaqumn,Yuca,Septiembre,1.29
San Joaqumn,Yuca,Septiembre,1.33
San Joaqumn,Cana panelera,Julio,0.5
San Joaqumn,Cana panelera,Julio,0.5
San Joaqumn,Cana panelera,Julio,0.66
San Joaqumn,Cana panelera,Julio,0.5
San Joaqumn,Cana panelera,Julio,0.5
San Joaqumn,Cana panelera,Julio,0.5
San Joaqumn,Cana panelera,Julio,0.5
San Joaqumn,Frijol,Mayo,0.01
San Joaqumn,Mora Andina,Septiembre,0.2
San Joaqumn,Cana panelera,Junio,0.5
San Joaqumn,Yuca,Marzo,1.35
San Joaqumn,Cana panelera,Junio,0.5
San Joaqumn,Platano,Junio,0.66
San Joaqumn,Cana panelera,Julio,0.5
San Joaqumn,Cana panelera,Julio,0.5
San Joaqumn,Maiz Blanco,Mayo,0.36
San Joaqumn,Cana panelera,Julio,0.5
San Joaqumn,Cana panelera,Junio,0.5
San Joaqumn,Platano,Julio,0.66
San Joaqumn,Yuca,Marzo,1.35
San Joaqumn,Cana panelera,Julio,0.5
San Joaqumn,Cana panelera,Julio,0.5
San Joaqumn,Yuca,Marzo,1.29
San Joaqumn,Cana panelera,Julio,0.66
San Joaqumn,Yuca,Marzo,1.31
San Joaqumn,Platano,Junio,0.66
San Joaqumn,Mora Andina,Agosto,0.2
San Joaqumn,Cana panelera,Julio,0.5
San Joaqumn,Cana panelera,Julio,0.5
San Joaqumn,Cana panelera,Junio,0.5
San Joaqumn,Cana panelera,Junio,0.5
San Joaqumn,Cana panelera,Julio,0.5
San Joaqumn,Cana panelera,Julio,0.62
San Joaqumn,Yuca,Marzo,1.37
San Joaqumn,Cana panelera,Junio,0.69
San Joaqumn,Cana panelera,Julio,0.5
San Joaqumn,Cana panelera,Julio,0.5
San Joaqumn,Mora Andina,Agosto,0.2
San Joaqumn,Cana panelera,Junio,0.67
San Joaqumn,Cana panelera,Julio,0.5
San Joaqumn,Cana panelera,Julio,0.5
San Joaqumn,Cana panelera,Junio,0.62
San Joaqumn,Yuca,Marzo,1.36
San Joaqumn,Yuca,Marzo,1.3
San Joaqumn,Yuca,Marzo,1.49
San Joaqumn,Yuca,Marzo,1.45
San Joaqumn,Maiz Blanco,Mayo,0.3
San Joaqumn,Yuca,Septiembre,1.39
San Joaqumn,Cana panelera,Julio,0.65
San Joaqumn,Cana panelera,Julio,0.5
San Joaqumn,Cana panelera,Julio,0.64
San Joaqumn,Cana panelera,Julio,0.5
San Joaqumn,Cana panelera,Julio,0.5
San Joaqumn,Cana panelera,Julio,0.5
San Joaqumn,Platano,Julio,0.66
San Joaqumn,Cana panelera,Julio,0.68
San Joaqumn,Yuca,Marzo,1.41
San Joaqumn,Cana panelera,Junio,0.5
San Joaqumn,Cana panelera,Julio,0.65
San Joaqumn,Yuca,Marzo,1.35
San Joaqumn,Cana panelera,Julio,0.5
San Joaqumn,Cana panelera,Julio,0.5
San Joaqumn,Yuca,Septiembre,1.43
San Joaqumn,Cana panelera,Julio,0.5
San Joaqumn,Maiz Blanco,Mayo,0.35
San Joaqumn,Frijol,Junio,1.84
San Joaqumn,Maiz Blanco,Mayo,0.34
San Joaqumn,Yuca,Septiembre,1.2
San Joaqumn,Cana panelera,Julio,0.5
San Joaqumn,Cana panelera,Julio,0.5
San Joaqumn,Platano,Julio,0.66
San Joaqumn,Cana panelera,Julio,0.64
San Joaqumn,Cana panelera,Julio,0.5
San Joaqumn,Yuca,Septiembre,1.35
San Joaqumn,Cana panelera,Julio,0.5
San Joaqumn,Cana panelera,Julio,0.5
San Joaqumn,Cana panelera,Julio,0.5
San Joaqumn,Yuca,Marzo,1.37
San Joaqumn,Yuca,Marzo,1.4
San Joaqumn,Yuca,Marzo,1.42
San Joaqumn,Yuca,Marzo,1.33
San Joaqumn,Yuca,Marzo,1.47
San Joaqumn,Yuca,Marzo,1.41
San Joaqumn,Yuca,Marzo,1.22
San Joaqumn,Yuca,Marzo,1.4
San Joaqumn,Yuca,Septiembre,1.35
San Joaqumn,Yuca,Septiembre,1.3
San Joaqumn,Maiz Blanco,Mayo,0.33
San Joaqumn,Maiz Blanco,Mayo,0.31
San Joaqumn,Cana panelera,Julio,0.5
San Joaqumn,Cana panelera,Julio,0.5
San Joaqumn,Maiz Amarillo,Diciembre,0.3
San Joaqumn,Maiz Amarillo,Diciembre,0.35
San Joaqumn,Cana panelera,Junio,0.5
San Joaqumn,Yuca,Marzo,1.41
San Joaqumn,Cana panelera,Junio,0.5
San Joaqumn,Maiz Amarillo,Noviembre,0.3
San Joaqumn,Maiz Amarillo,Noviembre,0.32
San Joaqumn,Cana panelera,Julio,0.5
San Joaqumn,Yuca,Septiembre,1.57
San Joaqumn,Cana panelera,Julio,0.5
San Joaqumn,Cana panelera,Julio,0.5
San Joaqumn,Yuca,Septiembre,1.39
San Joaqumn,Cana panelera,Julio,0.5
San Joaqumn,Yuca,Septiembre,1.27
San Joaqumn,Cana panelera,Julio,0.5
San Joaqumn,Cana panelera,Julio,0.5
San Joaqumn,Cana panelera,Junio,0.5
San Joaqumn,Cana panelera,Junio,0.66
San Joaqumn,Yuca,Marzo,1.42
San Joaqumn,Cana panelera,Julio,0.5
San Joaqumn,Cana panelera,Julio,0.5
San Joaqumn,Cana panelera,Julio,0.5
San Joaqumn,Yuca,Marzo,1.3
San Joaqumn,Cana panelera,Junio,0.5
San Joaqumn,Yuca,Septiembre,1.19
San Joaqumn,Cana panelera,Julio,0.63
San Joaqumn,Cana panelera,Julio,0.5
San Joaqumn,Platano,Julio,0.66
San Joaqumn,Cana panelera,Julio,0.5
San Joaqumn,Cana panelera,Julio,0.68
San Joaqumn,Cana panelera,Junio,0.5
San Joaqumn,Yuca,Marzo,1.24
San Joaqumn,Cana panelera,Julio,0.5
San Joaqumn,Cana panelera,Julio,0.5
San Joaqumn,Yuca,Septiembre,1.32
San Joaqumn,Yuca,Septiembre,1.45
San Joaqumn,Yuca,Septiembre,1.39
San Joaqumn,Yuca,Marzo,1.32
San Joaqumn,Cana panelera,Junio,0.5
San Joaqumn,Cana panelera,Julio,0.6
San Joaqumn,Cana panelera,Julio,0.5
San Joaqumn,Cana panelera,Julio,0.61
San Joaqumn,Cana panelera,Julio,0.5
San Joaqumn,Cana panelera,Julio,0.62
San Joaqumn,Cana panelera,Julio,0.5
San Joaqumn,Yuca,Septiembre,1.23
San Joaqumn,Cana panelera,Julio,0.5
San Joaqumn,Cana panelera,Julio,0.62
San Joaqumn,Platano,Julio,0.66
San Joaqumn,Platano,Julio,0.66
San Joaqumn,Trigo en grano,Marzo,0.21
San Joaqumn,Cana panelera,Junio,0.5
San Joaqumn,Cana panelera,Junio,0.65
San Joaqumn,Cana panelera,Julio,0.5
San Joaqumn,Yuca,Marzo,1.42
San Joaqumn,Cana panelera,Julio,0.65
San Joaqumn,Cana panelera,Julio,0.5
San Joaqumn,Platano,Junio,0.66
San Joaqumn,Yuca,Septiembre,1.39
San Joaqumn,Cana panelera,Julio,0.5
San Joaqumn,Cana panelera,Julio,0.5
San Joaqumn,Cana panelera,Junio,0.5
San Joaqumn,Yuca,Marzo,1.26
San Joaqumn,Maiz Blanco,Mayo,0.34
San Joaqumn,Maiz Blanco,Mayo,0.33
San Joaqumn,Cana panelera,Julio,0.5
San Joaqumn,Yuca,Septiembre,1.19
San Joaqumn,Cana panelera,Julio,0.5
San Joaqumn,Platano,Julio,0.66
San Joaqumn,Cana panelera,Junio,0.5
San Joaqumn,Yuca,Marzo,1.3
San Joaqumn,Maiz Blanco,Mayo,0.33
San Joaqumn,Cana panelera,Julio,0.5
San Joaqumn,Maiz Amarillo,Mayo,0.31
San Joaqumn,Arveja verde,Mayo,1.0
San Joaqumn,Cana panelera,Julio,0.5
San Joaqumn,Yuca,Septiembre,1.35
San Joaqumn,Cana panelera,Julio,0.5
San Joaqumn,Platano,Julio,0.66
San Joaqumn,Yuca,Marzo,1.3
San Joaqumn,Cana panelera,Junio,0.5
San Joaqumn,Cana panelera,Junio,0.5
San Joaqumn,Cana panelera,Julio,0.5
San Joaqumn,Cana panelera,Julio,0.5
San Joaqumn,Cana panelera,Junio,0.5
San Joaqumn,Cana panelera,Julio,0.5
San Joaqumn,Cana panelera,Agosto,0.5
San Joaqumn,Cana panelera,Julio,0.5
San Joaqumn,Cana panelera,Julio,0.5
San Joaqumn,Yuca,Marzo,1.37
San Joaqumn,Cana panelera,Julio,0.5
San Joaqumn,Cana panelera,Julio,0.5
San Joaqumn,Mora Andina,Agosto,0.2
San Joaqumn,Cana panelera,Julio,0.5
San Joaqumn,Maiz Amarillo,Mayo,0.33
San Joaqumn,Cana panelera,Agosto,0.5
San Joaqumn,Yuca,Octubre,1.39
San Joaqumn,Cana panelera,Julio,0.5
San Joaqumn,Yuca,Marzo,1.41
San Joaqumn,Cana panelera,Junio,0.5
San Joaqumn,Cebolla cabezona,Mayo,1.29
San Joaqumn,Maiz Amarillo,Diciembre,0.33
San Joaqumn,Cana panelera,Julio,0.5
San Joaqumn,Cana panelera,Julio,0.5
San Joaqumn,Cana panelera,Julio,0.5
San Joaqumn,Cana panelera,Junio,0.5
San Joaqumn,Cana panelera,Julio,0.5
San Joaqumn,Cana panelera,Julio,0.5
San Joaqumn,Yuca,Marzo,1.42
San Joaqumn,Cana panelera,Junio,0.67
San Joaqumn,Cana panelera,Julio,0.5
San Joaqumn,Yuca,Septiembre,1.3
San Joaqumn,Frijol,Mayo,0.01
San Joaqumn,Maiz Amarillo,Mayo,0.34
San Joaqumn,Platano,Julio,0.66
San Joaqumn,Cana panelera,Agosto,0.65
San Joaqumn,Cana panelera,Julio,0.5
San Joaqumn,Cana panelera,Julio,0.63
San Joaqumn,Cana panelera,Julio,0.5
San Joaqumn,Cana panelera,Agosto,0.7
San Joaqumn,Cana panelera,Junio,0.5
San Joaqumn,Yuca,Marzo,1.22
San Joaqumn,Cana panelera,Junio,0.63
San Joaqumn,Yuca,Marzo,1.38
San Joaqumn,Cana panelera,Junio,0.5
San Joaqumn,Cana panelera,Julio,0.62
San Joaqumn,Platano,Junio,0.66
San Joaqumn,Yuca,Marzo,1.3
San Joaqumn,Yuca,Marzo,1.39
San Joaqumn,Yuca,Marzo,1.26
San Joaqumn,Cana panelera,Julio,0.5
San Joaqumn,Yuca,Septiembre,1.43
San Joaqumn,Maiz Amarillo,Mayo,0.35
San Joaqumn,Cana panelera,Julio,0.5
San Joaqumn,Cana panelera,Julio,0.5
San Joaqumn,Cana panelera,Junio,0.65
San Joaqumn,Cana panelera,Julio,0.5
San Joaqumn,Platano,Julio,0.66
San Joaqumn,Cana panelera,Junio,0.5
San Joaqumn,Cana panelera,Junio,0.73
San Joaqumn,Yuca,Septiembre,1.5
San Joaqumn,Cana panelera,Julio,0.5
San Joaqumn,Cana panelera,Julio,0.72
San Joaqumn,Cana panelera,Julio,0.5
San Joaqumn,Cana panelera,Julio,0.68
San Joaqumn,Mora Andina,Agosto,0.2
San Joaqumn,Cana panelera,Agosto,0.61
San Joaqumn,Platano,Julio,0.66
San Joaqumn,Cana panelera,Junio,0.5
San Joaqumn,Cana panelera,Julio,0.5
San Joaqumn,Yuca,Marzo,1.39
San Joaqumn,Cana panelera,Junio,0.64
San Joaqumn,Cana panelera,Agosto,0.5
San Joaqumn,Cana panelera,Junio,0.5
San Joaqumn,Cana panelera,Junio,0.5
San Joaqumn,Cana panelera,Agosto,0.5
San Joaqumn,Maiz Amarillo,Mayo,0.29
San Joaqumn,Cana panelera,Julio,0.5
San Joaqumn,Cana panelera,Julio,0.7
San Joaqumn,Cana panelera,Julio,0.5
San Joaqumn,Cana panelera,Julio,0.5
San Joaqumn,Yuca,Septiembre,1.46
San Joaqumn,Cana panelera,Julio,0.5
San Joaqumn,Yuca,Marzo,1.38
San Joaqumn,Maiz Blanco,Mayo,0.36
San Joaqumn,Cana panelera,Junio,0.59
San Joaqumn,Mora Andina,Agosto,0.2
San Joaqumn,Yuca,Septiembre,1.32
San Joaqumn,Cana panelera,Julio,0.5
San Joaqumn,Cana panelera,Julio,0.5
San Joaqumn,Cana panelera,Julio,0.5
San Joaqumn,Cana panelera,Julio,0.5
San Joaqumn,Yuca,Septiembre,1.3
San Joaqumn,Yuca,Septiembre,1.4
San Joaqumn,Yuca,Septiembre,1.32
San Joaqumn,Cana panelera,Julio,0.5
San Joaqumn,Platano,Junio,0.66
San Joaqumn,Maiz Blanco,Diciembre,0.33
San Joaqumn,Cana panelera,Julio,0.5
San Joaqumn,Cana panelera,Julio,0.5
San Joaqumn,Cana panelera,Junio,0.5
San Joaqumn,Cana panelera,Julio,0.5
San Joaqumn,Yuca,Marzo,1.31
San Joaqumn,Cana panelera,Julio,0.5
San Joaqumn,Yuca,Marzo,1.45
San Joaqumn,Cana panelera,Junio,0.5
San Joaqumn,Yuca,Marzo,1.38
San Joaqumn,Platano,Julio,0.66
San Joaqumn,Cana panelera,Julio,0.5
San Joaqumn,Yuca,Septiembre,1.32
San Joaqumn,Yuca,Septiembre,1.31
San Joaqumn,Yuca,Septiembre,1.35
San Joaqumn,Cana panelera,Julio,0.5
San Joaqumn,Cana panelera,Julio,0.5
San Joaqumn,Cana panelera,Agosto,0.5
San Joaqumn,Cana panelera,Junio,0.5
San Joaqumn,Yuca,Marzo,1.36
San Joaqumn,Cana panelera,Agosto,0.5
San Joaqumn,Cana panelera,Julio,0.5
San Joaqumn,Cana panelera,Julio,0.5
San Joaqumn,Cana panelera,Julio,0.5
San Joaqumn,Cana panelera,Junio,0.68
San Joaqumn,Yuca,Marzo,1.36
San Joaqumn,Cana panelera,Julio,0.5
San Joaqumn,Platano,Julio,0.66
San Joaqumn,Yuca,Marzo,1.24
San Joaqumn,Cana panelera,Agosto,0.62
San Joaqumn,Cana panelera,Junio,0.5
San Joaqumn,Cana panelera,Julio,0.5
San Joaqumn,Cana panelera,Junio,0.5
San Joaqumn,Yuca,Marzo,1.33
San Joaqumn,Yuca,Marzo,1.36
San Joaqumn,Yuca,Marzo,1.28
San Joaqumn,Yuca,Marzo,1.36
San Joaqumn,Yuca,Marzo,1.45
San Joaqumn,Yuca,Marzo,1.18
San Joaqumn,Yuca,Septiembre,1.38
San Joaqumn,Cana panelera,Julio,0.5
San Joaqumn,Cana panelera,Junio,0.5
San Joaqumn,Platano,Junio,0.66
San Joaqumn,Cana panelera,Junio,0.5
San Joaqumn,Yuca,Marzo,1.34
San Joaqumn,Yuca,Marzo,1.23
San Joaqumn,Yuca,Marzo,1.26
San Joaqumn,Yuca,Marzo,1.32
San Joaqumn,Yuca,Marzo,1.3
San Joaqumn,Yuca,Marzo,1.33
San Joaqumn,Yuca,Marzo,1.38
San Joaqumn,Cana panelera,Julio,0.72
San Joaqumn,Cana panelera,Junio,0.5
San Joaqumn,Cana panelera,Agosto,0.5
San Joaqumn,Cana panelera,Julio,0.5
San Joaqumn,Platano,Julio,0.66
San Joaqumn,Cana panelera,Julio,0.5
San Joaqumn,Mora Andina,Septiembre,0.2
San Joaqumn,Mora Andina,Septiembre,0.2
San Joaqumn,Maiz Amarillo,Junio,0.34
San Joaqumn,Papas,Junio,1.6
San Joaqumn,Papas,Mayo,1.54
San Joaqumn,Papas,Noviembre,1.62
San Joaqumn,Maiz Amarillo,Junio,0.32
San Joaqumn,Cana panelera,Agosto,0.5
San Joaqumn,Frijol,Mayo,0.01
San Joaqumn,Frijol,Mayo,0.01
San Joaqumn,Cana fistula,Abril,0.49
San Joaqumn,Cana fistula,Abril,0.52
San Joaqumn,Cana fistula,Abril,0.53
San Joaqumn,Cana fistula,Abril,0.59
San Joaqumn,Cana fistula,Abril,0.5
San Joaqumn,Cana fistula,Abril,0.53
San Joaqumn,Cana fistula,Abril,0.51
San Joaqumn,Cana fistula,Abril,0.48
San Joaqumn,Cana fistula,Abril,0.51
San Joaqumn,Cana fistula,Abril,0.56
San Joaqumn,Cana fistula,Abril,0.53
Valle De San Josi,Cana panelera,Julio,0.5
Valle De San Josi,Habichuela,Octubre,2.07
Valle De San Josi,Cana panelera,Julio,0.5
Valle De San Josi,Cana panelera,Julio,0.68
Valle De San Josi,Cana panelera,Julio,0.5
Valle De San Josi,Tomate,Mayo,2.1
Valle De San Josi,Tomate,Mayo,2.1
Valle De San Josi,Tomate,Mayo,2.1
Valle De San Josi,Tomate,Mayo,2.1
Valle De San Josi,Tomate,Mayo,2.1
Valle De San Josi,Tomate,Mayo,2.1
Valle De San Josi,Tomate,Mayo,2.1
Valle De San Josi,Tomate,Mayo,2.1
Valle De San Josi,Tomate,Mayo,2.1
Valle De San Josi,Tomate,Mayo,2.1
Valle De San Josi,Cana panelera,Julio,0.5
Valle De San Josi,Cana panelera,Julio,0.5
Valle De San Josi,Platano,Julio,0.62
Valle De San Josi,Cana panelera,Julio,0.5
Valle De San Josi,Cana panelera,Julio,0.5
Valle De San Josi,Cana panelera,Julio,0.5
Valle De San Josi,Cana panelera,Junio,0.5
Valle De San Josi,Yuca,Septiembre,1.46
Valle De San Josi,Yuca,Septiembre,1.29
Valle De San Josi,Yuca,Septiembre,1.5
Valle De San Josi,Yuca,Septiembre,1.47
Valle De San Josi,Yuca,Septiembre,1.44
Valle De San Josi,Yuca,Septiembre,1.38
Valle De San Josi,Platano,Julio,0.62
Valle De San Josi,Cana panelera,Mayo,0.5
Valle De San Josi,Platano,Agosto,0.62
Valle De San Josi,Cana panelera,Julio,0.5
Valle De San Josi,Cana panelera,Julio,0.5
Valle De San Josi,Cana panelera,Julio,0.5
Valle De San Josi,Cana panelera,Julio,0.5
Valle De San Josi,Cana panelera,Julio,0.69
Valle De San Josi,Habichuela,Octubre,2.3
Valle De San Josi,Cana panelera,Julio,0.5
Valle De San Josi,Cana panelera,Junio,0.5
Valle De San Josi,Cana panelera,Mayo,0.5
Valle De San Josi,Cana panelera,Julio,0.5
Valle De San Josi,Cana panelera,Junio,0.5
Valle De San Josi,Cana panelera,Julio,0.68
Valle De San Josi,Cana panelera,Julio,0.5
Valle De San Josi,Cana panelera,Julio,0.5
Valle De San Josi,Cana panelera,Julio,0.65
Valle De San Josi,Cana panelera,Julio,0.5
Valle De San Josi,Platano,Agosto,0.62
Valle De San Josi,Cana panelera,Agosto,0.5
Valle De San Josi,Cana panelera,Julio,0.5
Valle De San Josi,Platano,Junio,0.62
Valle De San Josi,Yuca,Septiembre,1.27
Valle De San Josi,Yuca,Septiembre,1.29
Valle De San Josi,Cana panelera,Junio,0.5
Valle De San Josi,Cana panelera,Junio,0.5
Valle De San Josi,Platano,Julio,0.62
Valle De San Josi,Platano,Julio,0.62
Valle De San Josi,Cana panelera,Julio,0.5
Valle De San Josi,Platano,Agosto,0.62
Valle De San Josi,Cana panelera,Junio,0.5
Valle De San Josi,Cana panelera,Julio,0.5
Valle De San Josi,Cana panelera,Junio,0.5
Valle De San Josi,Platano,Agosto,0.62
Valle De San Josi,Cana panelera,Julio,0.68
Valle De San Josi,Platano,Julio,0.62
Valle De San Josi,Platano,Julio,0.62
Valle De San Josi,Cana panelera,Julio,0.63
Valle De San Josi,Cana panelera,Julio,0.65
Valle De San Josi,Cana panelera,Julio,0.5
Valle De San Josi,Cana panelera,Junio,0.5
Valle De San Josi,Yuca,Marzo,1.43
Valle De San Josi,Platano,Julio,0.62
Valle De San Josi,Cana panelera,Julio,0.5
Valle De San Josi,Cana panelera,Julio,0.5
Valle De San Josi,Cana panelera,Junio,0.5
Valle De San Josi,Cana panelera,Junio,0.5
Valle De San Josi,Cana panelera,Agosto,0.5
Valle De San Josi,Cana panelera,Agosto,0.5
Valle De San Josi,Cana panelera,Junio,0.5
Valle De San Josi,Platano,Julio,0.62
Valle De San Josi,Cana panelera,Julio,0.5
Valle De San Josi,Cana panelera,Julio,0.5
Valle De San Josi,Platano,Julio,0.62
Valle De San Josi,Cana panelera,Julio,0.68
Valle De San Josi,Cana panelera,Julio,0.5
Valle De San Josi,Yuca,Marzo,1.39
Valle De San Josi,Cana panelera,Junio,0.5
Valle De San Josi,Cana panelera,Junio,0.5
Valle De San Josi,Yuca,Marzo,1.29
Valle De San Josi,Cana panelera,Julio,0.5
Valle De San Josi,Cana panelera,Junio,0.5
Valle De San Josi,Cana panelera,Junio,0.5
Valle De San Josi,Cana panelera,Julio,0.5
Valle De San Josi,Cana panelera,Julio,0.73
Valle De San Josi,Cana panelera,Julio,0.5
Valle De San Josi,Platano,Julio,0.62
Valle De San Josi,Cana panelera,Julio,0.61
Valle De San Josi,Cana panelera,Julio,0.5
Valle De San Josi,Cana panelera,Julio,0.5
Valle De San Josi,Cana panelera,Junio,0.63
Valle De San Josi,Cana panelera,Julio,0.5
Valle De San Josi,Cana panelera,Julio,0.5
Valle De San Josi,Platano,Julio,0.62
Valle De San Josi,Cana panelera,Julio,0.5
Valle De San Josi,Cana panelera,Junio,0.5
Valle De San Josi,Cana panelera,Julio,0.5
Valle De San Josi,Cana panelera,Julio,0.5
Valle De San Josi,Cana panelera,Julio,0.67
Valle De San Josi,Cana panelera,Julio,0.5
Valle De San Josi,Platano,Julio,0.62
Valle De San Josi,Cana panelera,Junio,0.5
Valle De San Josi,Platano,Julio,0.62
Valle De San Josi,Cana panelera,Julio,0.5
Valle De San Josi,Cana panelera,Julio,0.5
Valle De San Josi,Cana panelera,Julio,0.5
Valle De San Josi,Cana panelera,Julio,0.5
Valle De San Josi,Cana panelera,Julio,0.5
Valle De San Josi,Cana panelera,Julio,0.5
Valle De San Josi,Platano,Junio,0.62
Valle De San Josi,Cana panelera,Junio,0.5
Valle De San Josi,Cana panelera,Julio,0.62
Valle De San Josi,Platano,Agosto,0.62
Valle De San Josi,Cana panelera,Julio,0.5
Valle De San Josi,Cana panelera,Julio,0.5
Valle De San Josi,Cana panelera,Julio,0.5
Valle De San Josi,Cana panelera,Junio,0.5
Valle De San Josi,Cana panelera,Junio,0.5
Valle De San Josi,Cana panelera,Julio,0.5
Valle De San Josi,Cana panelera,Julio,0.5
Valle De San Josi,Cana panelera,Julio,0.5
Valle De San Josi,Cana panelera,Julio,0.5
Valle De San Josi,Cana panelera,Julio,0.5
Valle De San Josi,Cana panelera,Julio,0.66
Valle De San Josi,Cana panelera,Junio,0.67
Valle De San Josi,Cana panelera,Julio,0.69
Valle De San Josi,Cana panelera,Julio,0.65
Valle De San Josi,Platano,Agosto,0.62
Valle De San Josi,Cana panelera,Julio,0.62
Valle De San Josi,Cana panelera,Junio,0.5
Valle De San Josi,Yuca,Marzo,1.43
Valle De San Josi,Platano,Julio,0.62
Valle De San Josi,Cana panelera,Julio,0.5
Valle De San Josi,Yuca,Marzo,1.3
Valle De San Josi,Cana panelera,Junio,0.5
Valle De San Josi,Platano,Julio,0.62
Valle De San Josi,Cana panelera,Julio,0.5
Valle De San Josi,Yuca,Marzo,1.23
Valle De San Josi,Cana panelera,Julio,0.5
Valle De San Josi,Cana panelera,Junio,0.5
Valle De San Josi,Platano,Julio,0.62
Valle De San Josi,Cana panelera,Julio,0.5
Valle De San Josi,Cana panelera,Julio,0.5
Valle De San Josi,Platano,Agosto,0.62
Valle De San Josi,Yuca,Septiembre,1.43
Valle De San Josi,Cana panelera,Julio,0.5
Valle De San Josi,Cana panelera,Julio,0.5
Valle De San Josi,Cana panelera,Julio,0.5
Valle De San Josi,Cana panelera,Julio,0.65
Valle De San Josi,Cana panelera,Julio,0.5
Valle De San Josi,Cana panelera,Julio,0.5
Valle De San Josi,Platano,Agosto,0.62
Valle De San Josi,Platano,Agosto,0.62
Valle De San Josi,Cana panelera,Agosto,0.5
Valle De San Josi,Yuca,Septiembre,1.29
Valle De San Josi,Platano,Julio,0.62
Valle De San Josi,Maiz Amarillo,Mayo,0.32
Valle De San Josi,Platano,Julio,0.62
Valle De San Josi,Cana panelera,Julio,0.67
Valle De San Josi,Cana panelera,Agosto,0.5
Valle De San Josi,Cana panelera,Julio,0.5
Valle De San Josi,Platano,Julio,0.62
Valle De San Josi,Cana panelera,Julio,0.5
Valle De San Josi,Platano,Junio,0.62
Valle De San Josi,Cana panelera,Julio,0.5
Valle De San Josi,Platano,Junio,0.62
Valle De San Josi,Cana panelera,Junio,0.5
Valle De San Josi,Cana panelera,Julio,0.63
Valle De San Josi,Cana panelera,Julio,0.5
Valle De San Josi,Cana panelera,Julio,0.5
Valle De San Josi,Cana panelera,Julio,0.64
Valle De San Josi,Cana panelera,Julio,0.5
Valle De San Josi,Cana panelera,Julio,0.5
Valle De San Josi,Cana panelera,Julio,0.5
Valle De San Josi,Cana panelera,Julio,0.69
Valle De San Josi,Cana panelera,Julio,0.5
Valle De San Josi,Cana panelera,Julio,0.5
Valle De San Josi,Cana panelera,Julio,0.5
Valle De San Josi,Cana panelera,Julio,0.5
Valle De San Josi,Cana panelera,Julio,0.67
Valle De San Josi,Cana panelera,Julio,0.5
Valle De San Josi,Cana panelera,Julio,0.5
Valle De San Josi,Platano,Julio,0.62
Valle De San Josi,Cana panelera,Julio,0.5
Valle De San Josi,Maiz Blanco,Mayo,0.33
Valle De San Josi,Cana panelera,Julio,0.5
Valle De San Josi,Cana panelera,Julio,0.5
Valle De San Josi,Platano,Julio,0.62
Valle De San Josi,Cana panelera,Julio,0.5
Valle De San Josi,Cana panelera,Junio,0.5
Valle De San Josi,Cana panelera,Julio,0.5
Valle De San Josi,Cana panelera,Julio,0.62
Valle De San Josi,Cana panelera,Julio,0.5
Valle De San Josi,Cana panelera,Julio,0.5
Valle De San Josi,Cana panelera,Julio,0.5
Valle De San Josi,Platano,Julio,0.62
Valle De San Josi,Yuca,Septiembre,1.22
Valle De San Josi,Platano,Julio,0.62
Valle De San Josi,Cana panelera,Junio,0.5
Valle De San Josi,Cana panelera,Junio,0.5
Valle De San Josi,Cana panelera,Julio,0.5
Valle De San Josi,Cana panelera,Julio,0.5
Valle De San Josi,Cana panelera,Julio,0.5
Valle De San Josi,Cana panelera,Julio,0.68
Valle De San Josi,Cana panelera,Junio,0.5
Valle De San Josi,Platano,Julio,0.62
Valle De San Josi,Cana panelera,Julio,0.5
Valle De San Josi,Cana panelera,Julio,0.5
Valle De San Josi,Cana panelera,Julio,0.5
Valle De San Josi,Cana panelera,Junio,0.5
Valle De San Josi,Platano,Julio,0.62
Valle De San Josi,Cana panelera,Julio,0.5
Valle De San Josi,Cana panelera,Julio,0.5
Valle De San Josi,Cana panelera,Julio,0.5
Valle De San Josi,Cana panelera,Julio,0.5
Valle De San Josi,Yuca,Marzo,1.38
Valle De San Josi,Yuca,Marzo,1.39
Valle De San Josi,Cana panelera,Julio,0.5
Valle De San Josi,Cana panelera,Junio,0.5
Valle De San Josi,Platano,Julio,0.62
Valle De San Josi,Cana panelera,Julio,0.5
Valle De San Josi,Platano,Julio,0.62
Valle De San Josi,Cana panelera,Julio,0.68
Valle De San Josi,Platano,Julio,0.62
Valle De San Josi,Yuca,Marzo,1.33
Valle De San Josi,Cana panelera,Julio,0.5
Valle De San Josi,Platano,Julio,0.62
Valle De San Josi,Cana panelera,Julio,0.5
Valle De San Josi,Cana panelera,Julio,0.5
Valle De San Josi,Cana panelera,Junio,0.5
Valle De San Josi,Cana panelera,Julio,0.5
Valle De San Josi,Cana panelera,Julio,0.5
Valle De San Josi,Cana panelera,Julio,0.5
Valle De San Josi,Cana panelera,Julio,0.5
Valle De San Josi,Cana panelera,Julio,0.66
Valle De San Josi,Yuca,Marzo,1.3
Valle De San Josi,Platano,Julio,0.62
Valle De San Josi,Cana panelera,Julio,0.5
Valle De San Josi,Platano,Agosto,0.62
Valle De San Josi,Cana panelera,Agosto,0.68
Valle De San Josi,Platano,Julio,0.62
Valle De San Josi,Cana panelera,Julio,0.5
Valle De San Josi,Yuca,Marzo,1.38
Valle De San Josi,Yuca,Marzo,1.37
Valle De San Josi,Yuca,Marzo,1.22
Valle De San Josi,Yuca,Marzo,1.25
Valle De San Josi,Yuca,Marzo,1.29
Valle De San Josi,Yuca,Marzo,1.4
Valle De San Josi,Yuca,Marzo,1.45
Valle De San Josi,Yuca,Marzo,1.34
Valle De San Josi,Maiz Blanco,Junio,0.36
Valle De San Josi,Lulo,Octubre,0.17
Valle De San Josi,Cana panelera,Julio,0.5
Valle De San Josi,Cana panelera,Julio,0.5
Valle De San Josi,Cana panelera,Mayo,0.62
Valle De San Josi,Yuca,Septiembre,1.33
Valle De San Josi,Platano,Julio,0.62
Valle De San Josi,Cana panelera,Julio,0.5
Valle De San Josi,Platano,Julio,0.62
Valle De San Josi,Cana panelera,Julio,0.5
Valle De San Josi,Cana panelera,Julio,0.5
Valle De San Josi,Platano,Julio,0.62
Valle De San Josi,Platano,Julio,0.62
Valle De San Josi,Cana panelera,Julio,0.5
Valle De San Josi,Cana panelera,Julio,0.5
Valle De San Josi,Platano,Julio,0.62
Valle De San Josi,Habichuela,Octubre,2.02
Valle De San Josi,Cana panelera,Julio,0.5
Valle De San Josi,Cana panelera,Julio,0.5
Valle De San Josi,Cana panelera,Junio,0.5
Valle De San Josi,Cana panelera,Mayo,0.5
Valle De San Josi,Cana panelera,Mayo,0.68
Valle De San Josi,Cana panelera,Julio,0.7
Valle De San Josi,Cana panelera,Junio,0.5
Valle De San Josi,Cana panelera,Junio,0.5
Valle De San Josi,Cana panelera,Julio,0.5
Valle De San Josi,Cana panelera,Julio,0.5
Valle De San Josi,Platano,Julio,0.62
Valle De San Josi,Platano,Julio,0.62
Valle De San Josi,Yuca,Marzo,1.46
Valle De San Josi,Cana panelera,Julio,0.5
Valle De San Josi,Cana panelera,Julio,0.5
Valle De San Josi,Cana panelera,Julio,0.74
Valle De San Josi,Cana panelera,Junio,0.6
Valle De San Josi,Yuca,Septiembre,1.37
Valle De San Josi,Cana panelera,Agosto,0.66
Valle De San Josi,Cana panelera,Julio,0.69
Valle De San Josi,Cana panelera,Julio,0.5
Valle De San Josi,Cana panelera,Junio,0.5
Valle De San Josi,Cana panelera,Julio,0.74
Valle De San Josi,Cana panelera,Julio,0.5
Valle De San Josi,Platano,Julio,0.62
Valle De San Josi,Yuca,Septiembre,1.34
Valle De San Josi,Platano,Julio,0.62
Valle De San Josi,Cana panelera,Julio,0.5
Valle De San Josi,Cana panelera,Julio,0.62
Valle De San Josi,Platano,Julio,0.62
Valle De San Josi,Cana panelera,Julio,0.5
Valle De San Josi,Cana panelera,Agosto,0.5
Valle De San Josi,Cana panelera,Julio,0.5
Valle De San Josi,Cana panelera,Julio,0.5
Valle De San Josi,Cana panelera,Julio,0.5
Valle De San Josi,Cana panelera,Junio,0.5
Valle De San Josi,Cana panelera,Julio,0.69
Valle De San Josi,Cana panelera,Julio,0.5
Valle De San Josi,Cana panelera,Julio,0.65
Valle De San Josi,Yuca,Marzo,1.28
Valle De San Josi,Yuca,Marzo,1.39
Valle De San Josi,Yuca,Marzo,1.33
Valle De San Josi,Platano,Julio,0.62
Valle De San Josi,Platano,Julio,0.62
Valle De San Josi,Cana panelera,Julio,0.5
Valle De San Josi,Cana panelera,Julio,0.5
Valle De San Josi,Cana panelera,Junio,0.5
Valle De San Josi,Cana panelera,Julio,0.5
Valle De San Josi,Cana panelera,Julio,0.5
Valle De San Josi,Cana panelera,Julio,0.5
Valle De San Josi,Cana panelera,Junio,0.5
Valle De San Josi,Platano,Julio,0.62
Valle De San Josi,Cana panelera,Julio,0.71
Valle De San Josi,Platano,Julio,0.62
Valle De San Josi,Yuca,Marzo,1.26
Valle De San Josi,Cana panelera,Julio,0.62
Valle De San Josi,Cana panelera,Julio,0.5
Valle De San Josi,Cana panelera,Junio,0.5
Valle De San Josi,Yuca,Marzo,1.42
Valle De San Josi,Yuca,Marzo,1.48
Valle De San Josi,Cana panelera,Julio,0.66
Valle De San Josi,Platano,Agosto,0.62
Valle De San Josi,Cana panelera,Julio,0.5
Valle De San Josi,Platano,Agosto,0.62
Valle De San Josi,Cana panelera,Julio,0.5
Valle De San Josi,Cana panelera,Julio,0.5
Valle De San Josi,Cana panelera,Julio,0.5
Valle De San Josi,Yuca,Marzo,1.41
Valle De San Josi,Platano,Julio,0.62
Valle De San Josi,Cana panelera,Julio,0.5
Valle De San Josi,Cana panelera,Julio,0.5
Valle De San Josi,Cana panelera,Julio,0.5
Valle De San Josi,Yuca,Marzo,1.24
Valle De San Josi,Cana panelera,Julio,0.5
Valle De San Josi,Cana panelera,Julio,0.5
Valle De San Josi,Cana panelera,Julio,0.5
Valle De San Josi,Cana panelera,Julio,0.5
Valle De San Josi,Cana panelera,Julio,0.5
Valle De San Josi,Cana panelera,Junio,0.5
Valle De San Josi,Cana panelera,Julio,0.5
Valle De San Josi,Cana panelera,Julio,0.5
Valle De San Josi,Cana panelera,Junio,0.5
Valle De San Josi,Cana panelera,Julio,0.5
Valle De San Josi,Cana panelera,Julio,0.5
Valle De San Josi,Cana panelera,Julio,0.5
Valle De San Josi,Yuca,Marzo,1.29
Valle De San Josi,Cana panelera,Junio,0.5
Valle De San Josi,Cana panelera,Julio,0.5
Valle De San Josi,Cana panelera,Julio,0.5
Valle De San Josi,Cana panelera,Julio,0.65
Valle De San Josi,Cana panelera,Junio,0.69
Valle De San Josi,Cana panelera,Julio,0.5
Valle De San Josi,Cana panelera,Junio,0.5
Valle De San Josi,Platano,Agosto,0.62
Valle De San Josi,Platano,Agosto,0.62
Valle De San Josi,Lulo,Octubre,0.17
Valle De San Josi,Cana panelera,Julio,0.5
Valle De San Josi,Cana panelera,Junio,0.5
Valle De San Josi,Cana panelera,Julio,0.59
Valle De San Josi,Platano,Julio,0.62
Valle De San Josi,Cana panelera,Junio,0.5
Valle De San Josi,Cana panelera,Junio,0.5
Valle De San Josi,Cana panelera,Julio,0.5
Valle De San Josi,Cana panelera,Julio,0.5
Valle De San Josi,Cana panelera,Julio,0.5
Valle De San Josi,Cana panelera,Julio,0.5
Valle De San Josi,Yuca,Septiembre,1.33
Valle De San Josi,Yuca,Septiembre,1.28
Valle De San Josi,Yuca,Septiembre,1.25
Valle De San Josi,Yuca,Septiembre,1.25
Valle De San Josi,Yuca,Septiembre,1.38
Valle De San Josi,Yuca,Septiembre,1.32
Valle De San Josi,Cana panelera,Julio,0.5
Valle De San Josi,Platano,Julio,0.62
Valle De San Josi,Cana panelera,Julio,0.5
Valle De San Josi,Cana panelera,Junio,0.67
Valle De San Josi,Cana panelera,Julio,0.5
Valle De San Josi,Cana panelera,Julio,0.5
Valle De San Josi,Cana panelera,Junio,0.5
Valle De San Josi,Cana panelera,Julio,0.5
Valle De San Josi,Cana panelera,Julio,0.68
Valle De San Josi,Cana panelera,Julio,0.5
Valle De San Josi,Cana panelera,Julio,0.5
Valle De San Josi,Cana panelera,Julio,0.5
Valle De San Josi,Cana panelera,Julio,0.5
Valle De San Josi,Cana panelera,Julio,0.5
Valle De San Josi,Cana panelera,Julio,0.5
Valle De San Josi,Platano,Agosto,0.62
Valle De San Josi,Platano,Agosto,0.62
Valle De San Josi,Cana panelera,Agosto,0.5
Valle De San Josi,Platano,Agosto,0.62
Valle De San Josi,Platano,Agosto,0.62
Valle De San Josi,Platano,Julio,0.62
Valle De San Josi,Yuca,Septiembre,1.42
Valle De San Josi,Yuca,Septiembre,1.25
Valle De San Josi,Platano,Julio,0.62
Valle De San Josi,Cana panelera,Julio,0.5
Valle De San Josi,Cana panelera,Julio,0.66
Valle De San Josi,Cana panelera,Julio,0.5
Valle De San Josi,Cana panelera,Junio,0.6
Valle De San Josi,Cana panelera,Junio,0.5
Valle De San Josi,Cana panelera,Julio,0.5
Valle De San Josi,Yuca,Marzo,1.27
Valle De San Josi,Cana panelera,Julio,0.65
Valle De San Josi,Cana panelera,Julio,0.5
Valle De San Josi,Cana panelera,Mayo,0.67
Valle De San Josi,Cana panelera,Mayo,0.5
Valle De San Josi,Cana panelera,Junio,0.5
Valle De San Josi,Cana panelera,Mayo,0.66
Valle De San Josi,Cana panelera,Julio,0.5
Valle De San Josi,Cana panelera,Julio,0.5
Valle De San Josi,Cana panelera,Julio,0.5
Valle De San Josi,Yuca,Septiembre,1.28
Valle De San Josi,Cana panelera,Julio,0.5
Valle De San Josi,Cana panelera,Julio,0.5
Valle De San Josi,Platano,Julio,0.62
Valle De San Josi,Cana panelera,Julio,0.5
Valle De San Josi,Yuca,Marzo,1.33
Valle De San Josi,Cana panelera,Julio,0.5
Valle De San Josi,Platano,Julio,0.62
Valle De San Josi,Cana panelera,Julio,0.5
Valle De San Josi,Cana panelera,Julio,0.5
Valle De San Josi,Cana panelera,Julio,0.5
Valle De San Josi,Cana panelera,Julio,0.6
Valle De San Josi,Yuca,Septiembre,1.29
Valle De San Josi,Platano,Julio,0.62
Valle De San Josi,Cana panelera,Julio,0.5
Valle De San Josi,Cana panelera,Julio,0.5
Valle De San Josi,Cana panelera,Junio,0.5
Valle De San Josi,Cana panelera,Julio,0.5
Valle De San Josi,Cana panelera,Julio,0.71
Valle De San Josi,Cana panelera,Junio,0.69
Valle De San Josi,Cana panelera,Junio,0.5
Valle De San Josi,Cana panelera,Junio,0.5
Valle De San Josi,Platano,Julio,0.62
Valle De San Josi,Yuca,Marzo,1.4
Valle De San Josi,Platano,Julio,0.62
Valle De San Josi,Cana panelera,Junio,0.5
Valle De San Josi,Cana panelera,Julio,0.7
Valle De San Josi,Cana panelera,Julio,0.5
Valle De San Josi,Cana panelera,Julio,0.5
Valle De San Josi,Cana panelera,Julio,0.64
Valle De San Josi,Cana panelera,Julio,0.5
Valle De San Josi,Cana panelera,Junio,0.5
Valle De San Josi,Cana panelera,Agosto,0.5
Valle De San Josi,Cana panelera,Junio,0.5
Valle De San Josi,Cana panelera,Julio,0.5
Valle De San Josi,Cana panelera,Julio,0.5
Valle De San Josi,Cana panelera,Junio,0.5
Valle De San Josi,Cana panelera,Julio,0.71
Valle De San Josi,Cana panelera,Junio,0.5
Valle De San Josi,Cana panelera,Junio,0.5
Valle De San Josi,Cana panelera,Mayo,0.66
Valle De San Josi,Cana panelera,Mayo,0.5
Valle De San Josi,Platano,Julio,0.62
Valle De San Josi,Cana panelera,Junio,0.5
Valle De San Josi,Platano,Julio,0.62
Valle De San Josi,Cana panelera,Junio,0.5
Valle De San Josi,Platano,Julio,0.62
Valle De San Josi,Cana panelera,Julio,0.5
Valle De San Josi,Cana panelera,Junio,0.71
Valle De San Josi,Cana panelera,Agosto,0.5
Valle De San Josi,Cana panelera,Julio,0.5
Valle De San Josi,Yuca,Octubre,1.29
Valle De San Josi,Platano,Agosto,0.62
Valle De San Josi,Cana panelera,Junio,0.69
Valle De San Josi,Cana panelera,Julio,0.69
Valle De San Josi,Cana panelera,Julio,0.5
Valle De San Josi,Cana panelera,Julio,0.5
Valle De San Josi,Cana panelera,Junio,0.5
Valle De San Josi,Cana panelera,Junio,0.5
Valle De San Josi,Cana panelera,Junio,0.5
Valle De San Josi,Cana panelera,Julio,0.5
Valle De San Josi,Cana panelera,Mayo,0.5
Valle De San Josi,Platano,Julio,0.62
Valle De San Josi,Platano,Julio,0.62
Valle De San Josi,Yuca,Septiembre,1.36
Valle De San Josi,Cebolla cabezona,Marzo,1.45
Valle De San Josi,Cana panelera,Julio,0.5
Valle De San Josi,Cana panelera,Julio,0.5
Valle De San Josi,Cana panelera,Julio,0.5
Valle De San Josi,Cana panelera,Julio,0.5
Valle De San Josi,Cana panelera,Junio,0.5
Valle De San Josi,Cana panelera,Julio,0.64
Valle De San Josi,Cana panelera,Julio,0.65
Valle De San Josi,Cana panelera,Julio,0.5
Valle De San Josi,Cana panelera,Junio,0.5
Valle De San Josi,Cana panelera,Julio,0.5
Valle De San Josi,Cana panelera,Julio,0.5
Valle De San Josi,Cana panelera,Julio,0.5
Valle De San Josi,Cana panelera,Julio,0.5
Valle De San Josi,Cana panelera,Julio,0.5
Valle De San Josi,Platano,Julio,0.62
Valle De San Josi,Platano,Agosto,0.62
Valle De San Josi,Cana panelera,Julio,0.5
Valle De San Josi,Cana panelera,Junio,0.5
Valle De San Josi,Cana panelera,Junio,0.5
Valle De San Josi,Cana panelera,Julio,0.64
Valle De San Josi,Platano,Julio,0.62
Valle De San Josi,Cana panelera,Julio,0.5
Valle De San Josi,Cana panelera,Julio,0.5
Valle De San Josi,Cana panelera,Julio,0.5
Valle De San Josi,Cana panelera,Julio,0.66
Valle De San Josi,Cana panelera,Julio,0.5
Valle De San Josi,Cana panelera,Julio,0.5
Valle De San Josi,Cana panelera,Julio,0.5
Valle De San Josi,Cana panelera,Mayo,0.5
Valle De San Josi,Ajies y pimientos,Octubre,2.26
Valle De San Josi,Cana panelera,Julio,0.5
Valle De San Josi,Yuca,Marzo,1.38
Valle De San Josi,Cana panelera,Julio,0.5
Valle De San Josi,Cana panelera,Julio,0.5
Valle De San Josi,Cana panelera,Mayo,0.5
Valle De San Josi,Cana panelera,Junio,0.5
Valle De San Josi,Platano,Agosto,0.62
Valle De San Josi,Maiz Blanco,Junio,0.33
Valle De San Josi,Frijol,Marzo,0.01
Valle De San Josi,Cana panelera,Agosto,0.5
Valle De San Josi,Cana panelera,Julio,0.5
Valle De San Josi,Platano,Agosto,0.62
Valle De San Josi,Cana panelera,Julio,0.5
Valle De San Josi,Cana panelera,Agosto,0.5
Valle De San Josi,Platano,Agosto,0.62
Valle De San Josi,Cana panelera,Julio,0.64
Valle De San Josi,Cana panelera,Julio,0.69
Valle De San Josi,Cana panelera,Julio,0.5
Valle De San Josi,Cana panelera,Mayo,0.5
Valle De San Josi,Cana panelera,Julio,0.65
Valle De San Josi,Cana panelera,Junio,0.5
Valle De San Josi,Cana panelera,Julio,0.5
Valle De San Josi,Cana panelera,Junio,0.5
Valle De San Josi,Cana panelera,Julio,0.5
Valle De San Josi,Platano,Julio,0.62
Valle De San Josi,Cana panelera,Julio,0.5
Valle De San Josi,Cana panelera,Julio,0.5
Valle De San Josi,Cana panelera,Julio,0.5
Valle De San Josi,Cana panelera,Mayo,0.69
Valle De San Josi,Cana panelera,Julio,0.5
Valle De San Josi,Yuca,Marzo,1.33
Valle De San Josi,Yuca,Marzo,1.33
Valle De San Josi,Yuca,Marzo,1.4
Valle De San Josi,Yuca,Marzo,1.25
Valle De San Josi,Platano,Julio,0.62
Valle De San Josi,Cana panelera,Julio,0.66
Valle De San Josi,Cana panelera,Mayo,0.5
Valle De San Josi,Cana panelera,Julio,0.61
Valle De San Josi,Cana panelera,Julio,0.5
Valle De San Josi,Cana panelera,Junio,0.5
Valle De San Josi,Platano,Julio,0.62
Valle De San Josi,Cana panelera,Julio,0.5
Valle De San Josi,Cana panelera,Julio,0.5
Valle De San Josi,Cana panelera,Junio,0.5
Valle De San Josi,Cana panelera,Julio,0.5
Valle De San Josi,Cana panelera,Julio,0.5
Valle De San Josi,Cana panelera,Julio,0.5
Valle De San Josi,Cana panelera,Julio,0.65
Valle De San Josi,Cana panelera,Julio,0.5
Valle De San Josi,Cana panelera,Julio,0.5
Valle De San Josi,Cana panelera,Junio,0.5
Valle De San Josi,Cana panelera,Julio,0.5
Valle De San Josi,Cana panelera,Julio,0.5
Valle De San Josi,Maiz Amarillo,Diciembre,0.29
Valle De San Josi,Cana panelera,Mayo,0.5
Valle De San Josi,Cana panelera,Julio,0.6
Valle De San Josi,Yuca,Marzo,1.23
Valle De San Josi,Cana panelera,Julio,0.5
Valle De San Josi,Cana panelera,Julio,0.5
Valle De San Josi,Cana panelera,Julio,0.5
Valle De San Josi,Cana panelera,Mayo,0.5
Valle De San Josi,Cana panelera,Julio,0.5
Valle De San Josi,Cana panelera,Julio,0.5
Valle De San Josi,Cana panelera,Julio,0.5
Valle De San Josi,Platano,Agosto,0.62
Valle De San Josi,Platano,Julio,0.62
Valle De San Josi,Cana panelera,Julio,0.5
Valle De San Josi,Cana panelera,Mayo,0.5
Valle De San Josi,Cana panelera,Julio,0.5
Valle De San Josi,Cana panelera,Julio,0.67
Valle De San Josi,Cana panelera,Julio,0.5
Valle De San Josi,Yuca,Marzo,1.31
Valle De San Josi,Maiz Blanco,Mayo,0.35
Valle De San Josi,Cana panelera,Julio,0.5
Valle De San Josi,Cana panelera,Julio,0.5
Valle De San Josi,Cana panelera,Julio,0.67
Valle De San Josi,Cana panelera,Julio,0.5
Valle De San Josi,Cana panelera,Julio,0.5
Valle De San Josi,Cana panelera,Julio,0.5
Valle De San Josi,Cana panelera,Julio,0.5
Valle De San Josi,Platano,Julio,0.62
Valle De San Josi,Platano,Julio,0.62
Valle De San Josi,Maiz Blanco,Mayo,0.33
Valle De San Josi,Cana panelera,Julio,0.5
Valle De San Josi,Yuca,Septiembre,1.38
Valle De San Josi,Yuca,Septiembre,1.32
Valle De San Josi,Yuca,Septiembre,1.16
Valle De San Josi,Yuca,Septiembre,1.39
Valle De San Josi,Platano,Julio,0.62
Valle De San Josi,Cana panelera,Julio,0.68
Valle De San Josi,Cana panelera,Julio,0.5
Valle De San Josi,Cana panelera,Julio,0.5
Valle De San Josi,Cana panelera,Julio,0.5
Valle De San Josi,Platano,Julio,0.62
Valle De San Josi,Cana panelera,Julio,0.61
Valle De San Josi,Yuca,Marzo,1.31
Valle De San Josi,Yuca,Marzo,1.37
Valle De San Josi,Cana panelera,Julio,0.5
Valle De San Josi,Cana panelera,Julio,0.5
Valle De San Josi,Cana panelera,Julio,0.68
Valle De San Josi,Cana panelera,Julio,0.5
Valle De San Josi,Cana panelera,Julio,0.5
Valle De San Josi,Cana panelera,Julio,0.5
Valle De San Josi,Cana panelera,Julio,0.68
Valle De San Josi,Cana panelera,Julio,0.5
Valle De San Josi,Cana panelera,Julio,0.5
Valle De San Josi,Cana panelera,Julio,0.5
Valle De San Josi,Cana panelera,Junio,0.5
Valle De San Josi,Cana panelera,Junio,0.5
Valle De San Josi,Cana panelera,Junio,0.5
Valle De San Josi,Cana panelera,Junio,0.69
Valle De San Josi,Cana panelera,Junio,0.5
Valle De San Josi,Cana panelera,Junio,0.5
Valle De San Josi,Cana panelera,Julio,0.5
Valle De San Josi,Cana panelera,Julio,0.5
Valle De San Josi,Yuca,Septiembre,1.35
Valle De San Josi,Platano,Agosto,0.62
Valle De San Josi,Cana panelera,Julio,0.5
Valle De San Josi,Platano,Julio,0.62
Valle De San Josi,Cana panelera,Julio,0.5
Valle De San Josi,Cana panelera,Junio,0.5
Valle De San Josi,Platano,Agosto,0.62
Valle De San Josi,Platano,Agosto,0.62
Valle De San Josi,Platano,Agosto,0.62
Valle De San Josi,Yuca,Septiembre,1.38
Valle De San Josi,Yuca,Septiembre,1.3
Valle De San Josi,Cana panelera,Julio,0.5
Valle De San Josi,Cana panelera,Julio,0.5
Valle De San Josi,Cana panelera,Julio,0.5
Valle De San Josi,Cana panelera,Julio,0.5
Valle De San Josi,Cana panelera,Julio,0.5
Valle De San Josi,Platano,Julio,0.62
Valle De San Josi,Platano,Julio,0.62
Valle De San Josi,Cana panelera,Julio,0.6
Valle De San Josi,Cana panelera,Julio,0.5
Valle De San Josi,Cana panelera,Julio,0.5
Valle De San Josi,Cana panelera,Julio,0.5
Valle De San Josi,Cana panelera,Julio,0.5
Valle De San Josi,Platano,Julio,0.62
Valle De San Josi,Cana panelera,Julio,0.5
Valle De San Josi,Cana panelera,Mayo,0.5
Valle De San Josi,Yuca,Marzo,1.41
Valle De San Josi,Platano,Julio,0.62
Valle De San Josi,Cana panelera,Julio,0.5
Valle De San Josi,Platano,Julio,0.62
Valle De San Josi,Cana panelera,Julio,0.5
Valle De San Josi,Cana panelera,Junio,0.5
Valle De San Josi,Cana panelera,Julio,0.5
Valle De San Josi,Yuca,Septiembre,1.3
Valle De San Josi,Yuca,Septiembre,1.36
Valle De San Josi,Cana panelera,Julio,0.5
Valle De San Josi,Cana panelera,Julio,0.5
Valle De San Josi,Cana panelera,Julio,0.5
Valle De San Josi,Cana panelera,Julio,0.5
Valle De San Josi,Cana panelera,Julio,0.5
Valle De San Josi,Cana panelera,Julio,0.5
Valle De San Josi,Yuca,Marzo,1.47
Valle De San Josi,Yuca,Marzo,1.3
Valle De San Josi,Yuca,Septiembre,1.48
Valle De San Josi,Cana panelera,Julio,0.68
Valle De San Josi,Cana panelera,Julio,0.5
Valle De San Josi,Cana panelera,Julio,0.5
Valle De San Josi,Cana panelera,Julio,0.68
Valle De San Josi,Cana panelera,Julio,0.5
Valle De San Josi,Cana panelera,Agosto,0.5
Valle De San Josi,Platano,Agosto,0.62
Valle De San Josi,Cana panelera,Julio,0.5
Valle De San Josi,Pina,Octubre,2.28
Valle De San Josi,Cana panelera,Julio,0.5
Valle De San Josi,Cana panelera,Julio,0.5
Valle De San Josi,Cana panelera,Junio,0.5
Valle De San Josi,Platano,Julio,0.62
Valle De San Josi,Yuca,Septiembre,1.36
Valle De San Josi,Yuca,Septiembre,1.24
Valle De San Josi,Cana panelera,Junio,0.65
Valle De San Josi,Cana panelera,Junio,0.5
Valle De San Josi,Cana panelera,Junio,0.5
Valle De San Josi,Cana panelera,Julio,0.5
Valle De San Josi,Yuca,Septiembre,1.36
Valle De San Josi,Cana panelera,Julio,0.66
Valle De San Josi,Cana panelera,Julio,0.5
Valle De San Josi,Platano,Junio,0.62
Valle De San Josi,Platano,Junio,0.62
Valle De San Josi,Platano,Junio,0.62
Valle De San Josi,Platano,Junio,0.62
Valle De San Josi,Cana panelera,Junio,0.71
Valle De San Josi,Platano,Julio,0.62
Valle De San Josi,Platano,Julio,0.62
Valle De San Josi,Platano,Julio,0.62
Valle De San Josi,Cana panelera,Julio,0.5
Valle De San Josi,Platanillo,Julio,1.07
Valle De San Josi,Platano,Junio,0.62
Valle De San Josi,Cana panelera,Mayo,0.5
Valle De San Josi,Cana panelera,Mayo,0.5
Valle De San Josi,Cana panelera,Julio,0.5
Valle De San Josi,Cana panelera,Julio,0.5
Valle De San Josi,Cana panelera,Julio,0.66
Valle De San Josi,Maiz Amarillo,Mayo,0.32
Valle De San Josi,Cana panelera,Julio,0.5
Valle De San Josi,Platano,Julio,0.62
Valle De San Josi,Platano,Julio,0.62
Valle De San Josi,Platano,Julio,0.62
Valle De San Josi,Cana panelera,Julio,0.5
Valle De San Josi,Cana panelera,Agosto,0.5
Valle De San Josi,Cana panelera,Julio,0.5
Valle De San Josi,Cana panelera,Julio,0.5
Valle De San Josi,Cana panelera,Julio,0.5
Valle De San Josi,Cana panelera,Julio,0.5
Valle De San Josi,Cana panelera,Julio,0.5
Valle De San Josi,Cana panelera,Julio,0.67
Valle De San Josi,Platano,Agosto,0.62
Valle De San Josi,Platano,Agosto,0.62
Valle De San Josi,Platano,Agosto,0.62
Valle De San Josi,Platano,Agosto,0.62
Valle De San Josi,Platano,Agosto,0.62
Valle De San Josi,Platano,Junio,0.62
Valle De San Josi,Cana panelera,Junio,0.64
Valle De San Josi,Cana panelera,Julio,0.5
Valle De San Josi,Platano,Junio,0.62
Valle De San Josi,Platano,Junio,0.62
Valle De San Josi,Cana panelera,Mayo,0.5
Valle De San Josi,Cana panelera,Julio,0.5
Valle De San Josi,Cana panelera,Julio,0.5
Valle De San Josi,Cana panelera,Julio,0.5
Valle De San Josi,Cana panelera,Julio,0.5
Valle De San Josi,Cana panelera,Julio,0.5
Valle De San Josi,Cana panelera,Julio,0.5
Valle De San Josi,Cana panelera,Julio,0.61
Valle De San Josi,Cana panelera,Julio,0.5
Valle De San Josi,Cana panelera,Julio,0.5
Valle De San Josi,Cana panelera,Julio,0.5
Valle De San Josi,Cana panelera,Julio,0.5
Valle De San Josi,Cana panelera,Julio,0.5
Valle De San Josi,Yuca,Marzo,1.51
Valle De San Josi,Platano,Julio,0.62
Valle De San Josi,Cana panelera,Julio,0.5
Valle De San Josi,Cana panelera,Julio,0.5
Valle De San Josi,Cana panelera,Julio,0.5
Valle De San Josi,Cana panelera,Mayo,0.63
Valle De San Josi,Cana panelera,Julio,0.68
Valle De San Josi,Cana panelera,Mayo,0.5
Valle De San Josi,Cana panelera,Julio,0.5
Valle De San Josi,Platano,Julio,0.62
Valle De San Josi,Yuca,Marzo,1.31
Valle De San Josi,Cana panelera,Julio,0.66
Valle De San Josi,Yuca,Marzo,1.34
Valle De San Josi,Platano,Julio,0.62
Valle De San Josi,Cana panelera,Julio,0.5
Valle De San Josi,Yuca,Marzo,1.41
Valle De San Josi,Platano,Julio,0.62
Valle De San Josi,Cana panelera,Julio,0.66
Valle De San Josi,Cana panelera,Julio,0.5
Valle De San Josi,Cana panelera,Julio,0.67
Valle De San Josi,Cana panelera,Julio,0.5
Valle De San Josi,Cana panelera,Julio,0.5
Valle De San Josi,Yuca,Marzo,1.46
Valle De San Josi,Cana panelera,Junio,0.5
Valle De San Josi,Cana panelera,Junio,0.5
Valle De San Josi,Platano,Agosto,0.62
Valle De San Josi,Cana panelera,Julio,0.5
Valle De San Josi,Platano,Julio,0.62
Valle De San Josi,Cana panelera,Junio,0.5
Valle De San Josi,Cana panelera,Julio,0.5
Valle De San Josi,Yuca,Marzo,1.43
Valle De San Josi,Cana panelera,Julio,0.5
Valle De San Josi,Cana panelera,Julio,0.5
Valle De San Josi,Cana panelera,Julio,0.5
Valle De San Josi,Cana panelera,Junio,0.5
Valle De San Josi,Platano,Julio,0.62
Valle De San Josi,Cana panelera,Julio,0.5
Valle De San Josi,Cana panelera,Junio,0.5
Valle De San Josi,Cana panelera,Julio,0.68
Valle De San Josi,Yuca,Septiembre,1.42
Valle De San Josi,Cana panelera,Julio,0.5
Valle De San Josi,Cana panelera,Julio,0.5
Valle De San Josi,Cana panelera,Julio,0.5
Valle De San Josi,Yuca,Septiembre,1.36
Valle De San Josi,Platano,Agosto,0.62
Valle De San Josi,Cana panelera,Julio,0.5
Valle De San Josi,Cana panelera,Junio,0.5
Valle De San Josi,Yuca,Septiembre,1.36
Valle De San Josi,Cana panelera,Julio,0.5
Valle De San Josi,Cana panelera,Julio,0.7
Valle De San Josi,Yuca,Septiembre,1.36
Valle De San Josi,Cana panelera,Julio,0.5
Valle De San Josi,Platano,Julio,0.62
Valle De San Josi,Cana panelera,Julio,0.5
Valle De San Josi,Cana panelera,Julio,0.5
Valle De San Josi,Cana panelera,Junio,0.5
Valle De San Josi,Platano,Agosto,0.62
Valle De San Josi,Cana panelera,Julio,0.5
Valle De San Josi,Cana panelera,Julio,0.5
Valle De San Josi,Yuca,Marzo,1.28
Valle De San Josi,Platano,Julio,0.62
Valle De San Josi,Cana panelera,Julio,0.5
Valle De San Josi,Cana panelera,Junio,0.5
Valle De San Josi,Yuca,Marzo,1.3
Valle De San Josi,Platano,Julio,0.62
Valle De San Josi,Cana panelera,Julio,0.61
Valle De San Josi,Cana panelera,Julio,0.5
Valle De San Josi,Cana panelera,Julio,0.5
Valle De San Josi,Cana panelera,Julio,0.5
Valle De San Josi,Cana panelera,Junio,0.5
Valle De San Josi,Cana panelera,Julio,0.5
Valle De San Josi,Cana panelera,Julio,0.5
Valle De San Josi,Cana panelera,Julio,0.63
Valle De San Josi,Cana panelera,Julio,0.5
Valle De San Josi,Cana panelera,Julio,0.5
Valle De San Josi,Platano,Julio,0.62
Valle De San Josi,Cana panelera,Julio,0.5
Valle De San Josi,Cana panelera,Junio,0.5
Valle De San Josi,Cana panelera,Julio,0.5
Valle De San Josi,Cana panelera,Junio,0.5
Valle De San Josi,Cana panelera,Julio,0.5
Valle De San Josi,Cana panelera,Julio,0.5
Valle De San Josi,Cana panelera,Julio,0.5
Valle De San Josi,Yuca,Marzo,1.26
Valle De San Josi,Platano,Julio,0.62
Valle De San Josi,Cana panelera,Julio,0.66
Valle De San Josi,Cana panelera,Julio,0.5
Valle De San Josi,Cana panelera,Julio,0.5
Valle De San Josi,Platano,Agosto,0.62
Valle De San Josi,Platano,Agosto,0.62
Valle De San Josi,Maiz Blanco,Junio,0.35
Valle De San Josi,Yuca,Septiembre,1.34
Valle De San Josi,Cana panelera,Julio,0.5
Valle De San Josi,Yuca,Septiembre,1.35
Valle De San Josi,Cana panelera,Julio,0.5
Valle De San Josi,Cana panelera,Julio,0.5
Valle De San Josi,Cana panelera,Julio,0.5
Valle De San Josi,Maiz Blanco,Junio,0.32
Valle De San Josi,Cana panelera,Agosto,0.5
Valle De San Josi,Platano,Julio,0.62
Valle De San Josi,Cana panelera,Julio,0.5
Valle De San Josi,Yuca,Marzo,1.35
Valle De San Josi,Cana panelera,Julio,0.5
Valle De San Josi,Cana panelera,Agosto,0.5
Valle De San Josi,Cana panelera,Julio,0.5
Valle De San Josi,Lulo,Septiembre,0.19
Valle De San Josi,Cana panelera,Agosto,0.5
Valle De San Josi,Cana panelera,Julio,0.5
Valle De San Josi,Cana panelera,Julio,0.5
Valle De San Josi,Cana panelera,Junio,0.5
Valle De San Josi,Cana panelera,Julio,0.5
Valle De San Josi,Cana panelera,Julio,0.5
Valle De San Josi,Cana panelera,Julio,0.5
Valle De San Josi,Cana panelera,Julio,0.5
Valle De San Josi,Cana panelera,Julio,0.5
Valle De San Josi,Cana panelera,Julio,0.62
Valle De San Josi,Cana panelera,Julio,0.68
Valle De San Josi,Cana panelera,Julio,0.5
Valle De San Josi,Cana panelera,Julio,0.5
Valle De San Josi,Cana panelera,Julio,0.5
Valle De San Josi,Cana panelera,Julio,0.66
Valle De San Josi,Cana panelera,Julio,0.5
Valle De San Josi,Cana panelera,Julio,0.5
Valle De San Josi,Cana panelera,Julio,0.5
Valle De San Josi,Cana panelera,Julio,0.5
Valle De San Josi,Cana panelera,Agosto,0.5
Valle De San Josi,Platano,Julio,0.62
Valle De San Josi,Frijol,Mayo,0.01
Valle De San Josi,Frijol,Mayo,0.01
Valle De San Josi,Cana panelera,Julio,0.5
Valle De San Josi,Yuca,Marzo,1.18
Valle De San Josi,Yuca,Marzo,1.36
Valle De San Josi,Yuca,Marzo,1.24
Valle De San Josi,Cana panelera,Junio,0.5
Valle De San Josi,Yuca,Marzo,1.28
Valle De San Josi,Cana panelera,Junio,0.5
Valle De San Josi,Platano,Julio,0.62
Valle De San Josi,Cana panelera,Julio,0.5
Valle De San Josi,Cana panelera,Julio,0.5
Valle De San Josi,Yuca,Marzo,1.34
Valle De San Josi,Cana panelera,Junio,0.65
Valle De San Josi,Cana panelera,Julio,0.5
Valle De San Josi,Platano,Julio,0.62
Valle De San Josi,Cana panelera,Julio,0.5
Valle De San Josi,Platano,Julio,0.62
Valle De San Josi,Cana panelera,Julio,0.5
Valle De San Josi,Yuca,Marzo,1.26
Valle De San Josi,Yuca,Marzo,1.29
Valle De San Josi,Platano,Julio,0.62
Valle De San Josi,Cana panelera,Julio,0.65
Valle De San Josi,Yuca,Marzo,1.35
Valle De San Josi,Maiz Blanco,Diciembre,0.36
Valle De San Josi,Cana panelera,Junio,0.5
Valle De San Josi,Cana panelera,Julio,0.5
Valle De San Josi,Platano,Julio,0.62
Valle De San Josi,Cana panelera,Julio,0.5
Valle De San Josi,Platano,Julio,0.62
Valle De San Josi,Cana panelera,Julio,0.5
Valle De San Josi,Cana panelera,Julio,0.71
Valle De San Josi,Yuca,Marzo,1.28
Valle De San Josi,Cana panelera,Julio,0.5
Valle De San Josi,Cana panelera,Julio,0.5
Valle De San Josi,Cana panelera,Julio,0.67
Valle De San Josi,Platano,Julio,0.62
Valle De San Josi,Cana panelera,Julio,0.5
Valle De San Josi,Yuca,Marzo,1.17
Valle De San Josi,Platano,Julio,0.62
Valle De San Josi,Cana panelera,Julio,0.5
Valle De San Josi,Platano,Julio,0.62
Valle De San Josi,Platano,Julio,0.62
Valle De San Josi,Yuca,Septiembre,1.24
Valle De San Josi,Maiz Blanco,Mayo,0.35
Valle De San Josi,Maiz Blanco,Mayo,0.35
Valle De San Josi,Frijol,Mayo,0.01
Valle De San Josi,Cana panelera,Julio,0.5
Valle De San Josi,Platano,Julio,0.62
Valle De San Josi,Yuca,Septiembre,1.17
Valle De San Josi,Cana panelera,Julio,0.5
Valle De San Josi,Cana panelera,Julio,0.5
Valle De San Josi,Cana panelera,Julio,0.5
Valle De San Josi,Cana panelera,Julio,0.5
Valle De San Josi,Cana panelera,Julio,0.5
Valle De San Josi,Yuca,Marzo,1.26
Valle De San Josi,Cana panelera,Julio,0.69
Valle De San Josi,Cana panelera,Junio,0.5
Valle De San Josi,Cana panelera,Julio,0.5
Valle De San Josi,Cana panelera,Julio,0.71
Valle De San Josi,Cana panelera,Julio,0.5
Valle De San Josi,Cana panelera,Julio,0.64
Valle De San Josi,Cana panelera,Julio,0.68
Valle De San Josi,Yuca,Septiembre,1.29
Valle De San Josi,Cana panelera,Julio,0.74
Valle De San Josi,Platano,Agosto,0.62
Valle De San Josi,Cana panelera,Julio,0.5
Valle De San Josi,Yuca,Marzo,1.18
Valle De San Josi,Platano,Julio,0.62
Valle De San Josi,Cana panelera,Julio,0.5
Valle De San Josi,Cana panelera,Mayo,0.5
Valle De San Josi,Cana panelera,Julio,0.5
Valle De San Josi,Cana panelera,Julio,0.63
Valle De San Josi,Platano,Julio,0.62
Valle De San Josi,Cana panelera,Julio,0.67
Valle De San Josi,Cana panelera,Julio,0.5
Valle De San Josi,Platano,Julio,0.62
Valle De San Josi,Cana panelera,Julio,0.5
Valle De San Josi,Cana panelera,Julio,0.5
Valle De San Josi,Cana panelera,Julio,0.5
Valle De San Josi,Platano,Julio,0.62
Valle De San Josi,Cana panelera,Julio,0.63
Valle De San Josi,Yuca,Marzo,1.26
Valle De San Josi,Yuca,Marzo,1.25
Valle De San Josi,Cana panelera,Julio,0.68
Valle De San Josi,Cana panelera,Julio,0.5
Valle De San Josi,Cana panelera,Julio,0.5
Valle De San Josi,Cana panelera,Mayo,0.5
Valle De San Josi,Platano,Julio,0.62
Valle De San Josi,Cana panelera,Julio,0.67
Valle De San Josi,Cana panelera,Julio,0.5
Valle De San Josi,Platano,Agosto,0.62
Valle De San Josi,Platano,Agosto,0.62
Valle De San Josi,Yuca,Octubre,1.26
Valle De San Josi,Yuca,Octubre,1.3
Valle De San Josi,Cana panelera,Julio,0.5
Valle De San Josi,Cana panelera,Junio,0.5
Valle De San Josi,Cana panelera,Julio,0.7
Valle De San Josi,Cana panelera,Julio,0.5
Valle De San Josi,Yuca,Marzo,1.57
Valle De San Josi,Platano,Julio,0.62
Valle De San Josi,Cana panelera,Julio,0.5
Valle De San Josi,Cana panelera,Junio,0.5
Valle De San Josi,Cana panelera,Junio,0.5
Valle De San Josi,Cana panelera,Junio,0.5
Valle De San Josi,Cana panelera,Junio,0.5
Valle De San Josi,Cana panelera,Junio,0.68
Valle De San Josi,Platano,Julio,0.62
Valle De San Josi,Cana panelera,Julio,0.5
Valle De San Josi,Cana panelera,Julio,0.5
Valle De San Josi,Platano,Julio,0.62
Valle De San Josi,Cana panelera,Julio,0.58
Valle De San Josi,Platano,Julio,0.62
Valle De San Josi,Cana panelera,Julio,0.5
Valle De San Josi,Yuca,Marzo,1.29
Valle De San Josi,Yuca,Marzo,1.47
Valle De San Josi,Yuca,Marzo,1.45
Valle De San Josi,Cana panelera,Junio,0.5
Valle De San Josi,Cana panelera,Agosto,0.5
Valle De San Josi,Cana panelera,Julio,0.5
Valle De San Josi,Cana panelera,Julio,0.69
Valle De San Josi,Yuca,Marzo,1.21
Valle De San Josi,Cana panelera,Julio,0.5
Valle De San Josi,Cana panelera,Julio,0.5
Valle De San Josi,Cana panelera,Julio,0.5
Valle De San Josi,Cana panelera,Agosto,0.5
Valle De San Josi,Cana panelera,Julio,0.5
Valle De San Josi,Cana panelera,Julio,0.5
Valle De San Josi,Cana panelera,Agosto,0.5
Valle De San Josi,Cana panelera,Junio,0.66
Valle De San Josi,Cana panelera,Junio,0.66
Valle De San Josi,Cana panelera,Junio,0.5
Valle De San Josi,Cana panelera,Julio,0.72
Valle De San Josi,Cana panelera,Mayo,0.64
Valle De San Josi,Cana panelera,Mayo,0.5
Valle De San Josi,Cana panelera,Julio,0.5
Valle De San Josi,Cana panelera,Julio,0.5
Valle De San Josi,Platano,Julio,0.62
Valle De San Josi,Cana panelera,Julio,0.5
Valle De San Josi,Cana panelera,Agosto,0.5
Valle De San Josi,Platano,Agosto,0.62
Valle De San Josi,Cana panelera,Julio,0.63
Valle De San Josi,Cana panelera,Junio,0.5
Valle De San Josi,Cana panelera,Mayo,0.67
Valle De San Josi,Cana panelera,Mayo,0.5
Valle De San Josi,Cana panelera,Julio,0.5
Valle De San Josi,Cana panelera,Julio,0.59
Valle De San Josi,Cana panelera,Julio,0.5
Valle De San Josi,Cana panelera,Julio,0.68
Valle De San Josi,Cana panelera,Julio,0.71
Valle De San Josi,Cana panelera,Julio,0.5
Valle De San Josi,Platano,Agosto,0.62
Valle De San Josi,Platano,Agosto,0.62
Valle De San Josi,Platano,Julio,0.62
Valle De San Josi,Yuca,Marzo,1.45
Valle De San Josi,Cana panelera,Julio,0.5
Valle De San Josi,Platano,Julio,0.62
Valle De San Josi,Cana panelera,Julio,0.5
Valle De San Josi,Cana panelera,Junio,0.5
Valle De San Josi,Cana panelera,Junio,0.5
Valle De San Josi,Cana panelera,Julio,0.5
Valle De San Josi,Cana panelera,Julio,0.5
Valle De San Josi,Cana panelera,Julio,0.5
Valle De San Josi,Cana panelera,Julio,0.66
Valle De San Josi,Cana panelera,Agosto,0.5
Valle De San Josi,Cana panelera,Julio,0.5
Valle De San Josi,Platano,Julio,0.62
Valle De San Josi,Cana panelera,Julio,0.66
Valle De San Josi,Cana panelera,Mayo,0.5
Valle De San Josi,Platano,Agosto,0.62
Valle De San Josi,Maiz Amarillo,Diciembre,0.31
Valle De San Josi,Cana panelera,Mayo,0.5
Valle De San Josi,Platano,Julio,0.62
Valle De San Josi,Platano,Julio,0.62
Valle De San Josi,Cana panelera,Mayo,0.5
Valle De San Josi,Platano,Julio,0.62
Valle De San Josi,Cana panelera,Julio,0.5
Valle De San Josi,Cana panelera,Julio,0.5
Valle De San Josi,Cana panelera,Julio,0.5
Valle De San Josi,Cana panelera,Julio,0.61
Valle De San Josi,Cana panelera,Julio,0.69
Valle De San Josi,Cana panelera,Julio,0.67
Valle De San Josi,Platano,Julio,0.62
Valle De San Josi,Cana panelera,Julio,0.5
Valle De San Josi,Cana panelera,Julio,0.5
Valle De San Josi,Cana panelera,Julio,0.5
Valle De San Josi,Cana panelera,Julio,0.63
Valle De San Josi,Cana panelera,Junio,0.5
Valle De San Josi,Cana panelera,Julio,0.5
Valle De San Josi,Cana panelera,Julio,0.5
Valle De San Josi,Cana panelera,Julio,0.5
Valle De San Josi,Cana panelera,Julio,0.62
Valle De San Josi,Cana panelera,Agosto,0.5
Valle De San Josi,Platano,Julio,0.62
Valle De San Josi,Cana panelera,Julio,0.5
Valle De San Josi,Lulo,Septiembre,0.17
Valle De San Josi,Cana panelera,Julio,0.6
Valle De San Josi,Cana panelera,Julio,0.5
Valle De San Josi,Cana panelera,Julio,0.5
Valle De San Josi,Platano,Julio,0.62
Valle De San Josi,Yuca,Marzo,1.41
Valle De San Josi,Yuca,Marzo,1.4
Valle De San Josi,Cana panelera,Julio,0.5
Valle De San Josi,Platano,Julio,0.62
Valle De San Josi,Yuca,Marzo,1.4
Valle De San Josi,Yuca,Marzo,1.26
Valle De San Josi,Cana panelera,Julio,0.5
Valle De San Josi,Cana panelera,Julio,0.5
Valle De San Josi,Cana panelera,Julio,0.5
Valle De San Josi,Yuca,Septiembre,1.2
Valle De San Josi,Cana panelera,Junio,0.5
Valle De San Josi,Cana panelera,Agosto,0.64
Valle De San Josi,Cana panelera,Julio,0.5
Valle De San Josi,Cana panelera,Julio,0.5
Valle De San Josi,Cana panelera,Julio,0.5
Valle De San Josi,Yuca,Septiembre,1.26
Valle De San Josi,Cana panelera,Julio,0.5
Valle De San Josi,Cana panelera,Julio,0.5
Valle De San Josi,Cana panelera,Julio,0.5
Valle De San Josi,Cana panelera,Julio,0.5
Valle De San Josi,Cana panelera,Julio,0.62
Valle De San Josi,Cana panelera,Julio,0.5
Valle De San Josi,Cana panelera,Junio,0.5
Valle De San Josi,Platano,Julio,0.62
Valle De San Josi,Yuca,Septiembre,1.41
Valle De San Josi,Cana panelera,Julio,0.5
Valle De San Josi,Platano,Julio,0.62
Valle De San Josi,Cana panelera,Julio,0.5
Valle De San Josi,Cana panelera,Julio,0.5
Valle De San Josi,Cana panelera,Julio,0.5
Valle De San Josi,Cana panelera,Julio,0.5
Valle De San Josi,Yuca,Marzo,1.37
Valle De San Josi,Platano,Julio,0.62
Valle De San Josi,Cana panelera,Julio,0.5
Valle De San Josi,Yuca,Marzo,1.22
Valle De San Josi,Habichuela,Octubre,2.24
Valle De San Josi,Cana panelera,Junio,0.5
Valle De San Josi,Cana panelera,Junio,0.5
Valle De San Josi,Cana panelera,Junio,0.5
Valle De San Josi,Platano,Julio,0.62
Valle De San Josi,Cana panelera,Julio,0.5
Valle De San Josi,Cana panelera,Julio,0.6
Valle De San Josi,Cana panelera,Julio,0.5
Valle De San Josi,Cana panelera,Julio,0.72
Valle De San Josi,Cana panelera,Julio,0.5
Valle De San Josi,Cana panelera,Julio,0.5
Valle De San Josi,Cana panelera,Julio,0.5
Valle De San Josi,Cana panelera,Julio,0.5
Valle De San Josi,Cana panelera,Junio,0.5
Valle De San Josi,Cana panelera,Junio,0.5
Valle De San Josi,Cana panelera,Julio,0.66
Valle De San Josi,Platano,Julio,0.62
Valle De San Josi,Cana panelera,Julio,0.66
Valle De San Josi,Cana panelera,Junio,0.5
Valle De San Josi,Cana panelera,Junio,0.5
Valle De San Josi,Yuca,Marzo,1.42
Valle De San Josi,Cana panelera,Julio,0.5
Valle De San Josi,Cana panelera,Julio,0.5
Valle De San Josi,Cana panelera,Julio,0.5
Valle De San Josi,Cana panelera,Junio,0.5
Valle De San Josi,Yuca,Febrero,1.49
Valle De San Josi,Platano,Junio,0.62
Valle De San Josi,Cana panelera,Mayo,0.5
Valle De San Josi,Cana panelera,Julio,0.5
Valle De San Josi,Cana panelera,Julio,0.5
Valle De San Josi,Cana panelera,Julio,0.64
Valle De San Josi,Cana panelera,Julio,0.72
Valle De San Josi,Cana panelera,Julio,0.7
Valle De San Josi,Cana panelera,Julio,0.64
Valle De San Josi,Cana panelera,Julio,0.5
Valle De San Josi,Cana panelera,Julio,0.5
Valle De San Josi,Cana panelera,Julio,0.5
Valle De San Josi,Yuca,Marzo,1.35
Valle De San Josi,Platano,Junio,0.62
Valle De San Josi,Cana panelera,Junio,0.5
Valle De San Josi,Platano,Julio,0.62
Valle De San Josi,Yuca,Septiembre,1.31
Valle De San Josi,Cana panelera,Julio,0.5
Valle De San Josi,Platano,Julio,0.62
Valle De San Josi,Cana panelera,Julio,0.5
Valle De San Josi,Platano,Julio,0.62
Valle De San Josi,Cana panelera,Julio,0.5
Valle De San Josi,Cana panelera,Agosto,0.5
Valle De San Josi,Cana panelera,Julio,0.5
Valle De San Josi,Platano,Agosto,0.62
Valle De San Josi,Yuca,Octubre,1.26
Valle De San Josi,Cana panelera,Julio,0.65
Valle De San Josi,Yuca,Septiembre,1.28
Valle De San Josi,Platano,Agosto,0.62
Valle De San Josi,Cana panelera,Mayo,0.5
Valle De San Josi,Cana panelera,Julio,0.5
Valle De San Josi,Platano,Julio,0.62
Valle De San Josi,Yuca,Marzo,1.4
Valle De San Josi,Cana panelera,Julio,0.65
Valle De San Josi,Platano,Julio,0.62
Valle De San Josi,Yuca,Septiembre,1.4
Valle De San Josi,Yuca,Septiembre,1.28
Valle De San Josi,Platano,Julio,0.62
Valle De San Josi,Cana panelera,Julio,0.5
Valle De San Josi,Platano,Julio,0.62
Valle De San Josi,Cana panelera,Julio,0.69
Valle De San Josi,Cana panelera,Julio,0.5
Valle De San Josi,Cana panelera,Julio,0.5
Valle De San Josi,Cana panelera,Julio,0.5
Valle De San Josi,Cana panelera,Julio,0.5
Valle De San Josi,Cana panelera,Julio,0.5
Valle De San Josi,Cana panelera,Julio,0.5
Valle De San Josi,Cana panelera,Julio,0.5
Valle De San Josi,Cana panelera,Julio,0.5
Valle De San Josi,Cana panelera,Julio,0.5
Valle De San Josi,Platano,Agosto,0.62
Valle De San Josi,Cana panelera,Julio,0.5
Valle De San Josi,Cana panelera,Julio,0.5
Valle De San Josi,Cana panelera,Julio,0.73
Valle De San Josi,Cana panelera,Julio,0.5
Valle De San Josi,Cana panelera,Agosto,0.5
Valle De San Josi,Platano,Agosto,0.62
Valle De San Josi,Cana panelera,Agosto,0.5
Valle De San Josi,Cana panelera,Julio,0.5
Valle De San Josi,Cana panelera,Julio,0.5
Valle De San Josi,Tomate,Mayo,2.1
Valle De San Josi,Cana panelera,Julio,0.5
Valle De San Josi,Platano,Agosto,0.62
Valle De San Josi,Cana panelera,Julio,0.5
Valle De San Josi,Cana panelera,Julio,0.5
Valle De San Josi,Cana panelera,Agosto,0.5
Valle De San Josi,Cana panelera,Julio,0.5
Valle De San Josi,Cana panelera,Julio,0.7
Valle De San Josi,Cana panelera,Julio,0.5
Valle De San Josi,Maiz Blanco,Mayo,0.38
Valle De San Josi,Cana panelera,Julio,0.5
Valle De San Josi,Yuca,Marzo,1.28
Valle De San Josi,Cana panelera,Julio,0.5
Valle De San Josi,Cana panelera,Julio,0.5
Valle De San Josi,Maiz Blanco,Mayo,0.36
Valle De San Josi,Cana panelera,Julio,0.5
Valle De San Josi,Platano,Julio,0.62
Valle De San Josi,Cana panelera,Julio,0.5
Valle De San Josi,Cana panelera,Julio,0.63
Valle De San Josi,Cana panelera,Julio,0.5
Valle De San Josi,Cana panelera,Julio,0.61
Valle De San Josi,Yuca,Marzo,1.2
Valle De San Josi,Cana panelera,Julio,0.5
Valle De San Josi,Platano,Julio,0.62
Valle De San Josi,Yuca,Marzo,1.39
Valle De San Josi,Frijol,Mayo,0.01
Valle De San Josi,Cana panelera,Julio,0.5
Valle De San Josi,Cana panelera,Julio,0.5
Valle De San Josi,Cana panelera,Julio,0.72
Valle De San Josi,Cana panelera,Julio,0.5
Valle De San Josi,Cana panelera,Julio,0.5
Valle De San Josi,Yuca,Marzo,1.31
Valle De San Josi,Cana panelera,Julio,0.5
Valle De San Josi,Platano,Agosto,0.62
Valle De San Josi,Platano,Junio,0.62
Valle De San Josi,Cana panelera,Junio,0.5
Valle De San Josi,Platano,Julio,0.62
Valle De San Josi,Cana panelera,Julio,0.5
Valle De San Josi,Yuca,Marzo,1.25
Valle De San Josi,Cana panelera,Julio,0.7
Valle De San Josi,Cana panelera,Julio,0.66
Valle De San Josi,Platano,Julio,0.62
Valle De San Josi,Cana panelera,Julio,0.5
Valle De San Josi,Cana panelera,Julio,0.5
Valle De San Josi,Cana panelera,Julio,0.5
Valle De San Josi,Cana panelera,Julio,0.5
Valle De San Josi,Cana panelera,Julio,0.68
Valle De San Josi,Cana panelera,Julio,0.5
Valle De San Josi,Cana panelera,Junio,0.67
Valle De San Josi,Platano,Agosto,0.62
Valle De San Josi,Platano,Agosto,0.62
Valle De San Josi,Cana panelera,Julio,0.67
Valle De San Josi,Yuca,Marzo,1.38
Valle De San Josi,Yuca,Marzo,1.17
Valle De San Josi,Yuca,Marzo,1.34
Valle De San Josi,Platano,Julio,0.62
Valle De San Josi,Cana panelera,Julio,0.65
Valle De San Josi,Platano,Agosto,0.62
Valle De San Josi,Cana panelera,Julio,0.5
Valle De San Josi,Yuca,Marzo,1.42
Valle De San Josi,Platano,Julio,0.62
Valle De San Josi,Cana panelera,Julio,0.5
Valle De San Josi,Cana panelera,Julio,0.5
Valle De San Josi,Platano,Junio,0.62
Valle De San Josi,Platano,Junio,0.62
Valle De San Josi,Cana panelera,Mayo,0.5
Valle De San Josi,Maiz Amarillo,Mayo,0.33
Valle De San Josi,Cana panelera,Julio,0.5
Valle De San Josi,Cana panelera,Julio,0.5
Valle De San Josi,Cana panelera,Julio,0.5
Valle De San Josi,Cana panelera,Julio,0.66
Valle De San Josi,Cana panelera,Julio,0.5
Valle De San Josi,Cana panelera,Julio,0.5
Valle De San Josi,Cana panelera,Julio,0.5
Valle De San Josi,Cana panelera,Julio,0.5
Valle De San Josi,Cana panelera,Julio,0.5
Valle De San Josi,Cana panelera,Julio,0.5
Valle De San Josi,Cana panelera,Julio,0.5
Valle De San Josi,Yuca,Septiembre,1.28
Valle De San Josi,Cana panelera,Julio,0.5
Valle De San Josi,Cana panelera,Julio,0.5
Valle De San Josi,Cana panelera,Julio,0.5
Valle De San Josi,Cana panelera,Julio,0.5
Valle De San Josi,Cana panelera,Junio,0.62
Valle De San Josi,Cana panelera,Julio,0.5
Valle De San Josi,Cana panelera,Julio,0.5
Valle De San Josi,Platano,Julio,0.62
Valle De San Josi,Cana panelera,Julio,0.5
Valle De San Josi,Cana panelera,Julio,0.5
Valle De San Josi,Cana panelera,Julio,0.5
Valle De San Josi,Cana panelera,Julio,0.68
Valle De San Josi,Cana panelera,Julio,0.5
Valle De San Josi,Cana panelera,Julio,0.5
Valle De San Josi,Platano,Julio,0.62
Valle De San Josi,Cana panelera,Julio,0.66
Valle De San Josi,Cana panelera,Julio,0.5
Valle De San Josi,Platano,Junio,0.62
Valle De San Josi,Platano,Junio,0.62
Valle De San Josi,Cana panelera,Mayo,0.67
Valle De San Josi,Platano,Julio,0.62
Valle De San Josi,Platano,Julio,0.62
Valle De San Josi,Yuca,Marzo,1.23
Valle De San Josi,Cana panelera,Junio,0.67
Valle De San Josi,Platano,Julio,0.62
Valle De San Josi,Cana panelera,Julio,0.5
Valle De San Josi,Platano,Junio,0.62
Valle De San Josi,Cana panelera,Junio,0.5
Valle De San Josi,Platano,Julio,0.62
Valle De San Josi,Lulo,Septiembre,0.17
Valle De San Josi,Cana panelera,Julio,0.5
Valle De San Josi,Yuca,Marzo,1.27
Valle De San Josi,Platano,Junio,0.62
Valle De San Josi,Cana panelera,Junio,0.5
Valle De San Josi,Cana panelera,Junio,0.5
Valle De San Josi,Platano,Junio,0.62
Valle De San Josi,Cana panelera,Junio,0.65
Valle De San Josi,Cana panelera,Julio,0.5
Valle De San Josi,Cana panelera,Julio,0.5
Valle De San Josi,Yuca,Marzo,1.33
Valle De San Josi,Yuca,Marzo,1.45
Valle De San Josi,Yuca,Marzo,1.33
Valle De San Josi,Yuca,Marzo,1.39
Valle De San Josi,Yuca,Marzo,1.23
Valle De San Josi,Yuca,Marzo,1.36
Valle De San Josi,Yuca,Marzo,1.27
Valle De San Josi,Cana panelera,Julio,0.5
Valle De San Josi,Cana panelera,Julio,0.5
Valle De San Josi,Cana panelera,Julio,0.5
Valle De San Josi,Cana panelera,Junio,0.5
Valle De San Josi,Cana panelera,Julio,0.5
Valle De San Josi,Cana panelera,Julio,0.5
Valle De San Josi,Cana panelera,Julio,0.5
Valle De San Josi,Cana panelera,Julio,0.5
Valle De San Josi,Cana panelera,Junio,0.5
Valle De San Josi,Platano,Julio,0.62
Valle De San Josi,Platano,Julio,0.62
Valle De San Josi,Platano,Julio,0.62
Valle De San Josi,Cana panelera,Julio,0.5
Valle De San Josi,Yuca,Marzo,1.37
Valle De San Josi,Cana panelera,Julio,0.5
Valle De San Josi,Yuca,Septiembre,1.22
Valle De San Josi,Cana panelera,Julio,0.5
Valle De San Josi,Platano,Julio,0.62
Valle De San Josi,Yuca,Septiembre,1.34
Valle De San Josi,Platano,Julio,0.62
Valle De San Josi,Cana panelera,Julio,0.67
Valle De San Josi,Yuca,Septiembre,1.25
Valle De San Josi,Cana panelera,Julio,0.5
Valle De San Josi,Cana panelera,Julio,0.5
Valle De San Josi,Platano,Julio,0.62
Valle De San Josi,Cana panelera,Julio,0.68
Valle De San Josi,Cana panelera,Julio,0.5
Valle De San Josi,Cana panelera,Julio,0.5
Valle De San Josi,Cana panelera,Julio,0.5
Valle De San Josi,Cana panelera,Agosto,0.5
Valle De San Josi,Cana panelera,Julio,0.5
Valle De San Josi,Yuca,Febrero,1.21
Valle De San Josi,Cana panelera,Mayo,0.5
Valle De San Josi,Cana panelera,Julio,0.5
Valle De San Josi,Cana panelera,Julio,0.5
Valle De San Josi,Cana panelera,Julio,0.5
Valle De San Josi,Cana panelera,Julio,0.5
Valle De San Josi,Cana panelera,Julio,0.5
Valle De San Josi,Cana panelera,Mayo,0.5
Valle De San Josi,Cana panelera,Junio,0.63
Valle De San Josi,Cana panelera,Junio,0.5
Valle De San Josi,Platano,Julio,0.62
Valle De San Josi,Yuca,Marzo,1.41
Valle De San Josi,Cana panelera,Julio,0.5
Valle De San Josi,Cana panelera,Julio,0.5
Valle De San Josi,Yuca,Marzo,1.33
Valle De San Josi,Platano,Julio,0.62
Valle De San Josi,Cana panelera,Julio,0.5
Valle De San Josi,Cana panelera,Julio,0.5
Valle De San Josi,Cana panelera,Julio,0.5
Valle De San Josi,Cana panelera,Julio,0.5
Valle De San Josi,Yuca,Marzo,1.4
Valle De San Josi,Cana panelera,Julio,0.5
Valle De San Josi,Yuca,Marzo,1.25
Valle De San Josi,Yuca,Marzo,1.36
Valle De San Josi,Yuca,Marzo,1.51
Valle De San Josi,Yuca,Marzo,1.39
Valle De San Josi,Platano,Agosto,0.62
Valle De San Josi,Cana panelera,Julio,0.5
Valle De San Josi,Cana panelera,Julio,0.5
Valle De San Josi,Cana panelera,Junio,0.5
Valle De San Josi,Cana panelera,Julio,0.65
Valle De San Josi,Cana panelera,Julio,0.5
Valle De San Josi,Yuca,Marzo,1.28
Valle De San Josi,Cana panelera,Julio,0.5
Valle De San Josi,Cana panelera,Julio,0.5
Valle De San Josi,Platano,Julio,0.62
Valle De San Josi,Cana panelera,Julio,0.72
Valle De San Josi,Cana panelera,Julio,0.5
Valle De San Josi,Yuca,Octubre,1.3
Valle De San Josi,Cana panelera,Julio,0.5
Valle De San Josi,Cana panelera,Julio,0.5
Valle De San Josi,Pina,Septiembre,2.28
Valle De San Josi,Pina,Septiembre,2.28
Valle De San Josi,Cana panelera,Julio,0.5
Valle De San Josi,Cana panelera,Julio,0.64
Valle De San Josi,Yuca,Marzo,1.21
Valle De San Josi,Yuca,Marzo,1.31
Valle De San Josi,Cana panelera,Julio,0.5
Valle De San Josi,Platano,Junio,0.62
Valle De San Josi,Platano,Junio,0.62
Valle De San Josi,Platano,Junio,0.62
Valle De San Josi,Platano,Junio,0.62
Valle De San Josi,Platano,Junio,0.62
Valle De San Josi,Yuca,Marzo,1.33
Valle De San Josi,Yuca,Marzo,1.35
Valle De San Josi,Cana panelera,Julio,0.5
Valle De San Josi,Cana panelera,Julio,0.5
Valle De San Josi,Cana panelera,Julio,0.5
Valle De San Josi,Cana panelera,Julio,0.5
Valle De San Josi,Platano,Julio,0.62
Valle De San Josi,Cana panelera,Julio,0.5
Valle De San Josi,Platano,Julio,0.62
Valle De San Josi,Cana panelera,Julio,0.5
Valle De San Josi,Cana panelera,Julio,0.5
Valle De San Josi,Yuca,Marzo,1.32
Valle De San Josi,Cana panelera,Julio,0.5
Valle De San Josi,Yuca,Marzo,1.35
Valle De San Josi,Cana panelera,Julio,0.5
Valle De San Josi,Platano,Junio,0.62
Valle De San Josi,Cana panelera,Mayo,0.71
Valle De San Josi,Platano,Junio,0.62
Valle De San Josi,Cana panelera,Junio,0.5
Valle De San Josi,Yuca,Marzo,1.37
Valle De San Josi,Platano,Julio,0.62
Valle De San Josi,Yuca,Marzo,1.39
Valle De San Josi,Platano,Agosto,0.62
Valle De San Josi,Cana panelera,Junio,0.5
Valle De San Josi,Platano,Julio,0.62
Valle De San Josi,Platano,Julio,0.62
Valle De San Josi,Yuca,Marzo,1.36
Valle De San Josi,Yuca,Marzo,1.31
Valle De San Josi,Platano,Julio,0.62
Valle De San Josi,Platano,Julio,0.62
Valle De San Josi,Yuca,Marzo,1.41
Valle De San Josi,Platano,Julio,0.62
Valle De San Josi,Pina,Septiembre,2.28
Valle De San Josi,Platano,Agosto,0.62
Valle De San Josi,Platano,Julio,0.62
Valle De San Josi,Platano,Julio,0.62
Valle De San Josi,Platano,Agosto,0.62
Valle De San Josi,Platano,Junio,0.62
Valle De San Josi,Yuca,Febrero,1.33
Valle De San Josi,Platano,Agosto,0.62
Valle De San Josi,Platano,Agosto,0.62
Valle De San Josi,Yuca,Septiembre,1.28
Valle De San Josi,Yuca,Septiembre,1.25
Valle De San Josi,Yuca,Septiembre,1.33
Valle De San Josi,Platano,Julio,0.62
Valle De San Josi,Platano,Junio,0.62
Valle De San Josi,Platano,Julio,0.62
Valle De San Josi,Platano,Julio,0.62
Valle De San Josi,Pina,Octubre,2.28
Valle De San Josi,Platano,Julio,0.62
Valle De San Josi,Platano,Julio,0.62
Valle De San Josi,Platano,Julio,0.62
Valle De San Josi,Yuca,Septiembre,1.37
Valle De San Josi,Yuca,Septiembre,1.29
Valle De San Josi,Platano,Agosto,0.62
Valle De San Josi,Platano,Julio,0.62
Valle De San Josi,Platano,Julio,0.62
Valle De San Josi,Platano,Agosto,0.62
Valle De San Josi,Platano,Julio,0.62
Valle De San Josi,Cana panelera,Julio,0.5
Valle De San Josi,Platano,Julio,0.62
Valle De San Josi,Frijol,Mayo,0.01
Valle De San Josi,Cana fistula,Marzo,0.47
Valle De San Josi,Cana panelera,Julio,0.67
Valle De San Josi,Maiz Amarillo,Mayo,0.31
Valle De San Josi,Cebolla cabezona,Mayo,1.45
Valle De San Josi,Platano,Julio,0.62
Valle De San Josi,Habichuela,Octubre,2.09
Valle De San Josi,Habichuela,Octubre,2.12
Valle De San Josi,Tomate,Mayo,2.1
Valle De San Josi,Tomate,Mayo,2.1
Valle De San Josi,Tomate,Mayo,2.1
Valle De San Josi,Tomate,Mayo,2.1
Valle De San Josi,Platano,Julio,0.62
Valle De San Josi,Cana panelera,Julio,0.5
Valle De San Josi,Cana panelera,Julio,0.66
Valle De San Josi,Platano,Julio,0.62
Valle De San Josi,Cana panelera,Julio,0.5
Valle De San Josi,Cana panelera,Mayo,0.5
Valle De San Josi,Cana panelera,Mayo,0.5
Villanueva,Maiz Amarillo,Mayo,0.32
Villanueva,Maiz Amarillo,Mayo,0.31
Villanueva,Frijol,Mayo,0.01
Villanueva,Maiz Amarillo,Mayo,0.31
Villanueva,Frijol,Mayo,0.01
Villanueva,Pina,Septiembre,2.26
Villanueva,Frijol,Mayo,0.01
Villanueva,Frijol,Mayo,0.01
Villanueva,Frijol,Mayo,0.01
Villanueva,Frijol,Mayo,0.01
Villanueva,Frijol,Mayo,0.01
Villanueva,Frijol,Mayo,0.01
Villanueva,Frijol,Mayo,0.01
Villanueva,Frijol,Mayo,0.01
Villanueva,Frijol,Mayo,0.01
Villanueva,Pina,Septiembre,2.26
Villanueva,Pina,Septiembre,2.26
Villanueva,Pina,Septiembre,2.26
Villanueva,Pina,Septiembre,2.26
Villanueva,Pina,Septiembre,2.26
Villanueva,Pina,Septiembre,2.26
Villanueva,Pina,Septiembre,2.26
Villanueva,Pina,Septiembre,2.26
Villanueva,Pina,Septiembre,2.26
Villanueva,Yuca,Marzo,1.33
Villanueva,Yuca,Marzo,1.31
Villanueva,Maiz Blanco,Mayo,0.32
Villanueva,Frijol,Mayo,0.01
Villanueva,Pina,Septiembre,2.26
Villanueva,Pina,Septiembre,2.26
Villanueva,Pina,Septiembre,2.26
Villanueva,Pina,Septiembre,2.26
Villanueva,Pina,Septiembre,2.26
Villanueva,Maiz Blanco,Diciembre,0.33
Villanueva,Maiz Amarillo,Diciembre,0.32
Villanueva,Yuca,Marzo,1.24
Villanueva,Yuca,Marzo,1.3
Villanueva,Frijol,Mayo,0.01
Villanueva,Pina,Septiembre,2.26
Villanueva,Maiz Blanco,Diciembre,0.36
Villanueva,Yuca,Febrero,1.41
Villanueva,Pina,Agosto,2.26
Villanueva,Maiz Blanco,Diciembre,0.31
Villanueva,Yuca,Marzo,1.26
Villanueva,Yuca,Marzo,1.36
Villanueva,Pina,Agosto,2.26
Villanueva,Pina,Agosto,2.26
Villanueva,Pina,Septiembre,2.26
Villanueva,Maiz Amarillo,Diciembre,0.32
Villanueva,Perejil,Octubre,0.3
Villanueva,Frijol,Marzo,0.01
Villanueva,Frijol,Marzo,0.01
Villanueva,Frijol,Marzo,0.01
Villanueva,Pina,Octubre,2.26
Villanueva,Pina,Octubre,2.26
Villanueva,Pina,Octubre,2.26
Villanueva,Pina,Octubre,2.26
Villanueva,Pina,Octubre,2.26
Villanueva,Pina,Octubre,2.26
Villanueva,Maiz Blanco,Mayo,0.32
Villanueva,Frijol,Mayo,0.01
Villanueva,Yuca,Marzo,1.29
Villanueva,Maiz Blanco,Mayo,0.31
Villanueva,Frijol,Mayo,0.01
Villanueva,Yuca,Marzo,1.37
Villanueva,Pina,Septiembre,2.26
Villanueva,Habichuela,Octubre,2.06
Villanueva,Pina,Agosto,2.26
Villanueva,Maracuya,Agosto,0.3
Villanueva,Maiz Blanco,Diciembre,0.35
Villanueva,Frijol,Mayo,0.01
Villanueva,Pina,Agosto,2.26
Villanueva,Maiz Blanco,Diciembre,0.34
Villanueva,Pina,Agosto,2.26
Villanueva,Pina,Agosto,2.26
Villanueva,Maiz Blanco,Diciembre,0.34
Villanueva,Maiz Blanco,Diciembre,0.35
Villanueva,Yuca,Marzo,1.3
Villanueva,Pina,Agosto,2.26
Villanueva,Pina,Octubre,2.26
Villanueva,Maiz Amarillo,Mayo,0.32
Villanueva,Maiz Blanco,Mayo,0.35
Villanueva,Yuca,Marzo,1.23
Villanueva,Maiz Blanco,Diciembre,0.35
Villanueva,Yuca,Septiembre,1.39
Villanueva,Perejil,Mayo,0.28
Villanueva,Perejil,Mayo,0.27
Villanueva,Perejil,Mayo,0.28
Villanueva,Perejil,Mayo,0.3
Villanueva,Perejil,Mayo,0.3
Villanueva,Perejil,Mayo,0.29
Villanueva,Perejil,Mayo,0.3
Villanueva,Perejil,Mayo,0.27
Villanueva,Perejil,Mayo,0.27
Villanueva,Perejil,Mayo,0.3
Villanueva,Perejil,Mayo,0.27
Villanueva,Frijol,Mayo,0.01
Villanueva,Perejil,Mayo,0.31
Villanueva,Perejil,Mayo,0.3
Villanueva,Perejil,Mayo,0.29
Villanueva,Perejil,Mayo,0.27
Villanueva,Perejil,Mayo,0.27
Villanueva,Perejil,Mayo,0.27
Villanueva,Perejil,Mayo,0.25
Villanueva,Perejil,Mayo,0.28
Villanueva,Perejil,Mayo,0.29
Villanueva,Perejil,Mayo,0.26
Villanueva,Perejil,Mayo,0.3
Villanueva,Perejil,Mayo,0.29
Villanueva,Perejil,Mayo,0.25
Villanueva,Perejil,Mayo,0.27
Villanueva,Perejil,Mayo,0.26
Villanueva,Perejil,Mayo,0.26
Villanueva,Perejil,Mayo,0.26
Villanueva,Perejil,Mayo,0.28
Villanueva,Perejil,Mayo,0.28
Villanueva,Perejil,Mayo,0.27
Villanueva,Perejil,Mayo,0.3
Villanueva,Perejil,Mayo,0.28
Villanueva,Perejil,Mayo,0.27
Villanueva,Frijol,Mayo,0.01
Villanueva,Frijol,Mayo,0.01
Villanueva,Maiz Blanco,Mayo,0.35
Villanueva,Maiz Amarillo,Diciembre,0.31
Villanueva,Maiz Amarillo,Diciembre,0.32
Villanueva,Yuca,Marzo,1.38
Villanueva,Pina,Agosto,2.26
Villanueva,Yuca,Marzo,1.4
Villanueva,Maiz Blanco,Mayo,0.37
Villanueva,Maiz Amarillo,Diciembre,0.34
Villanueva,Yuca,Marzo,1.41
Villanueva,Yuca,Marzo,1.37
Villanueva,Yuca,Marzo,1.34
Villanueva,Yuca,Marzo,1.39
Villanueva,Maiz Amarillo,Diciembre,0.35
Villanueva,Pina,Septiembre,2.26
Villanueva,Frijol,Mayo,2.09
Villanueva,Maiz Amarillo,Noviembre,0.31
Villanueva,Maiz Amarillo,Noviembre,0.31
Villanueva,Frijol,Mayo,2.13
Villanueva,Maiz Amarillo,Noviembre,0.33
Villanueva,Maiz Amarillo,Noviembre,0.32
Villanueva,Frijol,Mayo,0.01
Villanueva,Maiz Amarillo,Mayo,0.32
Villanueva,Pina,Septiembre,2.26
Villanueva,Frijol,Mayo,0.01
Villanueva,Maiz Blanco,Mayo,0.32
Villanueva,Frijol,Mayo,0.01
Villanueva,Maiz Blanco,Mayo,0.33
Villanueva,Maiz Amarillo,Diciembre,0.33
Villanueva,Pina,Agosto,2.26
Villanueva,Frijol,Mayo,0.01
Villanueva,Pina,Agosto,2.26
Villanueva,Pina,Agosto,2.26
Villanueva,Pina,Agosto,2.26
Villanueva,Maiz Amarillo,Diciembre,0.35
Villanueva,Pina,Agosto,2.26
Villanueva,Yuca,Marzo,1.31
Villanueva,Yuca,Marzo,1.38
Villanueva,Maiz Amarillo,Mayo,0.33
Villanueva,Pina,Septiembre,2.26
Villanueva,Frijol,Mayo,0.01
Villanueva,Maiz Blanco,Diciembre,0.36
Villanueva,Pina,Septiembre,2.26
Villanueva,Pina,Septiembre,2.26
Villanueva,Pina,Septiembre,2.26
Villanueva,Yuca,Marzo,1.35
Villanueva,Pina,Agosto,2.26
Villanueva,Maiz Amarillo,Junio,0.33
Villanueva,Pina,Septiembre,2.26
Villanueva,Frijol,Mayo,2.26
Villanueva,Pina,Septiembre,2.26
Villanueva,Pina,Agosto,2.26
Villanueva,Pina,Octubre,2.26
Villanueva,Maiz Amarillo,Diciembre,0.31
Villanueva,Pina,Agosto,2.26
Villanueva,Maiz Blanco,Mayo,0.35
Villanueva,Maiz Blanco,Mayo,0.34
Villanueva,Pina,Agosto,2.26
Villanueva,Maiz Blanco,Junio,0.36
Villanueva,Frijol,Mayo,1.87
Villanueva,Maiz Blanco,Junio,0.32
Villanueva,Perejil,Mayo,0.25
Villanueva,Perejil,Mayo,0.28
Villanueva,Perejil,Mayo,0.28
Villanueva,Perejil,Mayo,0.28
Villanueva,Perejil,Mayo,0.29
Villanueva,Perejil,Mayo,0.28
Villanueva,Perejil,Mayo,0.28
Villanueva,Perejil,Mayo,0.25
Villanueva,Perejil,Mayo,0.29
Villanueva,Perejil,Mayo,0.26
Villanueva,Perejil,Mayo,0.29
Villanueva,Perejil,Mayo,0.29
Villanueva,Perejil,Mayo,0.25
Villanueva,Perejil,Mayo,0.28
Villanueva,Perejil,Mayo,0.28
Villanueva,Perejil,Mayo,0.25
Villanueva,Perejil,Mayo,0.3
Villanueva,Perejil,Mayo,0.25
Villanueva,Maiz Amarillo,Junio,0.32
Villanueva,Pina,Octubre,2.26
Villanueva,Perejil,Mayo,0.29
Villanueva,Perejil,Mayo,0.26
Villanueva,Perejil,Mayo,0.26
Villanueva,Perejil,Mayo,0.26
Villanueva,Perejil,Mayo,0.29
Villanueva,Perejil,Mayo,0.27
Villanueva,Perejil,Mayo,0.28
Villanueva,Maiz Amarillo,Noviembre,0.34
Villanueva,Frijol,Mayo,1.93
Villanueva,Maiz Amarillo,Noviembre,0.32
Villanueva,Maiz Blanco,Diciembre,0.33
Villanueva,Platano,Junio,0.64
Villanueva,Yuca,Marzo,1.38
Villanueva,Pina,Agosto,2.26
Villanueva,Maiz Blanco,Mayo,0.31
Villanueva,Maiz Amarillo,Diciembre,0.33
Villanueva,Maiz Amarillo,Diciembre,0.32
Villanueva,Maiz Blanco,Diciembre,0.35
Villanueva,Yuca,Septiembre,1.33
Villanueva,Frijol,Mayo,0.01
Villanueva,Frijol,Mayo,0.01
Villanueva,Frijol,Mayo,0.01
Villanueva,Frijol,Mayo,0.01
Villanueva,Frijol,Mayo,0.01
Villanueva,Pina,Septiembre,2.26
Villanueva,Pina,Septiembre,2.26
Villanueva,Pina,Septiembre,2.26
Villanueva,Pina,Septiembre,2.26
Villanueva,Perejil,Mayo,0.28
Villanueva,Perejil,Mayo,0.29
Villanueva,Perejil,Mayo,0.28
Villanueva,Perejil,Mayo,0.29
Villanueva,Perejil,Mayo,0.29
Villanueva,Pina,Septiembre,2.26
Villanueva,Pina,Septiembre,2.26
Villanueva,Frijol,Mayo,0.01
Villanueva,Platano,Junio,0.64
Villanueva,Yuca,Marzo,1.36
Villanueva,Yuca,Marzo,1.33
Villanueva,Pina,Agosto,2.26
Villanueva,Pina,Septiembre,2.26
Villanueva,Pina,Septiembre,2.26
Villanueva,Pina,Septiembre,2.26
Villanueva,Maiz Amarillo,Mayo,0.35
Villanueva,Yuca,Marzo,1.33
Villanueva,Frijol,Mayo,0.01
Villanueva,Pina,Septiembre,2.26
Villanueva,Pina,Septiembre,2.26
Villanueva,Maiz Amarillo,Mayo,0.31
Villanueva,Perejil,Mayo,0.28
Villanueva,Perejil,Mayo,0.29
Villanueva,Pina,Octubre,2.26
Villanueva,Pina,Septiembre,2.26
Villanueva,Frijol,Mayo,0.01
Villanueva,Maiz Blanco,Mayo,0.34
Villanueva,Yuca,Marzo,1.41
Villanueva,Pina,Septiembre,2.26
Villanueva,Maiz Blanco,Diciembre,0.33
Villanueva,Pina,Agosto,2.26
Villanueva,Maiz Blanco,Mayo,0.32
Villanueva,Pina,Septiembre,2.26
Villanueva,Yuca,Marzo,1.34
Villanueva,Maiz Amarillo,Mayo,0.31
Villanueva,Pina,Septiembre,2.26
Villanueva,Perejil,Mayo,0.25
Villanueva,Pina,Septiembre,2.26
Villanueva,Maiz Amarillo,Mayo,0.31
Villanueva,Pina,Septiembre,2.26
Villanueva,Frijol,Mayo,0.01
Villanueva,Maiz Blanco,Diciembre,0.35
Villanueva,Maiz Amarillo,Diciembre,0.33
Villanueva,Pina,Agosto,2.26
Villanueva,Arveja verde,Marzo,0.86
Villanueva,Pina,Septiembre,2.26
Villanueva,Maiz Amarillo,Mayo,0.33
Villanueva,Perejil,Mayo,0.28
Villanueva,Tomate,Marzo,2.1
Villanueva,Pina,Octubre,2.26
Villanueva,Maiz Amarillo,Junio,0.33
Villanueva,Frijol,Junio,2.04
Villanueva,Pina,Agosto,2.26
Villanueva,Maiz Amarillo,Mayo,0.3
Villanueva,Frijol,Mayo,0.01
Villanueva,Frijol,Mayo,0.01
Villanueva,Pina,Septiembre,2.26
Villanueva,Maiz Blanco,Mayo,0.36
Villanueva,Pina,Septiembre,2.26
Villanueva,Maiz Amarillo,Junio,0.33
Villanueva,Pina,Octubre,2.26
Villanueva,Pina,Octubre,2.26
Villanueva,Pina,Septiembre,2.26
Villanueva,Maiz Blanco,Mayo,0.36
Villanueva,Frijol,Mayo,0.01
Villanueva,Pina,Septiembre,2.26
Villanueva,Pina,Septiembre,2.26
Villanueva,Pina,Septiembre,2.26
Villanueva,Maiz Blanco,Diciembre,0.37
Villanueva,Maiz Blanco,Diciembre,0.32
Villanueva,Maiz Blanco,Diciembre,0.36
Villanueva,Pina,Agosto,2.26
Villanueva,Yuca,Marzo,1.28
Villanueva,Yuca,Marzo,1.39
Villanueva,Yuca,Marzo,1.32
Villanueva,Pina,Agosto,2.26
Villanueva,Maiz Amarillo,Diciembre,0.33
Villanueva,Perejil,Octubre,0.26
Villanueva,Pina,Agosto,2.26
Villanueva,Maiz Blanco,Mayo,0.35
Villanueva,Frijol,Mayo,0.01
Villanueva,Pina,Septiembre,2.26
Villanueva,Pina,Septiembre,2.26
Villanueva,Maiz Blanco,Mayo,0.35
Villanueva,Frijol,Mayo,0.01
Villanueva,Pina,Septiembre,2.26
Villanueva,Pina,Septiembre,2.26
Villanueva,Pina,Septiembre,2.26
Villanueva,Yuca,Marzo,1.27
Villanueva,Pina,Agosto,2.26
Villanueva,Maiz Amarillo,Junio,0.31
Villanueva,Maiz Amarillo,Diciembre,0.31
Villanueva,Pina,Agosto,2.26
Villanueva,Pina,Septiembre,2.26
Villanueva,Perejil,Mayo,0.27
Villanueva,Perejil,Mayo,0.29
Villanueva,Pina,Agosto,2.26
Villanueva,Maiz Blanco,Mayo,0.33
Villanueva,Frijol,Mayo,0.01
Villanueva,Pina,Septiembre,2.26
Villanueva,Pina,Septiembre,2.26
Villanueva,Maiz Amarillo,Mayo,0.32
Villanueva,Pina,Septiembre,2.26
Villanueva,Frijol,Mayo,0.01
Villanueva,Pina,Septiembre,2.26
Villanueva,Maiz Blanco,Diciembre,0.37
Villanueva,Pina,Octubre,2.26
Villanueva,Yuca,Marzo,1.32
Villanueva,Frijol,Mayo,0.01
Villanueva,Pina,Septiembre,2.26
Villanueva,Maiz Amarillo,Mayo,0.33
Villanueva,Frijol,Mayo,0.01
Villanueva,Frijol,Mayo,0.01
Villanueva,Maiz Blanco,Mayo,0.36
Villanueva,Pina,Septiembre,2.26
Villanueva,Maiz Blanco,Mayo,0.34
Villanueva,Frijol,Mayo,0.01
Villanueva,Pina,Septiembre,2.26
Villanueva,Cana panelera,Junio,0.65
Villanueva,Pina,Agosto,2.26
Villanueva,Frijol,Mayo,0.01
Villanueva,Pina,Septiembre,2.26
Villanueva,Pina,Septiembre,2.26
Villanueva,Frijol,Mayo,0.01
Villanueva,Frijol,Mayo,0.01
Villanueva,Frijol,Mayo,0.01
Villanueva,Pina,Septiembre,2.26
Villanueva,Pina,Septiembre,2.26
Villanueva,Pina,Septiembre,2.26
Villanueva,Maiz Amarillo,Diciembre,0.32
Villanueva,Pina,Agosto,2.26
Villanueva,Frijol,Mayo,0.01
Villanueva,Frijol,Marzo,0.01
Villanueva,Pina,Octubre,2.26
Villanueva,Pina,Octubre,2.26
Villanueva,Frijol,Mayo,0.01
Villanueva,Maiz Blanco,Mayo,0.32
Villanueva,Pina,Septiembre,2.26
Villanueva,Pina,Septiembre,2.26
Villanueva,Yuca,Marzo,1.24
Villanueva,Frijol,Mayo,0.01
Villanueva,Maiz Amarillo,Mayo,0.32
Villanueva,Pina,Septiembre,2.26
Villanueva,Frijol,Mayo,0.01
Villanueva,Pina,Septiembre,2.26
Villanueva,Maiz Amarillo,Mayo,0.35
Villanueva,Pina,Septiembre,2.26
Villanueva,Frijol,Mayo,0.01
Villanueva,Frijol,Mayo,0.01
Villanueva,Maiz Blanco,Mayo,0.32
Villanueva,Maiz Amarillo,Diciembre,0.35
Villanueva,Yuca,Marzo,1.26
Villanueva,Pina,Agosto,2.26
Villanueva,Maiz Blanco,Mayo,0.35
Villanueva,Frijol,Mayo,0.01
Villanueva,Yuca,Marzo,1.36
Villanueva,Yuca,Marzo,1.29
Villanueva,Maiz Amarillo,Mayo,0.31
Villanueva,Maiz Amarillo,Diciembre,0.32
Villanueva,Pina,Agosto,2.26
Villanueva,Pina,Septiembre,2.26
Villanueva,Pina,Septiembre,2.26
Villanueva,Pina,Septiembre,2.26
Villanueva,Pina,Agosto,2.26
Villanueva,Pina,Agosto,2.26
Villanueva,Pina,Septiembre,2.26
Villanueva,Maiz Blanco,Diciembre,0.35
Villanueva,Maiz Amarillo,Diciembre,0.33
Villanueva,Maiz Blanco,Diciembre,0.36
Villanueva,Frijol,Mayo,0.01
Villanueva,Maiz Amarillo,Mayo,0.32
Villanueva,Yuca,Marzo,1.35
Villanueva,Pina,Septiembre,2.26
Villanueva,Frijol,Mayo,0.01
Villanueva,Yuca,Marzo,1.32
Villanueva,Yuca,Marzo,1.3
Villanueva,Yuca,Marzo,1.34
Villanueva,Yuca,Marzo,1.34
Villanueva,Yuca,Marzo,1.26
Villanueva,Frijol,Mayo,0.01
Villanueva,Maiz Blanco,Mayo,0.35
Villanueva,Pina,Septiembre,2.26
Villanueva,Frijol,Mayo,0.01
Villanueva,Maiz Blanco,Mayo,0.33
Villanueva,Pina,Septiembre,2.26
Villanueva,Frijol,Junio,2.28
Villanueva,Maiz Amarillo,Junio,0.33
Villanueva,Perejil,Mayo,0.26
Villanueva,Perejil,Mayo,0.29
Villanueva,Maiz Amarillo,Mayo,0.31
Villanueva,Pina,Septiembre,2.26
Villanueva,Frijol,Mayo,0.01
Villanueva,Maiz Blanco,Mayo,0.36
Villanueva,Pina,Septiembre,2.26
Villanueva,Maiz Blanco,Diciembre,0.36
Villanueva,Pina,Agosto,2.26
Villanueva,Pina,Agosto,2.26
Villanueva,Maiz Amarillo,Mayo,0.32
Villanueva,Maracuya,Septiembre,0.3
Villanueva,Cebolla cabezona,Mayo,1.33
Villanueva,Maiz Amarillo,Mayo,0.29
Villanueva,Pina,Septiembre,2.26
Villanueva,Maiz Blanco,Mayo,0.37
Villanueva,Frijol,Mayo,0.01
Villanueva,Maiz Blanco,Mayo,0.33
Villanueva,Frijol,Mayo,0.01
Villanueva,Pina,Septiembre,2.26
Villanueva,Frijol,Mayo,0.01
Villanueva,Maiz Blanco,Mayo,0.32
Villanueva,Maiz Blanco,Mayo,0.34
Villanueva,Pina,Septiembre,2.26
Villanueva,Maiz Blanco,Mayo,0.33
Villanueva,Frijol,Mayo,0.01
Villanueva,Pina,Septiembre,2.26
Villanueva,Pina,Septiembre,2.26
Villanueva,Pina,Septiembre,2.26
Villanueva,Maiz Amarillo,Diciembre,0.3
Villanueva,Pina,Agosto,2.26
Villanueva,Maiz Amarillo,Mayo,0.29
Villanueva,Pina,Septiembre,2.26
Villanueva,Pina,Septiembre,2.26
Villanueva,Frijol,Mayo,0.01
Villanueva,Pina,Agosto,2.26
Villanueva,Maiz Amarillo,Mayo,0.33
Villanueva,Perejil,Mayo,0.29
Villanueva,Maiz Amarillo,Mayo,0.32
Villanueva,Frijol,Mayo,0.01
Villanueva,Pina,Septiembre,2.26
Villanueva,Maiz Amarillo,Mayo,0.34
Villanueva,Pina,Septiembre,2.26
Villanueva,Frijol,Mayo,0.01
Villanueva,Tomate,Mayo,2.1
Villanueva,Tomate,Mayo,2.1
Villanueva,Pina,Septiembre,2.26
Villanueva,Pina,Septiembre,2.26
Villanueva,Pina,Septiembre,2.26
Villanueva,Pina,Agosto,2.26
Villanueva,Frijol,Mayo,0.01
Villanueva,Maiz Blanco,Mayo,0.36
Villanueva,Maracuya,Septiembre,0.3
Villanueva,Pina,Septiembre,2.26
Villanueva,Pina,Septiembre,2.26
Villanueva,Frijol,Mayo,2.1
Villanueva,Pina,Septiembre,2.26
Villanueva,Pina,Septiembre,2.26
Villanueva,Yuca,Marzo,1.38
Villanueva,Yuca,Marzo,1.33
Villanueva,Pina,Septiembre,2.26
Villanueva,Pina,Septiembre,2.26
Villanueva,Maiz Amarillo,Mayo,0.3
Villanueva,Frijol,Mayo,0.01
Villanueva,Yuca,Marzo,1.4
Villanueva,Frijol,Mayo,0.01
Villanueva,Frijol,Mayo,0.01
Villanueva,Maiz Amarillo,Mayo,0.32
Villanueva,Pina,Septiembre,2.26
Villanueva,Frijol,Mayo,0.01
Villanueva,Frijol,Marzo,0.01
Villanueva,Frijol,Mayo,0.01
Villanueva,Pina,Agosto,2.26
Villanueva,Maiz Amarillo,Diciembre,0.31
Villanueva,Frijol,Mayo,2.12
Villanueva,Maiz Amarillo,Diciembre,0.35
Villanueva,Maiz Amarillo,Mayo,0.33
Villanueva,Frijol,Mayo,0.01
Villanueva,Maiz Amarillo,Mayo,0.33
Villanueva,Frijol,Mayo,0.01
Villanueva,Pina,Septiembre,2.26
Villanueva,Frijol,Mayo,0.01
Villanueva,Pina,Agosto,2.26
Villanueva,Pina,Septiembre,2.26
Villanueva,Frijol,Marzo,0.01
Villanueva,Pina,Octubre,2.26
Villanueva,Frijol,Mayo,0.01
Villanueva,Pina,Septiembre,2.26
Villanueva,Pina,Septiembre,2.26
Villanueva,Frijol,Mayo,0.01
Villanueva,Pina,Septiembre,2.26
Villanueva,Maiz Blanco,Mayo,0.37
Villanueva,Frijol,Mayo,0.01
Villanueva,Pina,Septiembre,2.26
Villanueva,Pina,Septiembre,2.26
Villanueva,Maiz Blanco,Diciembre,0.34
Villanueva,Cana panelera,Junio,0.5
Villanueva,Papaya,Junio,3.06
Villanueva,Maiz Amarillo,Diciembre,0.3
Villanueva,Papaya,Julio,3.06
Villanueva,Maiz Blanco,Mayo,0.36
Villanueva,Frijol,Mayo,0.01
Villanueva,Pina,Septiembre,2.26
Villanueva,Frijol,Mayo,0.01
Villanueva,Pina,Septiembre,2.26
Villanueva,Pina,Agosto,2.26
Villanueva,Maiz Blanco,Mayo,0.34
Villanueva,Frijol,Mayo,0.01
Villanueva,Pina,Agosto,2.26
Villanueva,Yuca,Febrero,1.32
Villanueva,Frijol,Marzo,0.01
Villanueva,Pina,Octubre,2.26
Villanueva,Pina,Agosto,2.26
Villanueva,Maiz Blanco,Mayo,0.32
Villanueva,Maiz Amarillo,Mayo,0.33
Villanueva,Yuca,Marzo,1.27
Villanueva,Platano,Junio,0.64
Villanueva,Pina,Agosto,2.26
Villanueva,Pina,Septiembre,2.26
Villanueva,Maiz Blanco,Junio,0.36
Villanueva,Yuca,Septiembre,1.3
Villanueva,Pina,Octubre,2.26
Villanueva,Maiz Blanco,Diciembre,0.34
Villanueva,Cana panelera,Junio,0.5
Villanueva,Pina,Septiembre,2.26
Villanueva,Pina,Septiembre,2.26
Villanueva,Pina,Septiembre,2.26
Villanueva,Pina,Agosto,2.26
Villanueva,Maiz Amarillo,Mayo,0.32
Villanueva,Pina,Septiembre,2.26
Villanueva,Frijol,Mayo,0.01
Villanueva,Maiz Blanco,Mayo,0.35
Villanueva,Yuca,Marzo,1.36
Villanueva,Frijol,Mayo,0.01
Villanueva,Yuca,Marzo,1.25
Villanueva,Pina,Agosto,2.26
Villanueva,Pina,Septiembre,2.26
Villanueva,Maiz Amarillo,Mayo,0.31
Villanueva,Frijol,Mayo,0.01
Villanueva,Frijol,Mayo,0.01
Villanueva,Maiz Blanco,Mayo,0.35
Villanueva,Pina,Septiembre,2.26
Villanueva,Pina,Septiembre,2.26
Villanueva,Pina,Septiembre,2.26
Villanueva,Pina,Septiembre,2.26
Villanueva,Pina,Septiembre,2.26
Villanueva,Maiz Blanco,Diciembre,0.34
Villanueva,Pina,Septiembre,2.26
Villanueva,Maiz Amarillo,Mayo,0.35
Villanueva,Pina,Septiembre,2.26
Villanueva,Perejil,Mayo,0.27
Villanueva,Perejil,Mayo,0.29
Villanueva,Perejil,Mayo,0.27
Villanueva,Frijol,Mayo,0.01
Villanueva,Yuca,Marzo,1.39
Villanueva,Pina,Septiembre,2.26
Villanueva,Yuca,Marzo,1.38
Villanueva,Frijol,Mayo,0.01
Villanueva,Maiz Blanco,Mayo,0.33
Villanueva,Frijol,Mayo,0.01
Villanueva,Frijol,Marzo,0.01
Villanueva,Frijol,Marzo,0.01
Villanueva,Pina,Septiembre,2.26
Villanueva,Maiz Amarillo,Mayo,0.32
Villanueva,Pina,Septiembre,2.26
Villanueva,Frijol,Mayo,0.01
Villanueva,Frijol,Mayo,0.01
Villanueva,Maiz Blanco,Mayo,0.33
Villanueva,Pina,Septiembre,2.26
Villanueva,Yuca,Marzo,1.3
Villanueva,Maiz Blanco,Mayo,0.36
Villanueva,Pina,Septiembre,2.26
Villanueva,Yuca,Febrero,1.38
Villanueva,Frijol,Junio,1.96
Villanueva,Frijol,Junio,2.2
Villanueva,Maiz Amarillo,Mayo,0.34
Villanueva,Maiz Amarillo,Mayo,0.3
Villanueva,Perejil,Mayo,0.28
Villanueva,Perejil,Mayo,0.28
Villanueva,Perejil,Mayo,0.27
Villanueva,Perejil,Mayo,0.28
Villanueva,Perejil,Mayo,0.3
Villanueva,Perejil,Mayo,0.29
Villanueva,Perejil,Mayo,0.27
Villanueva,Perejil,Mayo,0.26
Villanueva,Perejil,Mayo,0.28
Villanueva,Perejil,Mayo,0.26
Villanueva,Perejil,Mayo,0.28
Villanueva,Perejil,Mayo,0.28
Villanueva,Perejil,Mayo,0.27
Villanueva,Perejil,Mayo,0.27
Villanueva,Perejil,Mayo,0.28
Villanueva,Perejil,Mayo,0.27
Villanueva,Perejil,Mayo,0.28
Villanueva,Perejil,Mayo,0.28
Villanueva,Perejil,Mayo,0.28
Villanueva,Perejil,Mayo,0.26
Villanueva,Perejil,Mayo,0.28
Villanueva,Perejil,Mayo,0.28
Villanueva,Perejil,Mayo,0.29
Villanueva,Perejil,Mayo,0.3
Villanueva,Perejil,Mayo,0.27
Villanueva,Perejil,Mayo,0.28
Villanueva,Perejil,Mayo,0.28
Villanueva,Perejil,Mayo,0.28
Villanueva,Perejil,Mayo,0.3
Villanueva,Perejil,Mayo,0.27
Villanueva,Perejil,Mayo,0.28
Villanueva,Perejil,Mayo,0.26
Villanueva,Perejil,Mayo,0.3
Villanueva,Perejil,Mayo,0.26
Villanueva,Perejil,Mayo,0.29
Villanueva,Perejil,Mayo,0.27
Villanueva,Perejil,Mayo,0.27
Villanueva,Perejil,Mayo,0.26
Villanueva,Perejil,Mayo,0.29
Villanueva,Perejil,Mayo,0.28
Villanueva,Perejil,Mayo,0.27
Villanueva,Perejil,Mayo,0.27
Villanueva,Perejil,Mayo,0.28
Villanueva,Perejil,Mayo,0.29
Villanueva,Perejil,Mayo,0.29
Villanueva,Perejil,Mayo,0.26
Villanueva,Perejil,Mayo,0.28
Villanueva,Perejil,Mayo,0.26
Villanueva,Perejil,Mayo,0.28
Villanueva,Perejil,Mayo,0.29
Villanueva,Perejil,Mayo,0.29
Villanueva,Perejil,Mayo,0.28
Villanueva,Perejil,Mayo,0.3
Villanueva,Perejil,Mayo,0.28
Villanueva,Frijol,Abril,2.29
Villanueva,Frijol,Mayo,0.01
Villanueva,Maiz Blanco,Mayo,0.35
Villanueva,Pina,Septiembre,2.26
Villanueva,Frijol,Mayo,0.01
Villanueva,Pina,Septiembre,2.26
Villanueva,Maiz Blanco,Mayo,0.34
Villanueva,Yuca,Marzo,1.33
Villanueva,Yuca,Marzo,1.37
Villanueva,Frijol,Marzo,0.01
Villanueva,Maiz Amarillo,Mayo,0.32
Villanueva,Pina,Agosto,2.26
Villanueva,Perejil,Octubre,0.27
Villanueva,Perejil,Octubre,0.26
Villanueva,Perejil,Octubre,0.29
Villanueva,Mijo,Febrero,0.02
Villanueva,Maiz Amarillo,Mayo,0.3
Villanueva,Frijol,Mayo,0.01
Villanueva,Yuca,Marzo,1.27
Villanueva,Yuca,Marzo,1.32
Villanueva,Yuca,Marzo,1.28
Villanueva,Maiz Amarillo,Mayo,0.3
Villanueva,Frijol,Mayo,0.01
Villanueva,Frijol,Mayo,0.01
Villanueva,Maiz Blanco,Mayo,0.32
Villanueva,Pina,Septiembre,2.26
Villanueva,Pina,Septiembre,2.26
Villanueva,Maiz Amarillo,Mayo,0.33
Villanueva,Perejil,Mayo,0.27
Villanueva,Perejil,Mayo,0.3
Villanueva,Maiz Amarillo,Mayo,0.32
Villanueva,Pina,Septiembre,2.26
Villanueva,Perejil,Mayo,0.26
Villanueva,Frijol,Junio,2.03
Villanueva,Cana panelera,Julio,0.5
Villanueva,Maiz Blanco,Mayo,0.35
Villanueva,Frijol,Mayo,0.01
Villanueva,Pina,Septiembre,2.26
Villanueva,Frijol,Mayo,0.01
Villanueva,Maiz Blanco,Mayo,0.33
Villanueva,Pina,Septiembre,2.26
Villanueva,Frijol,Marzo,0.01
Villanueva,Yuca,Marzo,1.41
Villanueva,Perejil,Mayo,0.28
Villanueva,Perejil,Mayo,0.28
Villanueva,Maiz Amarillo,Junio,0.32
Villanueva,Pina,Septiembre,2.26
Villanueva,Perejil,Mayo,0.29
Villanueva,Perejil,Mayo,0.29
Villanueva,Maiz Amarillo,Mayo,0.32
Villanueva,Perejil,Mayo,0.3
Villanueva,Perejil,Mayo,0.29
Villanueva,Cana panelera,Julio,0.66
Villanueva,Frijol,Mayo,0.01
Villanueva,Maiz Blanco,Mayo,0.32
Villanueva,Frijol,Mayo,0.01
Villanueva,Pina,Septiembre,2.26
Villanueva,Maiz Blanco,Mayo,0.37
Villanueva,Mijo,Febrero,0.02
Villanueva,Yuca,Marzo,1.2
Villanueva,Pina,Septiembre,2.26
Villanueva,Maiz Blanco,Junio,0.33
Villanueva,Maiz Blanco,Junio,0.37
Villanueva,Frijol,Mayo,2.19
Villanueva,Frijol,Mayo,2.12
Villanueva,Maiz Amarillo,Junio,0.33
Villanueva,Pina,Octubre,2.26
Villanueva,Frijol,Mayo,0.01
Villanueva,Maiz Blanco,Mayo,0.34
Villanueva,Pina,Septiembre,2.26
Villanueva,Yuca,Noviembre,0.22
Villanueva,Pina,Octubre,2.26
Villanueva,Frijol,Marzo,0.01
Villanueva,Pina,Octubre,2.26
Villanueva,Cana panelera,Junio,0.5
Villanueva,Yuca,Marzo,1.3
Villanueva,Yuca,Marzo,1.31
Villanueva,Maiz Amarillo,Mayo,0.33
Villanueva,Frijol,Mayo,0.01
Villanueva,Frijol,Mayo,0.01
Villanueva,Frijol,Junio,2.19
Villanueva,Maiz Amarillo,Mayo,0.34
Villanueva,Maiz Amarillo,Mayo,0.3
Villanueva,Frijol,Marzo,0.01
Villanueva,Maiz Amarillo,Junio,0.31
Villanueva,Frijol,Marzo,0.01
Villanueva,Pina,Octubre,2.26
Villanueva,Maiz Amarillo,Diciembre,0.34
Villanueva,Yuca,Marzo,1.38
Villanueva,Pina,Agosto,2.26
Villanueva,Frijol,Mayo,0.01
Villanueva,Frijol,Mayo,0.01
Villanueva,Pina,Octubre,2.26
Villanueva,Pina,Septiembre,2.26
Villanueva,Maiz Blanco,Mayo,0.33
Villanueva,Pina,Septiembre,2.26
Villanueva,Frijol,Mayo,0.01
Villanueva,Maiz Amarillo,Mayo,0.35
Villanueva,Pina,Septiembre,2.26
Villanueva,Pina,Septiembre,2.26
Villanueva,Maiz Blanco,Junio,0.3
Villanueva,Frijol,Julio,2.07
Villanueva,Maiz Blanco,Junio,0.36
Villanueva,Yuca,Septiembre,1.3
Villanueva,Maiz Blanco,Mayo,0.31
Villanueva,Pina,Septiembre,2.26
Villanueva,Maiz Blanco,Diciembre,0.37
Villanueva,Yuca,Marzo,1.31
Villanueva,Yuca,Marzo,1.41
Villanueva,Yuca,Marzo,1.3
Villanueva,Yuca,Marzo,1.32
Villanueva,Yuca,Marzo,1.31
Villanueva,Pina,Agosto,2.26
Villanueva,Maiz Blanco,Diciembre,0.37
Villanueva,Platano,Junio,0.64
Villanueva,Cana panelera,Junio,0.5
Villanueva,Maiz Amarillo,Diciembre,0.31
Villanueva,Maiz Amarillo,Mayo,0.31
Villanueva,Frijol,Mayo,0.01
Villanueva,Pina,Septiembre,2.26
Villanueva,Pina,Septiembre,2.26
Villanueva,Pina,Septiembre,2.26
Villanueva,Frijol,Mayo,0.01
Villanueva,Maiz Blanco,Mayo,0.33
Villanueva,Frijol,Mayo,0.01
Villanueva,Maiz Blanco,Diciembre,0.32
Villanueva,Ahuyama,Septiembre,2.13
Villanueva,Yuca,Febrero,1.4
Villanueva,Pina,Agosto,2.26
Villanueva,Frijol,Mayo,0.01
Villanueva,Maiz Amarillo,Mayo,0.32
Villanueva,Perejil,Mayo,0.31
Villanueva,Perejil,Mayo,0.28
Villanueva,Perejil,Mayo,0.29
Villanueva,Perejil,Mayo,0.28
Villanueva,Perejil,Mayo,0.3
Villanueva,Perejil,Mayo,0.24
Villanueva,Perejil,Mayo,0.31
Villanueva,Perejil,Mayo,0.3
Villanueva,Perejil,Mayo,0.28
Villanueva,Perejil,Mayo,0.29
Villanueva,Perejil,Mayo,0.29
Villanueva,Perejil,Mayo,0.3
Villanueva,Maiz Amarillo,Noviembre,0.31
Villanueva,Frijol,Abril,2.11
Villanueva,Maiz Amarillo,Noviembre,0.35
Villanueva,Pina,Septiembre,2.26
Villanueva,Maiz Blanco,Mayo,0.34
Villanueva,Frijol,Mayo,0.01
Villanueva,Yuca,Marzo,1.26
Villanueva,Yuca,Marzo,1.23
Villanueva,Maiz Amarillo,Diciembre,0.31
Villanueva,Yuca,Marzo,1.28
Villanueva,Yuca,Marzo,1.35
Villanueva,Yuca,Marzo,1.21
Villanueva,Frijol,Mayo,0.01
Villanueva,Maiz Blanco,Mayo,0.34
Villanueva,Pina,Septiembre,2.26
Villanueva,Maiz Blanco,Mayo,0.35
Villanueva,Frijol,Mayo,0.01
Villanueva,Frijol,Mayo,0.01
Villanueva,Frijol,Mayo,0.01
Villanueva,Frijol,Mayo,0.01
Villanueva,Pina,Octubre,2.26
Villanueva,Frijol,Marzo,0.01
Villanueva,Frijol,Marzo,0.01
Villanueva,Frijol,Marzo,0.01
Villanueva,Pina,Octubre,2.26
Villanueva,Pina,Octubre,2.26
Villanueva,Pina,Octubre,2.26
Villanueva,Yuca,Marzo,1.29
Villanueva,Maiz Amarillo,Mayo,0.32
Villanueva,Frijol,Mayo,0.01
Villanueva,Yuca,Marzo,1.32
Villanueva,Pina,Agosto,2.26
Villanueva,Maiz Blanco,Diciembre,0.33
Villanueva,Yuca,Marzo,1.26
Villanueva,Maiz Amarillo,Junio,0.33
Villanueva,Frijol,Marzo,0.01
Villanueva,Frijol,Marzo,0.01
Villanueva,Maiz Amarillo,Junio,0.32
Villanueva,Frijol,Marzo,0.01
Villanueva,Platano,Julio,0.64
Villanueva,Pina,Septiembre,2.26
Villanueva,Frijol,Mayo,0.01
Villanueva,Pina,Agosto,2.26
Villanueva,Pina,Septiembre,2.26
Villanueva,Yuca,Marzo,1.31
Villanueva,Pina,Septiembre,2.26
Villanueva,Maiz Blanco,Mayo,0.37
Villanueva,Frijol,Mayo,0.01
Villanueva,Yuca,Marzo,1.31
Villanueva,Maiz Amarillo,Mayo,0.29
Villanueva,Frijol,Mayo,0.01
Villanueva,Pina,Septiembre,2.26
Villanueva,Pina,Septiembre,2.26
Villanueva,Maiz Amarillo,Junio,0.31
Villanueva,Pina,Octubre,2.26
Villanueva,Maiz Blanco,Mayo,0.35
Villanueva,Pina,Septiembre,2.26
Villanueva,Yuca,Febrero,1.48
Villanueva,Tomate,Mayo,2.1
Villanueva,Pina,Septiembre,2.26
Villanueva,Yuca,Septiembre,1.33
Villanueva,Yuca,Septiembre,1.32
Villanueva,Maiz Blanco,Mayo,0.36
Villanueva,Frijol,Mayo,0.01
Villanueva,Yuca,Marzo,1.27
Villanueva,Pina,Agosto,2.26
Villanueva,Frijol,Junio,2.18
Villanueva,Frijol,Mayo,0.01
Villanueva,Maiz Amarillo,Mayo,0.29
Villanueva,Pina,Septiembre,2.26
Villanueva,Frijol,Mayo,0.01
Villanueva,Frijol,Mayo,0.01
Villanueva,Maiz Amarillo,Mayo,0.3
Villanueva,Pina,Septiembre,2.26
Villanueva,Frijol,Mayo,0.01
Villanueva,Frijol,Mayo,0.01
Villanueva,Maiz Blanco,Mayo,0.34
Villanueva,Yuca,Marzo,1.31
Villanueva,Pina,Septiembre,2.26
Villanueva,Maiz Amarillo,Diciembre,0.34
Villanueva,Pina,Agosto,2.26
Villanueva,Yuca,Marzo,1.38
Villanueva,Frijol,Mayo,0.01
Villanueva,Maiz Blanco,Mayo,0.34
Villanueva,Frijol,Mayo,0.01
Villanueva,Frijol,Mayo,0.01
Villanueva,Maiz Blanco,Mayo,0.31
Villanueva,Pina,Septiembre,2.26
Villanueva,Pina,Octubre,2.26
Villanueva,Maiz Amarillo,Mayo,0.31
Villanueva,Frijol,Mayo,0.01
Villanueva,Frijol,Mayo,0.01
Villanueva,Pina,Septiembre,2.26
Villanueva,Pina,Septiembre,2.26
Villanueva,Maiz Blanco,Mayo,0.34
Villanueva,Yuca,Marzo,1.27
Villanueva,Yuca,Marzo,1.37
Villanueva,Yuca,Marzo,1.33
Villanueva,Yuca,Marzo,1.42
Villanueva,Pina,Septiembre,2.26
Villanueva,Tomate,Mayo,2.1
Villanueva,Frijol,Mayo,0.01
Villanueva,Pina,Septiembre,2.26
Villanueva,Pina,Septiembre,2.26
Villanueva,Frijol,Mayo,0.01
Villanueva,Pina,Septiembre,2.26
Villanueva,Frijol,Mayo,0.01
Villanueva,Yuca,Marzo,1.26
Villanueva,Pina,Agosto,2.26
Villanueva,Frijol,Junio,2.23
Villanueva,Maiz Amarillo,Mayo,0.33
Villanueva,Frijol,Mayo,0.01
Villanueva,Pina,Septiembre,2.26
Villanueva,Perejil,Mayo,0.29
Villanueva,Frijol,Mayo,0.01
Villanueva,Pina,Septiembre,2.26
Villanueva,Yuca,Marzo,1.41
Villanueva,Yuca,Marzo,1.41
Villanueva,Yuca,Marzo,1.36
Villanueva,Yuca,Marzo,1.35
Villanueva,Maiz Blanco,Mayo,0.33
Villanueva,Frijol,Marzo,0.01
Villanueva,Maiz Blanco,Mayo,0.36
Villanueva,Pina,Septiembre,2.26
Villanueva,Maiz Amarillo,Diciembre,0.3
Villanueva,Pina,Agosto,2.26
Villanueva,Pina,Octubre,2.26
Villanueva,Frijol,Mayo,0.01
Villanueva,Pina,Septiembre,2.26
Villanueva,Frijol,Marzo,0.01
Villanueva,Frijol,Marzo,0.01
Villanueva,Pina,Octubre,2.26
Villanueva,Frijol,Mayo,0.01
Villanueva,Pina,Septiembre,2.26
Villanueva,Yuca,Marzo,1.26
Villanueva,Maiz Blanco,Mayo,0.34
Villanueva,Frijol,Mayo,0.01
Villanueva,Pina,Septiembre,2.26
Villanueva,Maiz Amarillo,Mayo,0.33
Villanueva,Pina,Septiembre,2.26
Villanueva,Pina,Septiembre,2.26
Villanueva,Frijol,Mayo,0.01
Villanueva,Maiz Blanco,Mayo,0.35
Villanueva,Pina,Septiembre,2.26
Villanueva,Perejil,Mayo,0.31
Villanueva,Perejil,Mayo,0.26
Villanueva,Perejil,Mayo,0.29
Villanueva,Perejil,Mayo,0.26
Villanueva,Perejil,Mayo,0.25
Villanueva,Perejil,Mayo,0.28
Villanueva,Perejil,Mayo,0.3
Villanueva,Perejil,Mayo,0.27
Villanueva,Perejil,Mayo,0.27
Villanueva,Perejil,Mayo,0.29
Villanueva,Perejil,Mayo,0.26
Villanueva,Perejil,Mayo,0.28
Villanueva,Perejil,Mayo,0.29
Villanueva,Perejil,Mayo,0.27
Villanueva,Perejil,Mayo,0.27
Villanueva,Perejil,Mayo,0.3
Villanueva,Pina,Septiembre,2.26
Villanueva,Maiz Amarillo,Mayo,0.31
Villanueva,Frijol,Mayo,0.01
Villanueva,Perejil,Mayo,0.28
Villanueva,Perejil,Mayo,0.28
Villanueva,Perejil,Mayo,0.28
Villanueva,Perejil,Mayo,0.28
Villanueva,Perejil,Mayo,0.28
Villanueva,Perejil,Mayo,0.29
Villanueva,Pina,Octubre,2.26
Villanueva,Maiz Amarillo,Mayo,0.31
Villanueva,Yuca,Marzo,1.37
Villanueva,Frijol,Mayo,0.01
Villanueva,Pina,Septiembre,2.26
Villanueva,Maiz Blanco,Mayo,0.34
Villanueva,Frijol,Mayo,0.01
Villanueva,Frijol,Mayo,0.01
Villanueva,Maiz Blanco,Mayo,0.34
Villanueva,Pina,Septiembre,2.26
Villanueva,Yuca,Marzo,1.32
Villanueva,Yuca,Marzo,1.34
Villanueva,Yuca,Marzo,1.34
Villanueva,Maiz Blanco,Mayo,0.36
Villanueva,Frijol,Mayo,0.01
Villanueva,Yuca,Marzo,1.43
Villanueva,Yuca,Marzo,1.31
Villanueva,Yuca,Marzo,1.25
Villanueva,Yuca,Marzo,1.43
Villanueva,Yuca,Marzo,1.33
Villanueva,Pina,Septiembre,2.26
Villanueva,Pina,Septiembre,2.26
Villanueva,Frijol,Mayo,0.01
Villanueva,Maiz Blanco,Mayo,0.34
Villanueva,Frijol,Mayo,0.01
Villanueva,Pina,Septiembre,2.26
Villanueva,Pina,Septiembre,2.26
Villanueva,Frijol,Mayo,2.07
Villanueva,Frijol,Marzo,0.01
Villanueva,Pina,Octubre,2.26
Villanueva,Maiz Amarillo,Mayo,0.32
Villanueva,Frijol,Mayo,0.01
Villanueva,Pina,Septiembre,2.26
Villanueva,Frijol,Mayo,0.01
Villanueva,Maiz Amarillo,Mayo,0.3
Villanueva,Pina,Septiembre,2.26
Villanueva,Maiz Blanco,Mayo,0.36
Villanueva,Frijol,Mayo,0.01
Villanueva,Pina,Septiembre,2.26
Villanueva,Pina,Septiembre,2.26
Villanueva,Maiz Amarillo,Junio,0.34
Villanueva,Frijol,Marzo,0.01
Villanueva,Tomate,Marzo,2.1
Villanueva,Pina,Octubre,2.26
Villanueva,Maiz Blanco,Mayo,0.33
Villanueva,Frijol,Mayo,0.01
Villanueva,Pina,Septiembre,2.26
Villanueva,Perejil,Mayo,0.29
Villanueva,Perejil,Mayo,0.28
Villanueva,Perejil,Mayo,0.27
Villanueva,Perejil,Mayo,0.29
Villanueva,Perejil,Mayo,0.26
Villanueva,Perejil,Mayo,0.27
Villanueva,Perejil,Mayo,0.25
Villanueva,Frijol,Mayo,0.01
Villanueva,Maiz Blanco,Mayo,0.31
Villanueva,Pina,Septiembre,2.26
Villanueva,Yuca,Marzo,1.33
Villanueva,Yuca,Marzo,1.23
Villanueva,Yuca,Marzo,1.3
Villanueva,Yuca,Marzo,1.35
Villanueva,Yuca,Marzo,1.3
Villanueva,Pina,Septiembre,2.26
Villanueva,Yuca,Marzo,1.33
Villanueva,Yuca,Marzo,1.45
Villanueva,Pina,Septiembre,2.26
Villanueva,Yuca,Marzo,1.23
Villanueva,Maiz Blanco,Mayo,0.33
Villanueva,Yuca,Marzo,1.44
Villanueva,Frijol,Mayo,0.01
Villanueva,Pina,Septiembre,2.26
Villanueva,Pina,Septiembre,2.26
Villanueva,Pina,Septiembre,2.26
Villanueva,Frijol,Mayo,0.01
Villanueva,Pina,Septiembre,2.26
Villanueva,Maiz Blanco,Mayo,0.37
Villanueva,Frijol,Mayo,0.01
Villanueva,Maiz Blanco,Mayo,0.35
Villanueva,Pina,Septiembre,2.26
Villanueva,Maiz Blanco,Mayo,0.34
Villanueva,Frijol,Mayo,0.01
Villanueva,Pina,Septiembre,2.26
Villanueva,Maiz Blanco,Mayo,0.35
Villanueva,Pina,Septiembre,2.26
Villanueva,Pina,Septiembre,2.26
Villanueva,Pina,Septiembre,2.26
Villanueva,Yuca,Marzo,1.28
Villanueva,Yuca,Marzo,1.21
Villanueva,Yuca,Marzo,1.25
Villanueva,Yuca,Marzo,1.25
Villanueva,Yuca,Marzo,1.36
Villanueva,Frijol,Mayo,0.01
Villanueva,Maiz Blanco,Mayo,0.34
Villanueva,Pina,Septiembre,2.26
Villanueva,Yuca,Marzo,1.24
Villanueva,Yuca,Marzo,1.21
Villanueva,Maiz Blanco,Mayo,0.31
Villanueva,Frijol,Mayo,0.01
Villanueva,Yuca,Marzo,1.31
Villanueva,Yuca,Marzo,1.25
Villanueva,Yuca,Marzo,1.34
Villanueva,Yuca,Marzo,1.35
Villanueva,Yuca,Marzo,1.26
Villanueva,Yuca,Marzo,1.33
Villanueva,Pina,Septiembre,2.26
Villanueva,Pina,Septiembre,2.26
Villanueva,Frijol,Mayo,0.01
Villanueva,Frijol,Mayo,0.01
Villanueva,Pina,Septiembre,2.26
Villanueva,Pina,Septiembre,2.26
Villanueva,Frijol,Mayo,0.01
Villanueva,Maiz Blanco,Mayo,0.36
Villanueva,Pina,Septiembre,2.26
Villanueva,Yuca,Marzo,1.3
Villanueva,Yuca,Marzo,1.34
Villanueva,Yuca,Marzo,1.46
Villanueva,Maiz Blanco,Mayo,0.34
Villanueva,Pina,Septiembre,2.26
Villanueva,Yuca,Marzo,1.48
Villanueva,Yuca,Marzo,1.35
Villanueva,Maiz Amarillo,Mayo,0.3
Villanueva,Yuca,Marzo,1.36
Villanueva,Yuca,Marzo,1.43
Villanueva,Maracuya,Septiembre,0.3
Villanueva,Pina,Septiembre,2.26
Villanueva,Pina,Octubre,2.26
Villanueva,Frijol,Mayo,0.01
Villanueva,Maiz Blanco,Mayo,0.34
Villanueva,Maiz Blanco,Mayo,0.32
Villanueva,Frijol,Mayo,0.01
Villanueva,Pina,Septiembre,2.26
Villanueva,Yuca,Marzo,1.39
Villanueva,Yuca,Marzo,1.38
Villanueva,Pina,Septiembre,2.26
Villanueva,Maiz Amarillo,Mayo,0.33
Villanueva,Yuca,Septiembre,1.36
Villanueva,Yuca,Septiembre,1.3
Villanueva,Yuca,Septiembre,1.19
Villanueva,Yuca,Septiembre,1.27
Villanueva,Pina,Septiembre,2.26
Villanueva,Maiz Blanco,Mayo,0.31
Villanueva,Pina,Septiembre,2.26
Villanueva,Pina,Agosto,2.26
Villanueva,Frijol,Mayo,0.01
Villanueva,Perejil,Mayo,0.28
Villanueva,Perejil,Mayo,0.27
Villanueva,Perejil,Mayo,0.27
Villanueva,Perejil,Mayo,0.27
Villanueva,Perejil,Mayo,0.3
Villanueva,Perejil,Mayo,0.28
Villanueva,Maiz Amarillo,Mayo,0.32
Villanueva,Pina,Septiembre,2.26
Villanueva,Frijol,Mayo,0.01
Villanueva,Frijol,Mayo,0.01
Villanueva,Maiz Blanco,Mayo,0.33
Villanueva,Pina,Septiembre,2.26
Villanueva,Pina,Septiembre,2.26
Villanueva,Yuca,Marzo,1.42
Villanueva,Pina,Agosto,2.26
Villanueva,Pina,Septiembre,2.26
Villanueva,Maiz Blanco,Mayo,0.35
Villanueva,Pina,Septiembre,2.26
Villanueva,Frijol,Mayo,0.01
Villanueva,Frijol,Mayo,0.01
Villanueva,Frijol,Mayo,0.01
Villanueva,Frijol,Mayo,0.01
Villanueva,Pina,Septiembre,2.26
Villanueva,Pina,Septiembre,2.26
Villanueva,Pina,Septiembre,2.26
Villanueva,Pina,Septiembre,2.26
Villanueva,Frijol,Marzo,0.01
Villanueva,Pina,Octubre,2.26
Villanueva,Pina,Octubre,2.26
Villanueva,Perejil,Mayo,0.25
Villanueva,Perejil,Mayo,0.27
Villanueva,Perejil,Mayo,0.29
Villanueva,Perejil,Mayo,0.31
Villanueva,Perejil,Mayo,0.28
Villanueva,Perejil,Mayo,0.27
Villanueva,Perejil,Mayo,0.28
Villanueva,Maiz Blanco,Mayo,0.35
Villanueva,Maracuya,Agosto,0.3
Villanueva,Pina,Octubre,2.26
Villanueva,Pina,Septiembre,2.26
Villanueva,Pina,Septiembre,2.26
Villanueva,Pina,Septiembre,2.26
Villanueva,Maracuya,Septiembre,0.3
Villanueva,Maiz Amarillo,Mayo,0.3
Villanueva,Frijol,Mayo,0.01
Villanueva,Frijol,Mayo,0.01
Villanueva,Pina,Septiembre,2.26
Villanueva,Arveja verde,Mayo,0.86
Villanueva,Pina,Septiembre,2.26
Villanueva,Habichuela,Octubre,2.13
Villanueva,Maiz Blanco,Diciembre,0.34
Villanueva,Yuca,Marzo,1.27
Villanueva,Pina,Agosto,2.26
Villanueva,Frijol,Mayo,0.01
Villanueva,Maiz Blanco,Mayo,0.33
Villanueva,Yuca,Septiembre,1.29
Villanueva,Pina,Septiembre,2.26
Villanueva,Pina,Septiembre,2.26
Villanueva,Maracuya,Septiembre,0.3
Villanueva,Pina,Septiembre,2.26
Villanueva,Pina,Septiembre,2.26
Villanueva,Frijol,Mayo,0.01
Villanueva,Maiz Amarillo,Diciembre,0.32
Villanueva,Pina,Agosto,2.26
Villanueva,Pina,Agosto,2.26
Villanueva,Maiz Blanco,Mayo,0.38
Villanueva,Frijol,Mayo,0.01
Villanueva,Yuca,Marzo,1.38
Villanueva,Habichuela,Octubre,2.12
Villanueva,Arveja verde,Mayo,0.86
Villanueva,Pina,Septiembre,2.26
Villanueva,Maiz Blanco,Mayo,0.33
Villanueva,Pina,Septiembre,2.26
Villanueva,Maracuya,Septiembre,0.3
Villanueva,Maiz Blanco,Mayo,0.35
Villanueva,Yuca,Marzo,1.39
Villanueva,Pina,Septiembre,2.26
Villanueva,Pina,Septiembre,2.26
Villanueva,Frijol,Mayo,0.01
Villanueva,Maiz Blanco,Mayo,0.35
Villanueva,Pina,Septiembre,2.26
Villanueva,Pina,Octubre,2.26
Villanueva,Frijol,Junio,2.18
Villanueva,Maiz Amarillo,Mayo,0.32
Villanueva,Maiz Amarillo,Mayo,0.34
Villanueva,Maiz Blanco,Mayo,0.33
Villanueva,Maiz Blanco,Diciembre,0.34
Villanueva,Frijol,Marzo,0.01
Villanueva,Pina,Septiembre,2.26
Villanueva,Pina,Septiembre,2.26
Villanueva,Maiz Amarillo,Mayo,0.31
Villanueva,Frijol,Mayo,0.01
Villanueva,Maiz Blanco,Diciembre,0.34
Villanueva,Pina,Septiembre,2.26
Villanueva,Pina,Agosto,2.26
Villanueva,Maiz Blanco,Diciembre,0.35
Villanueva,Frijol,Mayo,0.01
Villanueva,Maiz Amarillo,Mayo,0.31
Villanueva,Maiz Amarillo,Mayo,0.33
Villanueva,Yuca,Septiembre,1.3
Villanueva,Yuca,Septiembre,1.38
Villanueva,Yuca,Septiembre,1.4
Villanueva,Yuca,Septiembre,1.24
Villanueva,Perejil,Mayo,0.27
Villanueva,Perejil,Mayo,0.26
Villanueva,Perejil,Mayo,0.29
Villanueva,Maiz Amarillo,Diciembre,0.32
Villanueva,Maiz Amarillo,Diciembre,0.34
Villanueva,Frijol,Mayo,0.01
Villanueva,Pina,Septiembre,2.26
Villanueva,Maracuya,Septiembre,0.3
Villanueva,Tomate,Mayo,2.1
Villanueva,Pina,Septiembre,2.26
Villanueva,Yuca,Marzo,1.32
Villanueva,Yuca,Marzo,1.39
Villanueva,Yuca,Marzo,1.31
Villanueva,Pina,Septiembre,2.26
Villanueva,Pina,Septiembre,2.26
Villanueva,Sandia - Patilla,Febrero,0.5
Villanueva,Maiz Amarillo,Diciembre,0.29
Villanueva,Maiz Amarillo,Diciembre,0.34
Villanueva,Yuca,Marzo,1.36
Villanueva,Pina,Septiembre,2.26
Villanueva,Frijol,Junio,2.28
Villanueva,Frijol,Mayo,0.01
Villanueva,Maiz Amarillo,Mayo,0.33
Villanueva,Maiz Amarillo,Mayo,0.32
Villanueva,Yuca,Marzo,1.39
Villanueva,Yuca,Marzo,1.32
Villanueva,Maiz Amarillo,Mayo,0.33
Villanueva,Pina,Septiembre,2.26
Villanueva,Pina,Agosto,2.26
Villanueva,Pina,Octubre,2.26
Villanueva,Frijol,Marzo,0.01
Villanueva,Frijol,Marzo,0.01
Villanueva,Pina,Septiembre,2.26
Villanueva,Frijol,Junio,2.17
Villanueva,Maiz Amarillo,Mayo,0.34
Villanueva,Maiz Amarillo,Mayo,0.34
Villanueva,Maiz Blanco,Diciembre,0.34
Villanueva,Yuca,Marzo,1.36
Villanueva,Maiz Amarillo,Diciembre,0.32
Villanueva,Maiz Blanco,Diciembre,0.34
Villanueva,Yuca,Marzo,1.26
Villanueva,Yuca,Septiembre,1.33
Villanueva,Maiz Amarillo,Mayo,0.33
Villanueva,Pina,Septiembre,2.26
Villanueva,Perejil,Mayo,0.27
Villanueva,Frijol,Mayo,0.01
Villanueva,Maiz Amarillo,Mayo,0.31
Villanueva,Perejil,Mayo,0.29
Villanueva,Perejil,Mayo,0.29
Villanueva,Frijol,Mayo,0.01
Villanueva,Frijol,Junio,2.01
Villanueva,Maiz Amarillo,Mayo,0.32
Villanueva,Frijol,Mayo,0.01
Villanueva,Perejil,Mayo,0.27
Villanueva,Perejil,Mayo,0.29
Villanueva,Maiz Amarillo,Mayo,0.32
Villanueva,Frijol,Mayo,0.01
Villanueva,Pina,Septiembre,2.26
Villanueva,Frijol,Marzo,0.01
Villanueva,Pina,Octubre,2.26
Villanueva,Frijol,Junio,2.06
Villanueva,Pina,Octubre,2.26
Villanueva,Pina,Octubre,2.26
Villanueva,Frijol,Marzo,0.01
Villanueva,Pina,Septiembre,2.26
Villanueva,Frijol,Marzo,0.01
Villanueva,Frijol,Mayo,2.04
Villanueva,Maiz Amarillo,Noviembre,0.32
Villanueva,Maiz Amarillo,Noviembre,0.33
Villanueva,Pina,Septiembre,2.26
Villanueva,Maiz Blanco,Diciembre,0.35
Villanueva,Frijol,Mayo,2.13
Villanueva,Cebolla cabezona,Mayo,1.33
Villanueva,Tomate,Mayo,2.1
Villanueva,Frijol,Mayo,0.01
Villanueva,Frijol,Mayo,0.01
Villanueva,Frijol,Mayo,0.01
Villanueva,Frijol,Mayo,0.01
Villanueva,Frijol,Mayo,0.01
Villanueva,Frijol,Mayo,0.01
Villanueva,Frijol,Mayo,0.01
Villanueva,Frijol,Mayo,0.01
Villanueva,Frijol,Mayo,0.01
Villanueva,Frijol,Mayo,0.01
Villanueva,Frijol,Mayo,0.01
Villanueva,Frijol,Mayo,0.01
Villanueva,Frijol,Mayo,0.01
Villanueva,Frijol,Mayo,0.01
Villanueva,Frijol,Mayo,0.01
Villanueva,Frijol,Mayo,0.01
Villanueva,Frijol,Mayo,0.01
Villanueva,Frijol,Mayo,0.01
Villanueva,Frijol,Mayo,0.01
Villanueva,Frijol,Mayo,0.01
Villanueva,Frijol,Mayo,0.01
Villanueva,Frijol,Mayo,0.01
Villanueva,Frijol,Mayo,0.01
Villanueva,Frijol,Mayo,0.01
Villanueva,Frijol,Mayo,0.01
Villanueva,Frijol,Mayo,0.01
Villanueva,Pina,Septiembre,2.26
Villanueva,Pina,Septiembre,2.26
Villanueva,Pina,Septiembre,2.26
Villanueva,Pina,Septiembre,2.26
Villanueva,Pina,Septiembre,2.26
Villanueva,Pina,Septiembre,2.26
Villanueva,Pina,Septiembre,2.26
Villanueva,Pina,Septiembre,2.26
Villanueva,Pina,Septiembre,2.26
Villanueva,Frijol,Mayo,0.01
Villanueva,Maiz Blanco,Mayo,0.37
Villanueva,Pina,Septiembre,2.26
